http://id.who.int/icd/entity/850137482	http://id.who.int/icd/release/11/mms/850137482			"External causes of morbidity or mortality"	chapter	1	False	23	"=hyperlink(""https://icd.who.int/browse11/l-m/en#/http%3A%2F%2Fid.who.int%2Ficd%2Fentity%2F850137482"",""browser"")"	False						
http://id.who.int/icd/entity/980862652	http://id.who.int/icd/release/11/mms/980862652		BlockL1-PA0	"- Unintentional causes"	block	1	False	23	"=hyperlink(""https://icd.who.int/browse11/l-m/en#/http%3A%2F%2Fid.who.int%2Ficd%2Fentity%2F980862652"",""browser"")"	False						
http://id.who.int/icd/entity/1609069486	http://id.who.int/icd/release/11/mms/1609069486		BlockL2-PA0	"- - Unintentional transport injury event"	block	2	False	23	"=hyperlink(""https://icd.who.int/browse11/l-m/en#/http%3A%2F%2Fid.who.int%2Ficd%2Fentity%2F1609069486"",""browser"")"	False		BlockL1-PA0				
http://id.who.int/icd/entity/1710329660	http://id.who.int/icd/release/11/mms/1710329660		BlockL3-PA0	"- - - Unintentional land transport road traffic injury event"	block	3	False	23	"=hyperlink(""https://icd.who.int/browse11/l-m/en#/http%3A%2F%2Fid.who.int%2Ficd%2Fentity%2F1710329660"",""browser"")"	False		BlockL1-PA0	BlockL2-PA0			
http://id.who.int/icd/entity/1114138453	http://id.who.int/icd/release/11/mms/1114138453	PA00		"- - - - Unintentional land transport traffic event injuring a pedestrian"	category	1	False	23	"=hyperlink(""https://icd.who.int/browse11/l-m/en#/http%3A%2F%2Fid.who.int%2Ficd%2Fentity%2F1114138453"",""browser"")"	True	True	BlockL1-PA0	BlockL2-PA0	BlockL3-PA0		
http://id.who.int/icd/entity/1460349350	http://id.who.int/icd/release/11/mms/1460349350	PA01		"- - - - Unintentional land transport traffic event injuring the user of a pedestrian conveyance"	category	1	False	23	"=hyperlink(""https://icd.who.int/browse11/l-m/en#/http%3A%2F%2Fid.who.int%2Ficd%2Fentity%2F1460349350"",""browser"")"	True	True	BlockL1-PA0	BlockL2-PA0	BlockL3-PA0		
http://id.who.int/icd/entity/1366178730	http://id.who.int/icd/release/11/mms/1366178730	PA02		"- - - - Unintentional land transport traffic event injuring a pedal cyclist"	category	1	False	23	"=hyperlink(""https://icd.who.int/browse11/l-m/en#/http%3A%2F%2Fid.who.int%2Ficd%2Fentity%2F1366178730"",""browser"")"	True	True	BlockL1-PA0	BlockL2-PA0	BlockL3-PA0		
http://id.who.int/icd/entity/324760454	http://id.who.int/icd/release/11/mms/324760454	PA03		"- - - - Unintentional land transport traffic event injuring a motor cyclist"	category	1	False	23	"=hyperlink(""https://icd.who.int/browse11/l-m/en#/http%3A%2F%2Fid.who.int%2Ficd%2Fentity%2F324760454"",""browser"")"	True	True	BlockL1-PA0	BlockL2-PA0	BlockL3-PA0		
http://id.who.int/icd/entity/1758338082	http://id.who.int/icd/release/11/mms/1758338082	PA04		"- - - - Unintentional land transport traffic event injuring a car occupant"	category	1	False	23	"=hyperlink(""https://icd.who.int/browse11/l-m/en#/http%3A%2F%2Fid.who.int%2Ficd%2Fentity%2F1758338082"",""browser"")"	True	True	BlockL1-PA0	BlockL2-PA0	BlockL3-PA0		
http://id.who.int/icd/entity/721114126	http://id.who.int/icd/release/11/mms/721114126	PA05		"- - - - Unintentional land transport traffic event injuring an occupant of a bus or coach"	category	1	False	23	"=hyperlink(""https://icd.who.int/browse11/l-m/en#/http%3A%2F%2Fid.who.int%2Ficd%2Fentity%2F721114126"",""browser"")"	True	True	BlockL1-PA0	BlockL2-PA0	BlockL3-PA0		
http://id.who.int/icd/entity/535963141	http://id.who.int/icd/release/11/mms/535963141	PA06		"- - - - Unintentional land transport traffic event injuring an occupant of a light goods vehicle"	category	1	False	23	"=hyperlink(""https://icd.who.int/browse11/l-m/en#/http%3A%2F%2Fid.who.int%2Ficd%2Fentity%2F535963141"",""browser"")"	True	True	BlockL1-PA0	BlockL2-PA0	BlockL3-PA0		
http://id.who.int/icd/entity/1573350953	http://id.who.int/icd/release/11/mms/1573350953	PA07		"- - - - Unintentional land transport traffic event injuring an occupant of a heavy goods vehicle"	category	1	False	23	"=hyperlink(""https://icd.who.int/browse11/l-m/en#/http%3A%2F%2Fid.who.int%2Ficd%2Fentity%2F1573350953"",""browser"")"	True	True	BlockL1-PA0	BlockL2-PA0	BlockL3-PA0		
http://id.who.int/icd/entity/495939346	http://id.who.int/icd/release/11/mms/495939346	PA08		"- - - - Unintentional land transport traffic event injuring an occupant of a streetcar or tram"	category	1	False	23	"=hyperlink(""https://icd.who.int/browse11/l-m/en#/http%3A%2F%2Fid.who.int%2Ficd%2Fentity%2F495939346"",""browser"")"	True	True	BlockL1-PA0	BlockL2-PA0	BlockL3-PA0		
http://id.who.int/icd/entity/1684490659	http://id.who.int/icd/release/11/mms/1684490659	PA09		"- - - - Unintentional land transport traffic event injuring an occupant of a low powered passenger vehicle"	category	1	False	23	"=hyperlink(""https://icd.who.int/browse11/l-m/en#/http%3A%2F%2Fid.who.int%2Ficd%2Fentity%2F1684490659"",""browser"")"	True	True	BlockL1-PA0	BlockL2-PA0	BlockL3-PA0		
http://id.who.int/icd/entity/187314448	http://id.who.int/icd/release/11/mms/187314448	PA0A		"- - - - Unintentional land transport traffic event injuring a user of a special vehicle mainly used in agriculture"	category	1	False	23	"=hyperlink(""https://icd.who.int/browse11/l-m/en#/http%3A%2F%2Fid.who.int%2Ficd%2Fentity%2F187314448"",""browser"")"	True	True	BlockL1-PA0	BlockL2-PA0	BlockL3-PA0		
http://id.who.int/icd/entity/2026152580	http://id.who.int/icd/release/11/mms/2026152580	PA0B		"- - - - Unintentional land transport traffic event injuring a user of a special vehicle mainly used on industrial premises"	category	1	False	23	"=hyperlink(""https://icd.who.int/browse11/l-m/en#/http%3A%2F%2Fid.who.int%2Ficd%2Fentity%2F2026152580"",""browser"")"	True	True	BlockL1-PA0	BlockL2-PA0	BlockL3-PA0		
http://id.who.int/icd/entity/1851915398	http://id.who.int/icd/release/11/mms/1851915398	PA0C		"- - - - Unintentional land transport traffic event injuring a user of a special construction vehicle"	category	1	False	23	"=hyperlink(""https://icd.who.int/browse11/l-m/en#/http%3A%2F%2Fid.who.int%2Ficd%2Fentity%2F1851915398"",""browser"")"	True	True	BlockL1-PA0	BlockL2-PA0	BlockL3-PA0		
http://id.who.int/icd/entity/449621115	http://id.who.int/icd/release/11/mms/449621115	PA0D		"- - - - Unintentional land transport traffic event injuring a user of an all-terrain vehicle"	category	1	False	23	"=hyperlink(""https://icd.who.int/browse11/l-m/en#/http%3A%2F%2Fid.who.int%2Ficd%2Fentity%2F449621115"",""browser"")"	True	True	BlockL1-PA0	BlockL2-PA0	BlockL3-PA0		
http://id.who.int/icd/entity/1861381370	http://id.who.int/icd/release/11/mms/1861381370	PA0E		"- - - - Unintentional land transport traffic event injuring a rider of an animal"	category	1	False	23	"=hyperlink(""https://icd.who.int/browse11/l-m/en#/http%3A%2F%2Fid.who.int%2Ficd%2Fentity%2F1861381370"",""browser"")"	True	True	BlockL1-PA0	BlockL2-PA0	BlockL3-PA0		
http://id.who.int/icd/entity/2117662028	http://id.who.int/icd/release/11/mms/2117662028	PA0F		"- - - - Unintentional land transport traffic event injuring an occupant of an animal-drawn vehicle"	category	1	False	23	"=hyperlink(""https://icd.who.int/browse11/l-m/en#/http%3A%2F%2Fid.who.int%2Ficd%2Fentity%2F2117662028"",""browser"")"	True	True	BlockL1-PA0	BlockL2-PA0	BlockL3-PA0		
	http://id.who.int/icd/release/11/mms/1710329660/other	PA0Y		"- - - - Unintentional land transport traffic event injuring a user of other specified land transport"	category	1	True	23	"=hyperlink(""https://icd.who.int/browse11/l-m/en#/http%3A%2F%2Fid.who.int%2Ficd%2Fentity%2F1710329660%2Fmms%2Fother"",""browser"")"	True	True	BlockL1-PA0	BlockL2-PA0	BlockL3-PA0		
	http://id.who.int/icd/release/11/mms/1710329660/unspecified	PA0Z		"- - - - Unintentional land transport traffic event injuring a user of unspecified land transport"	category	1	True	23	"=hyperlink(""https://icd.who.int/browse11/l-m/en#/http%3A%2F%2Fid.who.int%2Ficd%2Fentity%2F1710329660%2Fmms%2Funspecified"",""browser"")"	True	True	BlockL1-PA0	BlockL2-PA0	BlockL3-PA0		
http://id.who.int/icd/entity/714231201	http://id.who.int/icd/release/11/mms/714231201		BlockL3-PA1	"- - - Unintentional land transport off-road nontraffic injury event"	block	3	False	23	"=hyperlink(""https://icd.who.int/browse11/l-m/en#/http%3A%2F%2Fid.who.int%2Ficd%2Fentity%2F714231201"",""browser"")"	False		BlockL1-PA0	BlockL2-PA0			
http://id.who.int/icd/entity/1595005935	http://id.who.int/icd/release/11/mms/1595005935	PA10		"- - - - Unintentional land transport nontraffic event injuring a pedestrian"	category	1	False	23	"=hyperlink(""https://icd.who.int/browse11/l-m/en#/http%3A%2F%2Fid.who.int%2Ficd%2Fentity%2F1595005935"",""browser"")"	True	True	BlockL1-PA0	BlockL2-PA0	BlockL3-PA1		
http://id.who.int/icd/entity/2133070765	http://id.who.int/icd/release/11/mms/2133070765	PA11		"- - - - Unintentional land transport nontraffic event injuring the user of a pedestrian conveyance"	category	1	False	23	"=hyperlink(""https://icd.who.int/browse11/l-m/en#/http%3A%2F%2Fid.who.int%2Ficd%2Fentity%2F2133070765"",""browser"")"	True	True	BlockL1-PA0	BlockL2-PA0	BlockL3-PA1		
http://id.who.int/icd/entity/1877903899	http://id.who.int/icd/release/11/mms/1877903899	PA12		"- - - - Unintentional land transport nontraffic event injuring a pedal cyclist"	category	1	False	23	"=hyperlink(""https://icd.who.int/browse11/l-m/en#/http%3A%2F%2Fid.who.int%2Ficd%2Fentity%2F1877903899"",""browser"")"	True	True	BlockL1-PA0	BlockL2-PA0	BlockL3-PA1		
http://id.who.int/icd/entity/271602070	http://id.who.int/icd/release/11/mms/271602070	PA13		"- - - - Unintentional land transport nontraffic event injuring a motor cyclist"	category	1	False	23	"=hyperlink(""https://icd.who.int/browse11/l-m/en#/http%3A%2F%2Fid.who.int%2Ficd%2Fentity%2F271602070"",""browser"")"	True	True	BlockL1-PA0	BlockL2-PA0	BlockL3-PA1		
http://id.who.int/icd/entity/2114216989	http://id.who.int/icd/release/11/mms/2114216989	PA14		"- - - - Unintentional land transport nontraffic event injuring a car occupant"	category	1	False	23	"=hyperlink(""https://icd.who.int/browse11/l-m/en#/http%3A%2F%2Fid.who.int%2Ficd%2Fentity%2F2114216989"",""browser"")"	True	True	BlockL1-PA0	BlockL2-PA0	BlockL3-PA1		
http://id.who.int/icd/entity/1499360506	http://id.who.int/icd/release/11/mms/1499360506	PA15		"- - - - Unintentional land transport nontraffic event injuring an occupant of a bus or coach"	category	1	False	23	"=hyperlink(""https://icd.who.int/browse11/l-m/en#/http%3A%2F%2Fid.who.int%2Ficd%2Fentity%2F1499360506"",""browser"")"	True	True	BlockL1-PA0	BlockL2-PA0	BlockL3-PA1		
http://id.who.int/icd/entity/1234498892	http://id.who.int/icd/release/11/mms/1234498892	PA16		"- - - - Unintentional land transport nontraffic event injuring an occupant of a light goods vehicle"	category	1	False	23	"=hyperlink(""https://icd.who.int/browse11/l-m/en#/http%3A%2F%2Fid.who.int%2Ficd%2Fentity%2F1234498892"",""browser"")"	True	True	BlockL1-PA0	BlockL2-PA0	BlockL3-PA1		
http://id.who.int/icd/entity/380853503	http://id.who.int/icd/release/11/mms/380853503	PA17		"- - - - Unintentional land transport nontraffic event injuring an occupant of a heavy goods vehicle"	category	1	False	23	"=hyperlink(""https://icd.who.int/browse11/l-m/en#/http%3A%2F%2Fid.who.int%2Ficd%2Fentity%2F380853503"",""browser"")"	True	True	BlockL1-PA0	BlockL2-PA0	BlockL3-PA1		
http://id.who.int/icd/entity/665763525	http://id.who.int/icd/release/11/mms/665763525	PA18		"- - - - Unintentional land transport nontraffic event injuring an occupant of a streetcar or tram"	category	1	False	23	"=hyperlink(""https://icd.who.int/browse11/l-m/en#/http%3A%2F%2Fid.who.int%2Ficd%2Fentity%2F665763525"",""browser"")"	True	True	BlockL1-PA0	BlockL2-PA0	BlockL3-PA1		
http://id.who.int/icd/entity/1819339362	http://id.who.int/icd/release/11/mms/1819339362	PA19		"- - - - Unintentional land transport nontraffic event injuring an occupant of a low powered passenger vehicle"	category	1	False	23	"=hyperlink(""https://icd.who.int/browse11/l-m/en#/http%3A%2F%2Fid.who.int%2Ficd%2Fentity%2F1819339362"",""browser"")"	True	True	BlockL1-PA0	BlockL2-PA0	BlockL3-PA1		
http://id.who.int/icd/entity/648672667	http://id.who.int/icd/release/11/mms/648672667	PA1A		"- - - - Unintentional land transport nontraffic event injuring a user of a special vehicle mainly used in agriculture"	category	1	False	23	"=hyperlink(""https://icd.who.int/browse11/l-m/en#/http%3A%2F%2Fid.who.int%2Ficd%2Fentity%2F648672667"",""browser"")"	True	True	BlockL1-PA0	BlockL2-PA0	BlockL3-PA1		
http://id.who.int/icd/entity/1288425662	http://id.who.int/icd/release/11/mms/1288425662	PA1B		"- - - - Unintentional land transport nontraffic event injuring a user of a special vehicle mainly used on industrial premises"	category	1	False	23	"=hyperlink(""https://icd.who.int/browse11/l-m/en#/http%3A%2F%2Fid.who.int%2Ficd%2Fentity%2F1288425662"",""browser"")"	True	True	BlockL1-PA0	BlockL2-PA0	BlockL3-PA1		
http://id.who.int/icd/entity/723879647	http://id.who.int/icd/release/11/mms/723879647	PA1C		"- - - - Unintentional land transport nontraffic event injuring a user of a special construction vehicle"	category	1	False	23	"=hyperlink(""https://icd.who.int/browse11/l-m/en#/http%3A%2F%2Fid.who.int%2Ficd%2Fentity%2F723879647"",""browser"")"	True	True	BlockL1-PA0	BlockL2-PA0	BlockL3-PA1		
http://id.who.int/icd/entity/365143191	http://id.who.int/icd/release/11/mms/365143191	PA1D		"- - - - Unintentional land transport nontraffic event injuring a user of an all-terrain vehicle"	category	1	False	23	"=hyperlink(""https://icd.who.int/browse11/l-m/en#/http%3A%2F%2Fid.who.int%2Ficd%2Fentity%2F365143191"",""browser"")"	True	True	BlockL1-PA0	BlockL2-PA0	BlockL3-PA1		
http://id.who.int/icd/entity/1213438339	http://id.who.int/icd/release/11/mms/1213438339	PA1E		"- - - - Unintentional land transport nontraffic event injuring a rider of an animal"	category	1	False	23	"=hyperlink(""https://icd.who.int/browse11/l-m/en#/http%3A%2F%2Fid.who.int%2Ficd%2Fentity%2F1213438339"",""browser"")"	True	True	BlockL1-PA0	BlockL2-PA0	BlockL3-PA1		
http://id.who.int/icd/entity/1599665038	http://id.who.int/icd/release/11/mms/1599665038	PA1F		"- - - - Unintentional land transport nontraffic event injuring an occupant of an animal-drawn vehicle"	category	1	False	23	"=hyperlink(""https://icd.who.int/browse11/l-m/en#/http%3A%2F%2Fid.who.int%2Ficd%2Fentity%2F1599665038"",""browser"")"	True	True	BlockL1-PA0	BlockL2-PA0	BlockL3-PA1		
	http://id.who.int/icd/release/11/mms/714231201/other	PA1Y		"- - - - Unintentional land transport nontraffic event injuring a user of other specified land transport"	category	1	True	23	"=hyperlink(""https://icd.who.int/browse11/l-m/en#/http%3A%2F%2Fid.who.int%2Ficd%2Fentity%2F714231201%2Fmms%2Fother"",""browser"")"	True	True	BlockL1-PA0	BlockL2-PA0	BlockL3-PA1		
	http://id.who.int/icd/release/11/mms/714231201/unspecified	PA1Z		"- - - - Unintentional land transport nontraffic event injuring a user of unknown or unspecified land transport"	category	1	True	23	"=hyperlink(""https://icd.who.int/browse11/l-m/en#/http%3A%2F%2Fid.who.int%2Ficd%2Fentity%2F714231201%2Fmms%2Funspecified"",""browser"")"	True	True	BlockL1-PA0	BlockL2-PA0	BlockL3-PA1		
http://id.who.int/icd/entity/79623775	http://id.who.int/icd/release/11/mms/79623775		BlockL3-PA2	"- - - Unintentional land transport injury event unknown whether road traffic or off-road nontraffic"	block	3	False	23	"=hyperlink(""https://icd.who.int/browse11/l-m/en#/http%3A%2F%2Fid.who.int%2Ficd%2Fentity%2F79623775"",""browser"")"	False		BlockL1-PA0	BlockL2-PA0			
http://id.who.int/icd/entity/1517956415	http://id.who.int/icd/release/11/mms/1517956415	PA20		"- - - - Unintentional land transport event unknown whether traffic or nontraffic injuring a pedestrian"	category	1	False	23	"=hyperlink(""https://icd.who.int/browse11/l-m/en#/http%3A%2F%2Fid.who.int%2Ficd%2Fentity%2F1517956415"",""browser"")"	True	True	BlockL1-PA0	BlockL2-PA0	BlockL3-PA2		
http://id.who.int/icd/entity/772233326	http://id.who.int/icd/release/11/mms/772233326	PA21		"- - - - Unintentional land transport event unknown whether traffic or nontraffic injuring the user of a pedestrian conveyance"	category	1	False	23	"=hyperlink(""https://icd.who.int/browse11/l-m/en#/http%3A%2F%2Fid.who.int%2Ficd%2Fentity%2F772233326"",""browser"")"	True	True	BlockL1-PA0	BlockL2-PA0	BlockL3-PA2		
http://id.who.int/icd/entity/2115472339	http://id.who.int/icd/release/11/mms/2115472339	PA22		"- - - - Unintentional land transport event unknown whether traffic or nontraffic injuring a pedal cyclist"	category	1	False	23	"=hyperlink(""https://icd.who.int/browse11/l-m/en#/http%3A%2F%2Fid.who.int%2Ficd%2Fentity%2F2115472339"",""browser"")"	True	True	BlockL1-PA0	BlockL2-PA0	BlockL3-PA2		
http://id.who.int/icd/entity/29970526	http://id.who.int/icd/release/11/mms/29970526	PA23		"- - - - Unintentional land transport event unknown whether traffic or nontraffic injuring a motor cyclist"	category	1	False	23	"=hyperlink(""https://icd.who.int/browse11/l-m/en#/http%3A%2F%2Fid.who.int%2Ficd%2Fentity%2F29970526"",""browser"")"	True	True	BlockL1-PA0	BlockL2-PA0	BlockL3-PA2		
http://id.who.int/icd/entity/1602402495	http://id.who.int/icd/release/11/mms/1602402495	PA24		"- - - - Unintentional land transport event unknown whether traffic or nontraffic injuring a car occupant"	category	1	False	23	"=hyperlink(""https://icd.who.int/browse11/l-m/en#/http%3A%2F%2Fid.who.int%2Ficd%2Fentity%2F1602402495"",""browser"")"	True	True	BlockL1-PA0	BlockL2-PA0	BlockL3-PA2		
http://id.who.int/icd/entity/1278376191	http://id.who.int/icd/release/11/mms/1278376191	PA25		"- - - - Unintentional land transport event unknown whether traffic or nontraffic injuring an occupant of a bus or coach"	category	1	False	23	"=hyperlink(""https://icd.who.int/browse11/l-m/en#/http%3A%2F%2Fid.who.int%2Ficd%2Fentity%2F1278376191"",""browser"")"	True	True	BlockL1-PA0	BlockL2-PA0	BlockL3-PA2		
http://id.who.int/icd/entity/1366396048	http://id.who.int/icd/release/11/mms/1366396048	PA26		"- - - - Unintentional land transport event unknown whether traffic or nontraffic injuring an occupant of a light goods vehicle"	category	1	False	23	"=hyperlink(""https://icd.who.int/browse11/l-m/en#/http%3A%2F%2Fid.who.int%2Ficd%2Fentity%2F1366396048"",""browser"")"	True	True	BlockL1-PA0	BlockL2-PA0	BlockL3-PA2		
http://id.who.int/icd/entity/1872211656	http://id.who.int/icd/release/11/mms/1872211656	PA27		"- - - - Unintentional land transport event unknown whether traffic or nontraffic injuring an occupant of a heavy goods vehicle"	category	1	False	23	"=hyperlink(""https://icd.who.int/browse11/l-m/en#/http%3A%2F%2Fid.who.int%2Ficd%2Fentity%2F1872211656"",""browser"")"	True	True	BlockL1-PA0	BlockL2-PA0	BlockL3-PA2		
http://id.who.int/icd/entity/259533965	http://id.who.int/icd/release/11/mms/259533965	PA28		"- - - - Unintentional land transport event unknown whether traffic or nontraffic injuring an occupant of a streetcar or tram"	category	1	False	23	"=hyperlink(""https://icd.who.int/browse11/l-m/en#/http%3A%2F%2Fid.who.int%2Ficd%2Fentity%2F259533965"",""browser"")"	True	True	BlockL1-PA0	BlockL2-PA0	BlockL3-PA2		
http://id.who.int/icd/entity/1600716594	http://id.who.int/icd/release/11/mms/1600716594	PA29		"- - - - Unintentional land transport event unknown whether traffic or nontraffic injuring an occupant of a low powered passenger vehicle"	category	1	False	23	"=hyperlink(""https://icd.who.int/browse11/l-m/en#/http%3A%2F%2Fid.who.int%2Ficd%2Fentity%2F1600716594"",""browser"")"	True	True	BlockL1-PA0	BlockL2-PA0	BlockL3-PA2		
http://id.who.int/icd/entity/548807869	http://id.who.int/icd/release/11/mms/548807869	PA2A		"- - - - Unintentional land transport event unknown whether traffic or nontraffic injuring an occupant of a special vehicle mainly used in agriculture"	category	1	False	23	"=hyperlink(""https://icd.who.int/browse11/l-m/en#/http%3A%2F%2Fid.who.int%2Ficd%2Fentity%2F548807869"",""browser"")"	True	True	BlockL1-PA0	BlockL2-PA0	BlockL3-PA2		
http://id.who.int/icd/entity/2130562142	http://id.who.int/icd/release/11/mms/2130562142	PA2B		"- - - - Unintentional land transport event unknown whether traffic or nontraffic injuring an occupant of a special vehicle mainly used on industrial premises"	category	1	False	23	"=hyperlink(""https://icd.who.int/browse11/l-m/en#/http%3A%2F%2Fid.who.int%2Ficd%2Fentity%2F2130562142"",""browser"")"	True	True	BlockL1-PA0	BlockL2-PA0	BlockL3-PA2		
http://id.who.int/icd/entity/94693671	http://id.who.int/icd/release/11/mms/94693671	PA2C		"- - - - Unintentional land transport event unknown whether traffic or nontraffic injuring an occupant of a special construction vehicle"	category	1	False	23	"=hyperlink(""https://icd.who.int/browse11/l-m/en#/http%3A%2F%2Fid.who.int%2Ficd%2Fentity%2F94693671"",""browser"")"	True	True	BlockL1-PA0	BlockL2-PA0	BlockL3-PA2		
http://id.who.int/icd/entity/2054828714	http://id.who.int/icd/release/11/mms/2054828714	PA2D		"- - - - Unintentional land transport event unknown whether traffic or nontraffic injuring an occupant of an all-terrain vehicle"	category	1	False	23	"=hyperlink(""https://icd.who.int/browse11/l-m/en#/http%3A%2F%2Fid.who.int%2Ficd%2Fentity%2F2054828714"",""browser"")"	True	True	BlockL1-PA0	BlockL2-PA0	BlockL3-PA2		
http://id.who.int/icd/entity/1789963040	http://id.who.int/icd/release/11/mms/1789963040	PA2E		"- - - - Unintentional land transport event unknown whether traffic or nontraffic injuring a rider of an animal"	category	1	False	23	"=hyperlink(""https://icd.who.int/browse11/l-m/en#/http%3A%2F%2Fid.who.int%2Ficd%2Fentity%2F1789963040"",""browser"")"	True	True	BlockL1-PA0	BlockL2-PA0	BlockL3-PA2		
http://id.who.int/icd/entity/1250255708	http://id.who.int/icd/release/11/mms/1250255708	PA2F		"- - - - Unintentional land transport event unknown whether traffic or nontraffic injuring an occupant of an animal-drawn vehicle"	category	1	False	23	"=hyperlink(""https://icd.who.int/browse11/l-m/en#/http%3A%2F%2Fid.who.int%2Ficd%2Fentity%2F1250255708"",""browser"")"	True	True	BlockL1-PA0	BlockL2-PA0	BlockL3-PA2		
	http://id.who.int/icd/release/11/mms/79623775/other	PA2Y		"- - - - Unintentional land transport injury event unknown whether traffic or nontraffic injuring a user of other specified transport"	category	1	True	23	"=hyperlink(""https://icd.who.int/browse11/l-m/en#/http%3A%2F%2Fid.who.int%2Ficd%2Fentity%2F79623775%2Fmms%2Fother"",""browser"")"	True	True	BlockL1-PA0	BlockL2-PA0	BlockL3-PA2		
	http://id.who.int/icd/release/11/mms/79623775/unspecified	PA2Z		"- - - - Unintentional land transport injury event unknown whether traffic or nontraffic injuring a user of unspecified transport"	category	1	True	23	"=hyperlink(""https://icd.who.int/browse11/l-m/en#/http%3A%2F%2Fid.who.int%2Ficd%2Fentity%2F79623775%2Fmms%2Funspecified"",""browser"")"	True	True	BlockL1-PA0	BlockL2-PA0	BlockL3-PA2		
http://id.who.int/icd/entity/627674579	http://id.who.int/icd/release/11/mms/627674579		BlockL3-PA3	"- - - Unintentional railway transport injury event"	block	3	False	23	"=hyperlink(""https://icd.who.int/browse11/l-m/en#/http%3A%2F%2Fid.who.int%2Ficd%2Fentity%2F627674579"",""browser"")"	False		BlockL1-PA0	BlockL2-PA0			
http://id.who.int/icd/entity/1435574385	http://id.who.int/icd/release/11/mms/1435574385	PA30		"- - - - Unintentional railway transport injury event with collision or derailment"	category	1	False	23	"=hyperlink(""https://icd.who.int/browse11/l-m/en#/http%3A%2F%2Fid.who.int%2Ficd%2Fentity%2F1435574385"",""browser"")"	True	True	BlockL1-PA0	BlockL2-PA0	BlockL3-PA3		
http://id.who.int/icd/entity/709884928	http://id.who.int/icd/release/11/mms/709884928	PA31		"- - - - Unintentional railway transport injury event without collision or derailment"	category	1	False	23	"=hyperlink(""https://icd.who.int/browse11/l-m/en#/http%3A%2F%2Fid.who.int%2Ficd%2Fentity%2F709884928"",""browser"")"	True	True	BlockL1-PA0	BlockL2-PA0	BlockL3-PA3		
	http://id.who.int/icd/release/11/mms/627674579/unspecified	PA3Z		"- - - - Unintentional railway transport injury event of unspecified type"	category	1	True	23	"=hyperlink(""https://icd.who.int/browse11/l-m/en#/http%3A%2F%2Fid.who.int%2Ficd%2Fentity%2F627674579%2Fmms%2Funspecified"",""browser"")"	True	True	BlockL1-PA0	BlockL2-PA0	BlockL3-PA3		
http://id.who.int/icd/entity/1596356387	http://id.who.int/icd/release/11/mms/1596356387		BlockL3-PA4	"- - - Unintentional water transport injury event"	block	3	False	23	"=hyperlink(""https://icd.who.int/browse11/l-m/en#/http%3A%2F%2Fid.who.int%2Ficd%2Fentity%2F1596356387"",""browser"")"	False		BlockL1-PA0	BlockL2-PA0			
http://id.who.int/icd/entity/1886732125	http://id.who.int/icd/release/11/mms/1886732125	PA40		"- - - - Unintentional water transport injury event with water vessel not damaged, disabled or destroyed"	category	1	False	23	"=hyperlink(""https://icd.who.int/browse11/l-m/en#/http%3A%2F%2Fid.who.int%2Ficd%2Fentity%2F1886732125"",""browser"")"	False	True	BlockL1-PA0	BlockL2-PA0	BlockL3-PA4		
http://id.who.int/icd/entity/1246373641	http://id.who.int/icd/release/11/mms/1246373641	PA40.0		"- - - - - Unintentional water transport injury event with water vessel not damaged, disabled or destroyed, causing submersion or drowning"	category	2	False	23	"=hyperlink(""https://icd.who.int/browse11/l-m/en#/http%3A%2F%2Fid.who.int%2Ficd%2Fentity%2F1246373641"",""browser"")"	True	True	BlockL1-PA0	BlockL2-PA0	BlockL3-PA4		
http://id.who.int/icd/entity/788654749	http://id.who.int/icd/release/11/mms/788654749	PA40.1		"- - - - - Unintentional water transport injury event with water vessel not damaged, disabled or destroyed, causing other injury"	category	2	False	23	"=hyperlink(""https://icd.who.int/browse11/l-m/en#/http%3A%2F%2Fid.who.int%2Ficd%2Fentity%2F788654749"",""browser"")"	True	True	BlockL1-PA0	BlockL2-PA0	BlockL3-PA4		
	http://id.who.int/icd/release/11/mms/1886732125/unspecified	PA40.Z		"- - - - - Unintentional water transport injury event with water vessel not damaged, disabled or destroyed, causing unspecified injury"	category	2	True	23	"=hyperlink(""https://icd.who.int/browse11/l-m/en#/http%3A%2F%2Fid.who.int%2Ficd%2Fentity%2F1886732125%2Fmms%2Funspecified"",""browser"")"	True	True	BlockL1-PA0	BlockL2-PA0	BlockL3-PA4		
http://id.who.int/icd/entity/984359080	http://id.who.int/icd/release/11/mms/984359080	PA41		"- - - - Unintentional water transport injury event with water vessel damaged, disabled or destroyed"	category	1	False	23	"=hyperlink(""https://icd.who.int/browse11/l-m/en#/http%3A%2F%2Fid.who.int%2Ficd%2Fentity%2F984359080"",""browser"")"	False	True	BlockL1-PA0	BlockL2-PA0	BlockL3-PA4		
http://id.who.int/icd/entity/1538046562	http://id.who.int/icd/release/11/mms/1538046562	PA41.0		"- - - - - Unintentional water transport injury event with water vessel damaged, disabled or destroyed, causing submersion or drowning"	category	2	False	23	"=hyperlink(""https://icd.who.int/browse11/l-m/en#/http%3A%2F%2Fid.who.int%2Ficd%2Fentity%2F1538046562"",""browser"")"	True	True	BlockL1-PA0	BlockL2-PA0	BlockL3-PA4		
	http://id.who.int/icd/release/11/mms/984359080/unspecified	PA41.Z		"- - - - - Unintentional water transport injury event with water vessel damaged, disabled or destroyed, causing unspecified injury"	category	2	True	23	"=hyperlink(""https://icd.who.int/browse11/l-m/en#/http%3A%2F%2Fid.who.int%2Ficd%2Fentity%2F984359080%2Fmms%2Funspecified"",""browser"")"	True	True	BlockL1-PA0	BlockL2-PA0	BlockL3-PA4		
	http://id.who.int/icd/release/11/mms/1596356387/unspecified	PA4Z		"- - - - Unintentional water transport injury event with damage to water vessel unspecified"	category	1	True	23	"=hyperlink(""https://icd.who.int/browse11/l-m/en#/http%3A%2F%2Fid.who.int%2Ficd%2Fentity%2F1596356387%2Fmms%2Funspecified"",""browser"")"	True	True	BlockL1-PA0	BlockL2-PA0	BlockL3-PA4		
http://id.who.int/icd/entity/69852207	http://id.who.int/icd/release/11/mms/69852207	PA50		"- - - Unintentional air or space transport injury event"	category	1	False	23	"=hyperlink(""https://icd.who.int/browse11/l-m/en#/http%3A%2F%2Fid.who.int%2Ficd%2Fentity%2F69852207"",""browser"")"	False	True	BlockL1-PA0	BlockL2-PA0			
http://id.who.int/icd/entity/216927879	http://id.who.int/icd/release/11/mms/216927879	PA50.0		"- - - - Unintentional air or space transport injury event with aircraft or spacecraft not damaged, disabled or destroyed"	category	2	False	23	"=hyperlink(""https://icd.who.int/browse11/l-m/en#/http%3A%2F%2Fid.who.int%2Ficd%2Fentity%2F216927879"",""browser"")"	True	True	BlockL1-PA0	BlockL2-PA0			
http://id.who.int/icd/entity/398815501	http://id.who.int/icd/release/11/mms/398815501	PA50.1		"- - - - Unintentional air or space transport injury event with aircraft or spacecraft damaged, disabled or destroyed"	category	2	False	23	"=hyperlink(""https://icd.who.int/browse11/l-m/en#/http%3A%2F%2Fid.who.int%2Ficd%2Fentity%2F398815501"",""browser"")"	True	True	BlockL1-PA0	BlockL2-PA0			
	http://id.who.int/icd/release/11/mms/69852207/unspecified	PA50.Z		"- - - - Unintentional air or space transport injury event, unspecified"	category	2	True	23	"=hyperlink(""https://icd.who.int/browse11/l-m/en#/http%3A%2F%2Fid.who.int%2Ficd%2Fentity%2F69852207%2Fmms%2Funspecified"",""browser"")"	True	True	BlockL1-PA0	BlockL2-PA0			
	http://id.who.int/icd/release/11/mms/1609069486/other	PA5Y		"- - - Other specified unintentional transport injury event"	category	1	True	23	"=hyperlink(""https://icd.who.int/browse11/l-m/en#/http%3A%2F%2Fid.who.int%2Ficd%2Fentity%2F1609069486%2Fmms%2Fother"",""browser"")"	True	True	BlockL1-PA0	BlockL2-PA0			
	http://id.who.int/icd/release/11/mms/1609069486/unspecified	PA5Z		"- - - Unintentional transport injury event, unspecified"	category	1	True	23	"=hyperlink(""https://icd.who.int/browse11/l-m/en#/http%3A%2F%2Fid.who.int%2Ficd%2Fentity%2F1609069486%2Fmms%2Funspecified"",""browser"")"	True	True	BlockL1-PA0	BlockL2-PA0			
http://id.who.int/icd/entity/134290789	http://id.who.int/icd/release/11/mms/134290789		BlockL2-PA6	"- - Unintentional fall"	block	2	False	23	"=hyperlink(""https://icd.who.int/browse11/l-m/en#/http%3A%2F%2Fid.who.int%2Ficd%2Fentity%2F134290789"",""browser"")"	False		BlockL1-PA0				
http://id.who.int/icd/entity/415990995	http://id.who.int/icd/release/11/mms/415990995	PA60		"- - - Unintentional fall on the same level or from less than 1 metre"	category	1	False	23	"=hyperlink(""https://icd.who.int/browse11/l-m/en#/http%3A%2F%2Fid.who.int%2Ficd%2Fentity%2F415990995"",""browser"")"	True	True	BlockL1-PA0	BlockL2-PA6			
http://id.who.int/icd/entity/1729453916	http://id.who.int/icd/release/11/mms/1729453916	PA61		"- - - Unintentional fall from a height of 1 metre or more"	category	1	False	23	"=hyperlink(""https://icd.who.int/browse11/l-m/en#/http%3A%2F%2Fid.who.int%2Ficd%2Fentity%2F1729453916"",""browser"")"	True	True	BlockL1-PA0	BlockL2-PA6			
	http://id.who.int/icd/release/11/mms/134290789/unspecified	PA6Z		"- - - Unintentional fall from unspecified height"	category	1	True	23	"=hyperlink(""https://icd.who.int/browse11/l-m/en#/http%3A%2F%2Fid.who.int%2Ficd%2Fentity%2F134290789%2Fmms%2Funspecified"",""browser"")"	True	True	BlockL1-PA0	BlockL2-PA6			
http://id.who.int/icd/entity/1054699166	http://id.who.int/icd/release/11/mms/1054699166		BlockL2-PA7	"- - Unintentional contact with person, animal or plant"	block	2	False	23	"=hyperlink(""https://icd.who.int/browse11/l-m/en#/http%3A%2F%2Fid.who.int%2Ficd%2Fentity%2F1054699166"",""browser"")"	False		BlockL1-PA0				
http://id.who.int/icd/entity/1975702361	http://id.who.int/icd/release/11/mms/1975702361	PA70		"- - - Unintentionally struck, kicked, or bumped by person"	category	1	False	23	"=hyperlink(""https://icd.who.int/browse11/l-m/en#/http%3A%2F%2Fid.who.int%2Ficd%2Fentity%2F1975702361"",""browser"")"	True	True	BlockL1-PA0	BlockL2-PA7			
http://id.who.int/icd/entity/355825185	http://id.who.int/icd/release/11/mms/355825185	PA71		"- - - Unintentionally struck, kicked, or bumped by animal"	category	1	False	23	"=hyperlink(""https://icd.who.int/browse11/l-m/en#/http%3A%2F%2Fid.who.int%2Ficd%2Fentity%2F355825185"",""browser"")"	True	True	BlockL1-PA0	BlockL2-PA7			
http://id.who.int/icd/entity/1958556655	http://id.who.int/icd/release/11/mms/1958556655	PA72		"- - - Unintentionally stepped on or crushed by person"	category	1	False	23	"=hyperlink(""https://icd.who.int/browse11/l-m/en#/http%3A%2F%2Fid.who.int%2Ficd%2Fentity%2F1958556655"",""browser"")"	True	True	BlockL1-PA0	BlockL2-PA7			
http://id.who.int/icd/entity/1609329114	http://id.who.int/icd/release/11/mms/1609329114	PA73		"- - - Unintentionally stepped on or crushed by animal"	category	1	False	23	"=hyperlink(""https://icd.who.int/browse11/l-m/en#/http%3A%2F%2Fid.who.int%2Ficd%2Fentity%2F1609329114"",""browser"")"	True	True	BlockL1-PA0	BlockL2-PA7			
http://id.who.int/icd/entity/1630178915	http://id.who.int/icd/release/11/mms/1630178915	PA74		"- - - Unintentionally bitten by person"	category	1	False	23	"=hyperlink(""https://icd.who.int/browse11/l-m/en#/http%3A%2F%2Fid.who.int%2Ficd%2Fentity%2F1630178915"",""browser"")"	True	True	BlockL1-PA0	BlockL2-PA7			
http://id.who.int/icd/entity/354170063	http://id.who.int/icd/release/11/mms/354170063	PA75		"- - - Unintentionally bitten by animal"	category	1	False	23	"=hyperlink(""https://icd.who.int/browse11/l-m/en#/http%3A%2F%2Fid.who.int%2Ficd%2Fentity%2F354170063"",""browser"")"	True	True	BlockL1-PA0	BlockL2-PA7			
http://id.who.int/icd/entity/57543111	http://id.who.int/icd/release/11/mms/57543111	PA76		"- - - Unintentionally scratched or clawed by person"	category	1	False	23	"=hyperlink(""https://icd.who.int/browse11/l-m/en#/http%3A%2F%2Fid.who.int%2Ficd%2Fentity%2F57543111"",""browser"")"	True	True	BlockL1-PA0	BlockL2-PA7			
http://id.who.int/icd/entity/1350345638	http://id.who.int/icd/release/11/mms/1350345638	PA77		"- - - Unintentionally scratched or clawed by animal"	category	1	False	23	"=hyperlink(""https://icd.who.int/browse11/l-m/en#/http%3A%2F%2Fid.who.int%2Ficd%2Fentity%2F1350345638"",""browser"")"	True	True	BlockL1-PA0	BlockL2-PA7			
http://id.who.int/icd/entity/1472928386	http://id.who.int/icd/release/11/mms/1472928386	PA78		"- - - Unintentionally stung or envenomated by animal"	category	1	False	23	"=hyperlink(""https://icd.who.int/browse11/l-m/en#/http%3A%2F%2Fid.who.int%2Ficd%2Fentity%2F1472928386"",""browser"")"	True	True	BlockL1-PA0	BlockL2-PA7			
http://id.who.int/icd/entity/1432803424	http://id.who.int/icd/release/11/mms/1432803424	PA79		"- - - Unintentionally injured by contact with plant"	category	1	False	23	"=hyperlink(""https://icd.who.int/browse11/l-m/en#/http%3A%2F%2Fid.who.int%2Ficd%2Fentity%2F1432803424"",""browser"")"	True	True	BlockL1-PA0	BlockL2-PA7			
	http://id.who.int/icd/release/11/mms/1054699166/other	PA7Y		"- - - Other specified type of unintentional contact with person, animal or plant"	category	1	True	23	"=hyperlink(""https://icd.who.int/browse11/l-m/en#/http%3A%2F%2Fid.who.int%2Ficd%2Fentity%2F1054699166%2Fmms%2Fother"",""browser"")"	True	True	BlockL1-PA0	BlockL2-PA7			
	http://id.who.int/icd/release/11/mms/1054699166/unspecified	PA7Z		"- - - Unintentional contact with person, animal or plant, type unspecified"	category	1	True	23	"=hyperlink(""https://icd.who.int/browse11/l-m/en#/http%3A%2F%2Fid.who.int%2Ficd%2Fentity%2F1054699166%2Fmms%2Funspecified"",""browser"")"	True	True	BlockL1-PA0	BlockL2-PA7			
http://id.who.int/icd/entity/138214015	http://id.who.int/icd/release/11/mms/138214015		BlockL2-PA8	"- - Unintentional exposure to object, not elsewhere classified"	block	2	False	23	"=hyperlink(""https://icd.who.int/browse11/l-m/en#/http%3A%2F%2Fid.who.int%2Ficd%2Fentity%2F138214015"",""browser"")"	False		BlockL1-PA0				
http://id.who.int/icd/entity/1914986834	http://id.who.int/icd/release/11/mms/1914986834	PA80		"- - - Unintentionally struck by projectile from firearm"	category	1	False	23	"=hyperlink(""https://icd.who.int/browse11/l-m/en#/http%3A%2F%2Fid.who.int%2Ficd%2Fentity%2F1914986834"",""browser"")"	False	True	BlockL1-PA0	BlockL2-PA8			
http://id.who.int/icd/entity/713110961	http://id.who.int/icd/release/11/mms/713110961	PA80.0		"- - - - Unintentionally struck by projectile from handgun"	category	2	False	23	"=hyperlink(""https://icd.who.int/browse11/l-m/en#/http%3A%2F%2Fid.who.int%2Ficd%2Fentity%2F713110961"",""browser"")"	True	True	BlockL1-PA0	BlockL2-PA8			
http://id.who.int/icd/entity/1338701861	http://id.who.int/icd/release/11/mms/1338701861	PA80.1		"- - - - Unintentionally struck by projectile from rifle, shotgun or larger firearm"	category	2	False	23	"=hyperlink(""https://icd.who.int/browse11/l-m/en#/http%3A%2F%2Fid.who.int%2Ficd%2Fentity%2F1338701861"",""browser"")"	True	True	BlockL1-PA0	BlockL2-PA8			
http://id.who.int/icd/entity/1009019825	http://id.who.int/icd/release/11/mms/1009019825	PA80.2		"- - - - Unintentional exposure to other and unspecified firearm"	category	2	False	23	"=hyperlink(""https://icd.who.int/browse11/l-m/en#/http%3A%2F%2Fid.who.int%2Ficd%2Fentity%2F1009019825"",""browser"")"	True	True	BlockL1-PA0	BlockL2-PA8			
http://id.who.int/icd/entity/750689898	http://id.who.int/icd/release/11/mms/750689898	PA81		"- - - Unintentionally struck by moving object"	category	1	False	23	"=hyperlink(""https://icd.who.int/browse11/l-m/en#/http%3A%2F%2Fid.who.int%2Ficd%2Fentity%2F750689898"",""browser"")"	True	True	BlockL1-PA0	BlockL2-PA8			
http://id.who.int/icd/entity/2101640616	http://id.who.int/icd/release/11/mms/2101640616	PA82		"- - - Unintentional striking against stationary object"	category	1	False	23	"=hyperlink(""https://icd.who.int/browse11/l-m/en#/http%3A%2F%2Fid.who.int%2Ficd%2Fentity%2F2101640616"",""browser"")"	True	True	BlockL1-PA0	BlockL2-PA8			
http://id.who.int/icd/entity/495283515	http://id.who.int/icd/release/11/mms/495283515	PA83		"- - - Unintentionally cut or pierced by sharp object"	category	1	False	23	"=hyperlink(""https://icd.who.int/browse11/l-m/en#/http%3A%2F%2Fid.who.int%2Ficd%2Fentity%2F495283515"",""browser"")"	False	True	BlockL1-PA0	BlockL2-PA8			
http://id.who.int/icd/entity/2047327939	http://id.who.int/icd/release/11/mms/2047327939	PA83.0		"- - - - Unintentionally cut or pierced by knife, sword, or dagger"	category	2	False	23	"=hyperlink(""https://icd.who.int/browse11/l-m/en#/http%3A%2F%2Fid.who.int%2Ficd%2Fentity%2F2047327939"",""browser"")"	True	True	BlockL1-PA0	BlockL2-PA8			
http://id.who.int/icd/entity/246083132	http://id.who.int/icd/release/11/mms/246083132	PA83.1		"- - - - Unintentionally cut or pierced by sharp glass"	category	2	False	23	"=hyperlink(""https://icd.who.int/browse11/l-m/en#/http%3A%2F%2Fid.who.int%2Ficd%2Fentity%2F246083132"",""browser"")"	True	True	BlockL1-PA0	BlockL2-PA8			
http://id.who.int/icd/entity/1394940192	http://id.who.int/icd/release/11/mms/1394940192	PA83.2		"- - - - Unintentionally cut or pierced by other or unspecified sharp object"	category	2	False	23	"=hyperlink(""https://icd.who.int/browse11/l-m/en#/http%3A%2F%2Fid.who.int%2Ficd%2Fentity%2F1394940192"",""browser"")"	True	True	BlockL1-PA0	BlockL2-PA8			
http://id.who.int/icd/entity/553695644	http://id.who.int/icd/release/11/mms/553695644	PA84		"- - - Unintentionally struck by blunt object"	category	1	False	23	"=hyperlink(""https://icd.who.int/browse11/l-m/en#/http%3A%2F%2Fid.who.int%2Ficd%2Fentity%2F553695644"",""browser"")"	True	True	BlockL1-PA0	BlockL2-PA8			
http://id.who.int/icd/entity/403681342	http://id.who.int/icd/release/11/mms/403681342	PA85		"- - - Unintentionally caught, crushed, jammed or pinched between objects"	category	1	False	23	"=hyperlink(""https://icd.who.int/browse11/l-m/en#/http%3A%2F%2Fid.who.int%2Ficd%2Fentity%2F403681342"",""browser"")"	True	True	BlockL1-PA0	BlockL2-PA8			
	http://id.who.int/icd/release/11/mms/138214015/other	PA8Y		"- - - Unintentional exposure to other specified object, not elsewhere classified"	category	1	True	23	"=hyperlink(""https://icd.who.int/browse11/l-m/en#/http%3A%2F%2Fid.who.int%2Ficd%2Fentity%2F138214015%2Fmms%2Fother"",""browser"")"	True	True	BlockL1-PA0	BlockL2-PA8			
	http://id.who.int/icd/release/11/mms/138214015/unspecified	PA8Z		"- - - Unintentional exposure to object, unspecified"	category	1	True	23	"=hyperlink(""https://icd.who.int/browse11/l-m/en#/http%3A%2F%2Fid.who.int%2Ficd%2Fentity%2F138214015%2Fmms%2Funspecified"",""browser"")"	True	True	BlockL1-PA0	BlockL2-PA8			
http://id.who.int/icd/entity/497764339	http://id.who.int/icd/release/11/mms/497764339		BlockL2-PA9	"- - Unintentional immersion, submersion or falling into water"	block	2	False	23	"=hyperlink(""https://icd.who.int/browse11/l-m/en#/http%3A%2F%2Fid.who.int%2Ficd%2Fentity%2F497764339"",""browser"")"	False		BlockL1-PA0				
http://id.who.int/icd/entity/1117679527	http://id.who.int/icd/release/11/mms/1117679527	PA90		"- - - Unintentional drowning or submersion, while in body of water"	category	1	False	23	"=hyperlink(""https://icd.who.int/browse11/l-m/en#/http%3A%2F%2Fid.who.int%2Ficd%2Fentity%2F1117679527"",""browser"")"	True	True	BlockL1-PA0	BlockL2-PA9			
http://id.who.int/icd/entity/1096943567	http://id.who.int/icd/release/11/mms/1096943567	PA91		"- - - Unintentional drowning or submersion, following fall into body of water"	category	1	False	23	"=hyperlink(""https://icd.who.int/browse11/l-m/en#/http%3A%2F%2Fid.who.int%2Ficd%2Fentity%2F1096943567"",""browser"")"	True	True	BlockL1-PA0	BlockL2-PA9			
http://id.who.int/icd/entity/2109184280	http://id.who.int/icd/release/11/mms/2109184280	PA92		"- - - Unintentional injury other than drowning following fall into body of water"	category	1	False	23	"=hyperlink(""https://icd.who.int/browse11/l-m/en#/http%3A%2F%2Fid.who.int%2Ficd%2Fentity%2F2109184280"",""browser"")"	True	True	BlockL1-PA0	BlockL2-PA9			
	http://id.who.int/icd/release/11/mms/497764339/unspecified	PA9Z		"- - - Unintentional immersion, submersion or falling into water, unspecified"	category	1	True	23	"=hyperlink(""https://icd.who.int/browse11/l-m/en#/http%3A%2F%2Fid.who.int%2Ficd%2Fentity%2F497764339%2Fmms%2Funspecified"",""browser"")"	True	True	BlockL1-PA0	BlockL2-PA9			
http://id.who.int/icd/entity/1546589464	http://id.who.int/icd/release/11/mms/1546589464		BlockL2-PB0	"- - Unintentional threat to breathing"	block	2	False	23	"=hyperlink(""https://icd.who.int/browse11/l-m/en#/http%3A%2F%2Fid.who.int%2Ficd%2Fentity%2F1546589464"",""browser"")"	False		BlockL1-PA0				
http://id.who.int/icd/entity/1681680901	http://id.who.int/icd/release/11/mms/1681680901	PB00		"- - - Unintentional threat to breathing by suffocation from object covering mouth or nose"	category	1	False	23	"=hyperlink(""https://icd.who.int/browse11/l-m/en#/http%3A%2F%2Fid.who.int%2Ficd%2Fentity%2F1681680901"",""browser"")"	True	True	BlockL1-PA0	BlockL2-PB0			
http://id.who.int/icd/entity/1949195114	http://id.who.int/icd/release/11/mms/1949195114	PB01		"- - - Unintentional threat to breathing by hanging"	category	1	False	23	"=hyperlink(""https://icd.who.int/browse11/l-m/en#/http%3A%2F%2Fid.who.int%2Ficd%2Fentity%2F1949195114"",""browser"")"	True	True	BlockL1-PA0	BlockL2-PB0			
http://id.who.int/icd/entity/2095569394	http://id.who.int/icd/release/11/mms/2095569394	PB02		"- - - Unintentional threat to breathing by strangulation"	category	1	False	23	"=hyperlink(""https://icd.who.int/browse11/l-m/en#/http%3A%2F%2Fid.who.int%2Ficd%2Fentity%2F2095569394"",""browser"")"	True	True	BlockL1-PA0	BlockL2-PB0			
http://id.who.int/icd/entity/1241926931	http://id.who.int/icd/release/11/mms/1241926931	PB03		"- - - Unintentional threat to breathing by external compression of airways or chest"	category	1	False	23	"=hyperlink(""https://icd.who.int/browse11/l-m/en#/http%3A%2F%2Fid.who.int%2Ficd%2Fentity%2F1241926931"",""browser"")"	True	True	BlockL1-PA0	BlockL2-PB0			
http://id.who.int/icd/entity/1316747223	http://id.who.int/icd/release/11/mms/1316747223	PB04		"- - - Unintentional threat to breathing by inhalation or ingestion of gastric contents"	category	1	False	23	"=hyperlink(""https://icd.who.int/browse11/l-m/en#/http%3A%2F%2Fid.who.int%2Ficd%2Fentity%2F1316747223"",""browser"")"	True	True	BlockL1-PA0	BlockL2-PB0			
http://id.who.int/icd/entity/1241130363	http://id.who.int/icd/release/11/mms/1241130363	PB05		"- - - Unintentional threat to breathing by inhalation or ingestion of liquids"	category	1	False	23	"=hyperlink(""https://icd.who.int/browse11/l-m/en#/http%3A%2F%2Fid.who.int%2Ficd%2Fentity%2F1241130363"",""browser"")"	True	True	BlockL1-PA0	BlockL2-PB0			
http://id.who.int/icd/entity/724580931	http://id.who.int/icd/release/11/mms/724580931	PB06		"- - - Unintentional threat to breathing by inhalation or ingestion of food"	category	1	False	23	"=hyperlink(""https://icd.who.int/browse11/l-m/en#/http%3A%2F%2Fid.who.int%2Ficd%2Fentity%2F724580931"",""browser"")"	True	True	BlockL1-PA0	BlockL2-PB0			
http://id.who.int/icd/entity/277953276	http://id.who.int/icd/release/11/mms/277953276	PB07		"- - - Unintentional threat to breathing by inhalation or ingestion of other objects or materials"	category	1	False	23	"=hyperlink(""https://icd.who.int/browse11/l-m/en#/http%3A%2F%2Fid.who.int%2Ficd%2Fentity%2F277953276"",""browser"")"	True	True	BlockL1-PA0	BlockL2-PB0			
http://id.who.int/icd/entity/1977284462	http://id.who.int/icd/release/11/mms/1977284462	PB08		"- - - Unintentional threat to breathing from low oxygen environment"	category	1	False	23	"=hyperlink(""https://icd.who.int/browse11/l-m/en#/http%3A%2F%2Fid.who.int%2Ficd%2Fentity%2F1977284462"",""browser"")"	True	True	BlockL1-PA0	BlockL2-PB0			
	http://id.who.int/icd/release/11/mms/1546589464/other	PB0Y		"- - - Unintentional threat to breathing by other specified means"	category	1	True	23	"=hyperlink(""https://icd.who.int/browse11/l-m/en#/http%3A%2F%2Fid.who.int%2Ficd%2Fentity%2F1546589464%2Fmms%2Fother"",""browser"")"	True	True	BlockL1-PA0	BlockL2-PB0			
	http://id.who.int/icd/release/11/mms/1546589464/unspecified	PB0Z		"- - - Unintentional threat to breathing by unspecified means"	category	1	True	23	"=hyperlink(""https://icd.who.int/browse11/l-m/en#/http%3A%2F%2Fid.who.int%2Ficd%2Fentity%2F1546589464%2Fmms%2Funspecified"",""browser"")"	True	True	BlockL1-PA0	BlockL2-PB0			
http://id.who.int/icd/entity/615802413	http://id.who.int/icd/release/11/mms/615802413		BlockL2-PB1	"- - Unintentional exposure to thermal mechanism"	block	2	False	23	"=hyperlink(""https://icd.who.int/browse11/l-m/en#/http%3A%2F%2Fid.who.int%2Ficd%2Fentity%2F615802413"",""browser"")"	False		BlockL1-PA0				
http://id.who.int/icd/entity/2096449099	http://id.who.int/icd/release/11/mms/2096449099	PB10		"- - - Unintentional exposure to uncontrolled fire"	category	1	False	23	"=hyperlink(""https://icd.who.int/browse11/l-m/en#/http%3A%2F%2Fid.who.int%2Ficd%2Fentity%2F2096449099"",""browser"")"	True	True	BlockL1-PA0	BlockL2-PB1			
http://id.who.int/icd/entity/818622979	http://id.who.int/icd/release/11/mms/818622979	PB11		"- - - Unintentional exposure to controlled fire"	category	1	False	23	"=hyperlink(""https://icd.who.int/browse11/l-m/en#/http%3A%2F%2Fid.who.int%2Ficd%2Fentity%2F818622979"",""browser"")"	True	True	BlockL1-PA0	BlockL2-PB1			
http://id.who.int/icd/entity/235566390	http://id.who.int/icd/release/11/mms/235566390	PB12		"- - - Unintentional exposure to ignition or melting of material"	category	1	False	23	"=hyperlink(""https://icd.who.int/browse11/l-m/en#/http%3A%2F%2Fid.who.int%2Ficd%2Fentity%2F235566390"",""browser"")"	True	True	BlockL1-PA0	BlockL2-PB1			
http://id.who.int/icd/entity/1085038878	http://id.who.int/icd/release/11/mms/1085038878	PB13		"- - - Unintentional contact with hot object or liquid"	category	1	False	23	"=hyperlink(""https://icd.who.int/browse11/l-m/en#/http%3A%2F%2Fid.who.int%2Ficd%2Fentity%2F1085038878"",""browser"")"	True	True	BlockL1-PA0	BlockL2-PB1			
http://id.who.int/icd/entity/991398335	http://id.who.int/icd/release/11/mms/991398335	PB14		"- - - Unintentional exposure to steam, hot vapour, air or gases"	category	1	False	23	"=hyperlink(""https://icd.who.int/browse11/l-m/en#/http%3A%2F%2Fid.who.int%2Ficd%2Fentity%2F991398335"",""browser"")"	True	True	BlockL1-PA0	BlockL2-PB1			
http://id.who.int/icd/entity/503010731	http://id.who.int/icd/release/11/mms/503010731	PB15		"- - - Unintentional exposure to excessive heat"	category	1	False	23	"=hyperlink(""https://icd.who.int/browse11/l-m/en#/http%3A%2F%2Fid.who.int%2Ficd%2Fentity%2F503010731"",""browser"")"	True	True	BlockL1-PA0	BlockL2-PB1			
http://id.who.int/icd/entity/525768567	http://id.who.int/icd/release/11/mms/525768567	PB16		"- - - Unintentional exposure to excessive cold"	category	1	False	23	"=hyperlink(""https://icd.who.int/browse11/l-m/en#/http%3A%2F%2Fid.who.int%2Ficd%2Fentity%2F525768567"",""browser"")"	True	True	BlockL1-PA0	BlockL2-PB1			
	http://id.who.int/icd/release/11/mms/615802413/other	PB1Y		"- - - Unintentional exposure to other specified thermal mechanism"	category	1	True	23	"=hyperlink(""https://icd.who.int/browse11/l-m/en#/http%3A%2F%2Fid.who.int%2Ficd%2Fentity%2F615802413%2Fmms%2Fother"",""browser"")"	True	True	BlockL1-PA0	BlockL2-PB1			
	http://id.who.int/icd/release/11/mms/615802413/unspecified	PB1Z		"- - - Unintentional exposure to unspecified thermal mechanism"	category	1	True	23	"=hyperlink(""https://icd.who.int/browse11/l-m/en#/http%3A%2F%2Fid.who.int%2Ficd%2Fentity%2F615802413%2Fmms%2Funspecified"",""browser"")"	True	True	BlockL1-PA0	BlockL2-PB1			
http://id.who.int/icd/entity/746448055	http://id.who.int/icd/release/11/mms/746448055		BlockL2-PB2	"- - Unintentional exposure to or harmful effects of substances"	block	2	False	23	"=hyperlink(""https://icd.who.int/browse11/l-m/en#/http%3A%2F%2Fid.who.int%2Ficd%2Fentity%2F746448055"",""browser"")"	False		BlockL1-PA0				
http://id.who.int/icd/entity/1450176443	http://id.who.int/icd/release/11/mms/1450176443		BlockL3-PB2	"- - - Unintentional exposure to or harmful effects of drugs, medicaments or biological substances"	block	3	False	23	"=hyperlink(""https://icd.who.int/browse11/l-m/en#/http%3A%2F%2Fid.who.int%2Ficd%2Fentity%2F1450176443"",""browser"")"	False		BlockL1-PA0	BlockL2-PB2			
http://id.who.int/icd/entity/1621932621	http://id.who.int/icd/release/11/mms/1621932621	PB20		"- - - - Unintentional exposure to or harmful effects of opioids or related analgesics"	category	1	False	23	"=hyperlink(""https://icd.who.int/browse11/l-m/en#/http%3A%2F%2Fid.who.int%2Ficd%2Fentity%2F1621932621"",""browser"")"	True	True	BlockL1-PA0	BlockL2-PB2	BlockL3-PB2		
http://id.who.int/icd/entity/730323782	http://id.who.int/icd/release/11/mms/730323782	PB21		"- - - - Unintentional exposure to or harmful effects of sedative hypnotic drugs or other CNS depressants"	category	1	False	23	"=hyperlink(""https://icd.who.int/browse11/l-m/en#/http%3A%2F%2Fid.who.int%2Ficd%2Fentity%2F730323782"",""browser"")"	True	True	BlockL1-PA0	BlockL2-PB2	BlockL3-PB2		
http://id.who.int/icd/entity/1385577280	http://id.who.int/icd/release/11/mms/1385577280	PB22		"- - - - Unintentional exposure to or harmful effects of psychostimulants"	category	1	False	23	"=hyperlink(""https://icd.who.int/browse11/l-m/en#/http%3A%2F%2Fid.who.int%2Ficd%2Fentity%2F1385577280"",""browser"")"	True	True	BlockL1-PA0	BlockL2-PB2	BlockL3-PB2		
http://id.who.int/icd/entity/1800966096	http://id.who.int/icd/release/11/mms/1800966096	PB23		"- - - - Unintentional exposure to or harmful effects of cannabinoids or hallucinogens"	category	1	False	23	"=hyperlink(""https://icd.who.int/browse11/l-m/en#/http%3A%2F%2Fid.who.int%2Ficd%2Fentity%2F1800966096"",""browser"")"	True	True	BlockL1-PA0	BlockL2-PB2	BlockL3-PB2		
http://id.who.int/icd/entity/158044974	http://id.who.int/icd/release/11/mms/158044974	PB24		"- - - - Unintentional exposure to or harmful effects of analgesics, antipyretics or nonsteroidal anti-inflammatory drugs"	category	1	False	23	"=hyperlink(""https://icd.who.int/browse11/l-m/en#/http%3A%2F%2Fid.who.int%2Ficd%2Fentity%2F158044974"",""browser"")"	True	True	BlockL1-PA0	BlockL2-PB2	BlockL3-PB2		
http://id.who.int/icd/entity/318214634	http://id.who.int/icd/release/11/mms/318214634	PB25		"- - - - Unintentional exposure to or harmful effects of antidepressants"	category	1	False	23	"=hyperlink(""https://icd.who.int/browse11/l-m/en#/http%3A%2F%2Fid.who.int%2Ficd%2Fentity%2F318214634"",""browser"")"	True	True	BlockL1-PA0	BlockL2-PB2	BlockL3-PB2		
http://id.who.int/icd/entity/229491232	http://id.who.int/icd/release/11/mms/229491232	PB26		"- - - - Unintentional exposure to or harmful effects of antipsychotics"	category	1	False	23	"=hyperlink(""https://icd.who.int/browse11/l-m/en#/http%3A%2F%2Fid.who.int%2Ficd%2Fentity%2F229491232"",""browser"")"	True	True	BlockL1-PA0	BlockL2-PB2	BlockL3-PB2		
http://id.who.int/icd/entity/1205038507	http://id.who.int/icd/release/11/mms/1205038507	PB27		"- - - - Unintentional exposure to or harmful effects of antiepileptics or antiparkinsonism drugs"	category	1	False	23	"=hyperlink(""https://icd.who.int/browse11/l-m/en#/http%3A%2F%2Fid.who.int%2Ficd%2Fentity%2F1205038507"",""browser"")"	True	True	BlockL1-PA0	BlockL2-PB2	BlockL3-PB2		
http://id.who.int/icd/entity/799356470	http://id.who.int/icd/release/11/mms/799356470	PB28		"- - - - Unintentional exposure to or harmful effects of other or unspecified drug, medicament or biological substance"	category	1	False	23	"=hyperlink(""https://icd.who.int/browse11/l-m/en#/http%3A%2F%2Fid.who.int%2Ficd%2Fentity%2F799356470"",""browser"")"	True	True	BlockL1-PA0	BlockL2-PB2	BlockL3-PB2		
http://id.who.int/icd/entity/557805369	http://id.who.int/icd/release/11/mms/557805369	PB29		"- - - - Unintentional exposure to or harmful effects of multiple drugs, medicaments or biological substances"	category	1	False	23	"=hyperlink(""https://icd.who.int/browse11/l-m/en#/http%3A%2F%2Fid.who.int%2Ficd%2Fentity%2F557805369"",""browser"")"	True	True	BlockL1-PA0	BlockL2-PB2	BlockL3-PB2		
http://id.who.int/icd/entity/678821627	http://id.who.int/icd/release/11/mms/678821627		BlockL3-PB3	"- - - Unintentional exposure to or harmful effects of substances chiefly nonmedicinal as to source"	block	3	False	23	"=hyperlink(""https://icd.who.int/browse11/l-m/en#/http%3A%2F%2Fid.who.int%2Ficd%2Fentity%2F678821627"",""browser"")"	False		BlockL1-PA0	BlockL2-PB2			
http://id.who.int/icd/entity/661435566	http://id.who.int/icd/release/11/mms/661435566	PB30		"- - - - Unintentional exposure to or harmful effects of alcohols"	category	1	False	23	"=hyperlink(""https://icd.who.int/browse11/l-m/en#/http%3A%2F%2Fid.who.int%2Ficd%2Fentity%2F661435566"",""browser"")"	True	True	BlockL1-PA0	BlockL2-PB2	BlockL3-PB3		
http://id.who.int/icd/entity/1432311790	http://id.who.int/icd/release/11/mms/1432311790	PB31		"- - - - Unintentional exposure to or harmful effects of organic solvents"	category	1	False	23	"=hyperlink(""https://icd.who.int/browse11/l-m/en#/http%3A%2F%2Fid.who.int%2Ficd%2Fentity%2F1432311790"",""browser"")"	True	True	BlockL1-PA0	BlockL2-PB2	BlockL3-PB3		
http://id.who.int/icd/entity/1493468505	http://id.who.int/icd/release/11/mms/1493468505	PB32		"- - - - Unintentional exposure to or harmful effects of carbon monoxide"	category	1	False	23	"=hyperlink(""https://icd.who.int/browse11/l-m/en#/http%3A%2F%2Fid.who.int%2Ficd%2Fentity%2F1493468505"",""browser"")"	True	True	BlockL1-PA0	BlockL2-PB2	BlockL3-PB3		
http://id.who.int/icd/entity/68853187	http://id.who.int/icd/release/11/mms/68853187	PB33		"- - - - Unintentional exposure to or harmful effects of pesticides"	category	1	False	23	"=hyperlink(""https://icd.who.int/browse11/l-m/en#/http%3A%2F%2Fid.who.int%2Ficd%2Fentity%2F68853187"",""browser"")"	True	True	BlockL1-PA0	BlockL2-PB2	BlockL3-PB3		
http://id.who.int/icd/entity/1168035624	http://id.who.int/icd/release/11/mms/1168035624	PB34		"- - - - Unintentional exposure to or harmful effects of corrosive substances"	category	1	False	23	"=hyperlink(""https://icd.who.int/browse11/l-m/en#/http%3A%2F%2Fid.who.int%2Ficd%2Fentity%2F1168035624"",""browser"")"	True	True	BlockL1-PA0	BlockL2-PB2	BlockL3-PB3		
http://id.who.int/icd/entity/254270381	http://id.who.int/icd/release/11/mms/254270381	PB35		"- - - - Unintentional exposure to or harmful effects of halogen derivatives of aliphatic or aromatic hydrocarbons"	category	1	False	23	"=hyperlink(""https://icd.who.int/browse11/l-m/en#/http%3A%2F%2Fid.who.int%2Ficd%2Fentity%2F254270381"",""browser"")"	True	True	BlockL1-PA0	BlockL2-PB2	BlockL3-PB3		
http://id.who.int/icd/entity/911708419	http://id.who.int/icd/release/11/mms/911708419	PB36		"- - - - Unintentional exposure to or harmful effects of other or unspecified substances chiefly nonmedicinal as to source"	category	1	False	23	"=hyperlink(""https://icd.who.int/browse11/l-m/en#/http%3A%2F%2Fid.who.int%2Ficd%2Fentity%2F911708419"",""browser"")"	True	True	BlockL1-PA0	BlockL2-PB2	BlockL3-PB3		
http://id.who.int/icd/entity/425728062	http://id.who.int/icd/release/11/mms/425728062		BlockL2-PB5	"- - Unintentional exposure to other mechanism"	block	2	False	23	"=hyperlink(""https://icd.who.int/browse11/l-m/en#/http%3A%2F%2Fid.who.int%2Ficd%2Fentity%2F425728062"",""browser"")"	False		BlockL1-PA0				
http://id.who.int/icd/entity/1097373678	http://id.who.int/icd/release/11/mms/1097373678	PB50		"- - - Unintentional exposure to foreign body in orifice"	category	1	False	23	"=hyperlink(""https://icd.who.int/browse11/l-m/en#/http%3A%2F%2Fid.who.int%2Ficd%2Fentity%2F1097373678"",""browser"")"	True	True	BlockL1-PA0	BlockL2-PB5			
http://id.who.int/icd/entity/1235293558	http://id.who.int/icd/release/11/mms/1235293558	PB51		"- - - Unintentional exposure to electric current"	category	1	False	23	"=hyperlink(""https://icd.who.int/browse11/l-m/en#/http%3A%2F%2Fid.who.int%2Ficd%2Fentity%2F1235293558"",""browser"")"	True	True	BlockL1-PA0	BlockL2-PB5			
http://id.who.int/icd/entity/580577024	http://id.who.int/icd/release/11/mms/580577024	PB52		"- - - Unintentional exposure to sunlight"	category	1	False	23	"=hyperlink(""https://icd.who.int/browse11/l-m/en#/http%3A%2F%2Fid.who.int%2Ficd%2Fentity%2F580577024"",""browser"")"	True	True	BlockL1-PA0	BlockL2-PB5			
http://id.who.int/icd/entity/136660883	http://id.who.int/icd/release/11/mms/136660883	PB53		"- - - Unintentional exposure to radiation"	category	1	False	23	"=hyperlink(""https://icd.who.int/browse11/l-m/en#/http%3A%2F%2Fid.who.int%2Ficd%2Fentity%2F136660883"",""browser"")"	True	True	BlockL1-PA0	BlockL2-PB5			
http://id.who.int/icd/entity/1736723450	http://id.who.int/icd/release/11/mms/1736723450	PB54		"- - - Unintentional exposure to high or low air pressure or changes in air pressure"	category	1	False	23	"=hyperlink(""https://icd.who.int/browse11/l-m/en#/http%3A%2F%2Fid.who.int%2Ficd%2Fentity%2F1736723450"",""browser"")"	True	True	BlockL1-PA0	BlockL2-PB5			
http://id.who.int/icd/entity/432499949	http://id.who.int/icd/release/11/mms/432499949	PB55		"- - - Unintentional exposure to explosion"	category	1	False	23	"=hyperlink(""https://icd.who.int/browse11/l-m/en#/http%3A%2F%2Fid.who.int%2Ficd%2Fentity%2F432499949"",""browser"")"	False	True	BlockL1-PA0	BlockL2-PB5			
http://id.who.int/icd/entity/1944518956	http://id.who.int/icd/release/11/mms/1944518956	PB55.0		"- - - - Unintentional exposure to chemical explosion"	category	2	False	23	"=hyperlink(""https://icd.who.int/browse11/l-m/en#/http%3A%2F%2Fid.who.int%2Ficd%2Fentity%2F1944518956"",""browser"")"	True	True	BlockL1-PA0	BlockL2-PB5			
http://id.who.int/icd/entity/1697220900	http://id.who.int/icd/release/11/mms/1697220900	PB55.1		"- - - - Unintentional exposure to explosion or rupture of pressurised materials or object"	category	2	False	23	"=hyperlink(""https://icd.who.int/browse11/l-m/en#/http%3A%2F%2Fid.who.int%2Ficd%2Fentity%2F1697220900"",""browser"")"	True	True	BlockL1-PA0	BlockL2-PB5			
	http://id.who.int/icd/release/11/mms/432499949/other	PB55.Y		"- - - - Other specified unintentional exposure to explosion"	category	2	True	23	"=hyperlink(""https://icd.who.int/browse11/l-m/en#/http%3A%2F%2Fid.who.int%2Ficd%2Fentity%2F432499949%2Fmms%2Fother"",""browser"")"	True	True	BlockL1-PA0	BlockL2-PB5			
	http://id.who.int/icd/release/11/mms/432499949/unspecified	PB55.Z		"- - - - Unintentional exposure to explosion, unspecified"	category	2	True	23	"=hyperlink(""https://icd.who.int/browse11/l-m/en#/http%3A%2F%2Fid.who.int%2Ficd%2Fentity%2F432499949%2Fmms%2Funspecified"",""browser"")"	True	True	BlockL1-PA0	BlockL2-PB5			
http://id.who.int/icd/entity/1405623749	http://id.who.int/icd/release/11/mms/1405623749	PB56		"- - - Unintentional exposure to physical overexertion"	category	1	False	23	"=hyperlink(""https://icd.who.int/browse11/l-m/en#/http%3A%2F%2Fid.who.int%2Ficd%2Fentity%2F1405623749"",""browser"")"	True	True	BlockL1-PA0	BlockL2-PB5			
http://id.who.int/icd/entity/53324392	http://id.who.int/icd/release/11/mms/53324392	PB57		"- - - Unintentional lack of food"	category	1	False	23	"=hyperlink(""https://icd.who.int/browse11/l-m/en#/http%3A%2F%2Fid.who.int%2Ficd%2Fentity%2F53324392"",""browser"")"	True	True	BlockL1-PA0	BlockL2-PB5			
http://id.who.int/icd/entity/13746702	http://id.who.int/icd/release/11/mms/13746702	PB58		"- - - Unintentional lack of water"	category	1	False	23	"=hyperlink(""https://icd.who.int/browse11/l-m/en#/http%3A%2F%2Fid.who.int%2Ficd%2Fentity%2F13746702"",""browser"")"	True	True	BlockL1-PA0	BlockL2-PB5			
http://id.who.int/icd/entity/1096126699	http://id.who.int/icd/release/11/mms/1096126699	PB59		"- - - Unintentional other specified privation"	category	1	False	23	"=hyperlink(""https://icd.who.int/browse11/l-m/en#/http%3A%2F%2Fid.who.int%2Ficd%2Fentity%2F1096126699"",""browser"")"	True	True	BlockL1-PA0	BlockL2-PB5			
http://id.who.int/icd/entity/866821016	http://id.who.int/icd/release/11/mms/866821016	PB5A		"- - - Unintentional abandonment"	category	1	False	23	"=hyperlink(""https://icd.who.int/browse11/l-m/en#/http%3A%2F%2Fid.who.int%2Ficd%2Fentity%2F866821016"",""browser"")"	True	True	BlockL1-PA0	BlockL2-PB5			
http://id.who.int/icd/entity/641539610	http://id.who.int/icd/release/11/mms/641539610	PB5B		"- - - Unintentional neglect"	category	1	False	23	"=hyperlink(""https://icd.who.int/browse11/l-m/en#/http%3A%2F%2Fid.who.int%2Ficd%2Fentity%2F641539610"",""browser"")"	True	True	BlockL1-PA0	BlockL2-PB5			
	http://id.who.int/icd/release/11/mms/980862652/other	PB6Y		"- - Other unintentional cause of morbidity or mortality"	category	1	True	23	"=hyperlink(""https://icd.who.int/browse11/l-m/en#/http%3A%2F%2Fid.who.int%2Ficd%2Fentity%2F980862652%2Fmms%2Fother"",""browser"")"	True	True	BlockL1-PA0				
	http://id.who.int/icd/release/11/mms/980862652/unspecified	PB6Z		"- - Unspecified unintentional cause of morbidity or mortality"	category	1	True	23	"=hyperlink(""https://icd.who.int/browse11/l-m/en#/http%3A%2F%2Fid.who.int%2Ficd%2Fentity%2F980862652%2Fmms%2Funspecified"",""browser"")"	True	True	BlockL1-PA0				
http://id.who.int/icd/entity/851395624	http://id.who.int/icd/release/11/mms/851395624		BlockL1-PB8	"- Intentional self-harm"	block	1	False	23	"=hyperlink(""https://icd.who.int/browse11/l-m/en#/http%3A%2F%2Fid.who.int%2Ficd%2Fentity%2F851395624"",""browser"")"	False						
http://id.who.int/icd/entity/1268872746	http://id.who.int/icd/release/11/mms/1268872746		BlockL2-PB8	"- - Intentional self-harm by transport injury event"	block	2	False	23	"=hyperlink(""https://icd.who.int/browse11/l-m/en#/http%3A%2F%2Fid.who.int%2Ficd%2Fentity%2F1268872746"",""browser"")"	False		BlockL1-PB8				
http://id.who.int/icd/entity/1494862045	http://id.who.int/icd/release/11/mms/1494862045	PB80		"- - - Intentional self-harm by land transport road traffic injury event"	category	1	False	23	"=hyperlink(""https://icd.who.int/browse11/l-m/en#/http%3A%2F%2Fid.who.int%2Ficd%2Fentity%2F1494862045"",""browser"")"	True	True	BlockL1-PB8	BlockL2-PB8			
http://id.who.int/icd/entity/110743840	http://id.who.int/icd/release/11/mms/110743840	PB81		"- - - Intentional self-harm by land transport off-road nontraffic injury event"	category	1	False	23	"=hyperlink(""https://icd.who.int/browse11/l-m/en#/http%3A%2F%2Fid.who.int%2Ficd%2Fentity%2F110743840"",""browser"")"	True	True	BlockL1-PB8	BlockL2-PB8			
http://id.who.int/icd/entity/1341355053	http://id.who.int/icd/release/11/mms/1341355053	PB82		"- - - Intentional self-harm by land transport injury event unknown whether traffic or nontraffic"	category	1	False	23	"=hyperlink(""https://icd.who.int/browse11/l-m/en#/http%3A%2F%2Fid.who.int%2Ficd%2Fentity%2F1341355053"",""browser"")"	True	True	BlockL1-PB8	BlockL2-PB8			
http://id.who.int/icd/entity/1251979944	http://id.who.int/icd/release/11/mms/1251979944	PB83		"- - - Intentional self-harm by railway transport injury event"	category	1	False	23	"=hyperlink(""https://icd.who.int/browse11/l-m/en#/http%3A%2F%2Fid.who.int%2Ficd%2Fentity%2F1251979944"",""browser"")"	True	True	BlockL1-PB8	BlockL2-PB8			
http://id.who.int/icd/entity/861644430	http://id.who.int/icd/release/11/mms/861644430		BlockL3-PB9	"- - - Intentional self-harm by water transport injury event"	block	3	False	23	"=hyperlink(""https://icd.who.int/browse11/l-m/en#/http%3A%2F%2Fid.who.int%2Ficd%2Fentity%2F861644430"",""browser"")"	False		BlockL1-PB8	BlockL2-PB8			
http://id.who.int/icd/entity/764512290	http://id.who.int/icd/release/11/mms/764512290	PB90		"- - - - Intentional self-harm by water transport injury event with water vessel damaged, disabled or destroyed"	category	1	False	23	"=hyperlink(""https://icd.who.int/browse11/l-m/en#/http%3A%2F%2Fid.who.int%2Ficd%2Fentity%2F764512290"",""browser"")"	True	True	BlockL1-PB8	BlockL2-PB8	BlockL3-PB9		
http://id.who.int/icd/entity/326609514	http://id.who.int/icd/release/11/mms/326609514	PB91		"- - - - Intentional self-harm by water transport injury event with water vessel not damaged, disabled or destroyed"	category	1	False	23	"=hyperlink(""https://icd.who.int/browse11/l-m/en#/http%3A%2F%2Fid.who.int%2Ficd%2Fentity%2F326609514"",""browser"")"	False	True	BlockL1-PB8	BlockL2-PB8	BlockL3-PB9		
http://id.who.int/icd/entity/1670604478	http://id.who.int/icd/release/11/mms/1670604478	PB91.0		"- - - - - Intentional self-harm by water transport injury event with water vessel not damaged, disabled or destroyed causing submersion or drowning"	category	2	False	23	"=hyperlink(""https://icd.who.int/browse11/l-m/en#/http%3A%2F%2Fid.who.int%2Ficd%2Fentity%2F1670604478"",""browser"")"	True	True	BlockL1-PB8	BlockL2-PB8	BlockL3-PB9		
http://id.who.int/icd/entity/54438935	http://id.who.int/icd/release/11/mms/54438935	PB91.1		"- - - - - Intentional self-harm by water transport injury event with water vessel not damaged, disabled or destroyed causing other injury"	category	2	False	23	"=hyperlink(""https://icd.who.int/browse11/l-m/en#/http%3A%2F%2Fid.who.int%2Ficd%2Fentity%2F54438935"",""browser"")"	True	True	BlockL1-PB8	BlockL2-PB8	BlockL3-PB9		
	http://id.who.int/icd/release/11/mms/326609514/unspecified	PB91.Z		"- - - - - Intentional self-harm by water transport injury event with water vessel not damaged, disabled or destroyed, unspecified"	category	2	True	23	"=hyperlink(""https://icd.who.int/browse11/l-m/en#/http%3A%2F%2Fid.who.int%2Ficd%2Fentity%2F326609514%2Fmms%2Funspecified"",""browser"")"	True	True	BlockL1-PB8	BlockL2-PB8	BlockL3-PB9		
	http://id.who.int/icd/release/11/mms/861644430/unspecified	PB9Z		"- - - - Intentional self-harm by water transport injury event with damage to water vessel unspecified"	category	1	True	23	"=hyperlink(""https://icd.who.int/browse11/l-m/en#/http%3A%2F%2Fid.who.int%2Ficd%2Fentity%2F861644430%2Fmms%2Funspecified"",""browser"")"	True	True	BlockL1-PB8	BlockL2-PB8	BlockL3-PB9		
http://id.who.int/icd/entity/215074196	http://id.who.int/icd/release/11/mms/215074196		BlockL3-PC0	"- - - Intentional self-harm by air or space transport injury event"	block	3	False	23	"=hyperlink(""https://icd.who.int/browse11/l-m/en#/http%3A%2F%2Fid.who.int%2Ficd%2Fentity%2F215074196"",""browser"")"	False		BlockL1-PB8	BlockL2-PB8			
http://id.who.int/icd/entity/1939351585	http://id.who.int/icd/release/11/mms/1939351585	PC00		"- - - - Intentional self-harm by air or space transport injury event with aircraft or spacecraft damaged, disabled or destroyed"	category	1	False	23	"=hyperlink(""https://icd.who.int/browse11/l-m/en#/http%3A%2F%2Fid.who.int%2Ficd%2Fentity%2F1939351585"",""browser"")"	True	True	BlockL1-PB8	BlockL2-PB8	BlockL3-PC0		
http://id.who.int/icd/entity/596179872	http://id.who.int/icd/release/11/mms/596179872	PC01		"- - - - Intentional self-harm by air or space transport injury event with aircraft or spacecraft not damaged, disabled or destroyed"	category	1	False	23	"=hyperlink(""https://icd.who.int/browse11/l-m/en#/http%3A%2F%2Fid.who.int%2Ficd%2Fentity%2F596179872"",""browser"")"	True	True	BlockL1-PB8	BlockL2-PB8	BlockL3-PC0		
	http://id.who.int/icd/release/11/mms/215074196/unspecified	PC0Z		"- - - - Intentional self-harm by air or space transport injury event with damage to aircraft or spacecraft unspecified"	category	1	True	23	"=hyperlink(""https://icd.who.int/browse11/l-m/en#/http%3A%2F%2Fid.who.int%2Ficd%2Fentity%2F215074196%2Fmms%2Funspecified"",""browser"")"	True	True	BlockL1-PB8	BlockL2-PB8	BlockL3-PC0		
	http://id.who.int/icd/release/11/mms/1268872746/other	PC2Y		"- - - Intentional self-harm by other specified transport injury event"	category	1	True	23	"=hyperlink(""https://icd.who.int/browse11/l-m/en#/http%3A%2F%2Fid.who.int%2Ficd%2Fentity%2F1268872746%2Fmms%2Fother"",""browser"")"	True	True	BlockL1-PB8	BlockL2-PB8			
	http://id.who.int/icd/release/11/mms/1268872746/unspecified	PC2Z		"- - - Intentional self-harm by transport injury event, unspecified"	category	1	True	23	"=hyperlink(""https://icd.who.int/browse11/l-m/en#/http%3A%2F%2Fid.who.int%2Ficd%2Fentity%2F1268872746%2Fmms%2Funspecified"",""browser"")"	True	True	BlockL1-PB8	BlockL2-PB8			
http://id.who.int/icd/entity/1578494278	http://id.who.int/icd/release/11/mms/1578494278		BlockL2-PC3	"- - Intentional self-harm by fall or jump"	block	2	False	23	"=hyperlink(""https://icd.who.int/browse11/l-m/en#/http%3A%2F%2Fid.who.int%2Ficd%2Fentity%2F1578494278"",""browser"")"	False		BlockL1-PB8				
http://id.who.int/icd/entity/244051855	http://id.who.int/icd/release/11/mms/244051855	PC30		"- - - Intentional self-harm by fall or jump on same level or from less than 1 metre"	category	1	False	23	"=hyperlink(""https://icd.who.int/browse11/l-m/en#/http%3A%2F%2Fid.who.int%2Ficd%2Fentity%2F244051855"",""browser"")"	True	True	BlockL1-PB8	BlockL2-PC3			
http://id.who.int/icd/entity/1039175191	http://id.who.int/icd/release/11/mms/1039175191	PC31		"- - - Intentional self-harm by fall or jump from a height of 1 metre or more"	category	1	False	23	"=hyperlink(""https://icd.who.int/browse11/l-m/en#/http%3A%2F%2Fid.who.int%2Ficd%2Fentity%2F1039175191"",""browser"")"	True	True	BlockL1-PB8	BlockL2-PC3			
	http://id.who.int/icd/release/11/mms/1578494278/other	PC3Y		"- - - Other specified intentional self-harm by fall or jump"	category	1	True	23	"=hyperlink(""https://icd.who.int/browse11/l-m/en#/http%3A%2F%2Fid.who.int%2Ficd%2Fentity%2F1578494278%2Fmms%2Fother"",""browser"")"	True	True	BlockL1-PB8	BlockL2-PC3			
	http://id.who.int/icd/release/11/mms/1578494278/unspecified	PC3Z		"- - - Intentional self-harm by fall or jump, unspecified"	category	1	True	23	"=hyperlink(""https://icd.who.int/browse11/l-m/en#/http%3A%2F%2Fid.who.int%2Ficd%2Fentity%2F1578494278%2Fmms%2Funspecified"",""browser"")"	True	True	BlockL1-PB8	BlockL2-PC3			
http://id.who.int/icd/entity/477124011	http://id.who.int/icd/release/11/mms/477124011		BlockL2-PC4	"- - Intentional self-harm by contact with person, animal or plant"	block	2	False	23	"=hyperlink(""https://icd.who.int/browse11/l-m/en#/http%3A%2F%2Fid.who.int%2Ficd%2Fentity%2F477124011"",""browser"")"	False		BlockL1-PB8				
http://id.who.int/icd/entity/1426723568	http://id.who.int/icd/release/11/mms/1426723568	PC40		"- - - Intentional self-harm by being struck, kicked, or bumped by person"	category	1	False	23	"=hyperlink(""https://icd.who.int/browse11/l-m/en#/http%3A%2F%2Fid.who.int%2Ficd%2Fentity%2F1426723568"",""browser"")"	True	True	BlockL1-PB8	BlockL2-PC4			
http://id.who.int/icd/entity/1674653276	http://id.who.int/icd/release/11/mms/1674653276	PC41		"- - - Intentional self-harm by being struck, kicked, or bumped by animal"	category	1	False	23	"=hyperlink(""https://icd.who.int/browse11/l-m/en#/http%3A%2F%2Fid.who.int%2Ficd%2Fentity%2F1674653276"",""browser"")"	True	True	BlockL1-PB8	BlockL2-PC4			
http://id.who.int/icd/entity/1573097580	http://id.who.int/icd/release/11/mms/1573097580	PC42		"- - - Intentional self-harm by being stepped on or crushed by person"	category	1	False	23	"=hyperlink(""https://icd.who.int/browse11/l-m/en#/http%3A%2F%2Fid.who.int%2Ficd%2Fentity%2F1573097580"",""browser"")"	True	True	BlockL1-PB8	BlockL2-PC4			
http://id.who.int/icd/entity/360470601	http://id.who.int/icd/release/11/mms/360470601	PC43		"- - - Intentional self-harm by being stepped on or crushed by animal"	category	1	False	23	"=hyperlink(""https://icd.who.int/browse11/l-m/en#/http%3A%2F%2Fid.who.int%2Ficd%2Fentity%2F360470601"",""browser"")"	True	True	BlockL1-PB8	BlockL2-PC4			
http://id.who.int/icd/entity/547251373	http://id.who.int/icd/release/11/mms/547251373	PC44		"- - - Intentional self-harm by being bitten by animal"	category	1	False	23	"=hyperlink(""https://icd.who.int/browse11/l-m/en#/http%3A%2F%2Fid.who.int%2Ficd%2Fentity%2F547251373"",""browser"")"	True	True	BlockL1-PB8	BlockL2-PC4			
http://id.who.int/icd/entity/1350886874	http://id.who.int/icd/release/11/mms/1350886874	PC45		"- - - Intentional self-harm by being scratched or clawed by person"	category	1	False	23	"=hyperlink(""https://icd.who.int/browse11/l-m/en#/http%3A%2F%2Fid.who.int%2Ficd%2Fentity%2F1350886874"",""browser"")"	True	True	BlockL1-PB8	BlockL2-PC4			
http://id.who.int/icd/entity/218361872	http://id.who.int/icd/release/11/mms/218361872	PC46		"- - - Intentional self-harm by being scratched or clawed by animal"	category	1	False	23	"=hyperlink(""https://icd.who.int/browse11/l-m/en#/http%3A%2F%2Fid.who.int%2Ficd%2Fentity%2F218361872"",""browser"")"	True	True	BlockL1-PB8	BlockL2-PC4			
http://id.who.int/icd/entity/2125838599	http://id.who.int/icd/release/11/mms/2125838599	PC47		"- - - Intentional self-harm by being stung or envenomated by animal"	category	1	False	23	"=hyperlink(""https://icd.who.int/browse11/l-m/en#/http%3A%2F%2Fid.who.int%2Ficd%2Fentity%2F2125838599"",""browser"")"	True	True	BlockL1-PB8	BlockL2-PC4			
http://id.who.int/icd/entity/716491223	http://id.who.int/icd/release/11/mms/716491223	PC48		"- - - Intentional self-harm by contact with plant"	category	1	False	23	"=hyperlink(""https://icd.who.int/browse11/l-m/en#/http%3A%2F%2Fid.who.int%2Ficd%2Fentity%2F716491223"",""browser"")"	True	True	BlockL1-PB8	BlockL2-PC4			
	http://id.who.int/icd/release/11/mms/477124011/other	PC4Y		"- - - Other specified type of intentional self-harm by contact with person, animal or plant"	category	1	True	23	"=hyperlink(""https://icd.who.int/browse11/l-m/en#/http%3A%2F%2Fid.who.int%2Ficd%2Fentity%2F477124011%2Fmms%2Fother"",""browser"")"	True	True	BlockL1-PB8	BlockL2-PC4			
	http://id.who.int/icd/release/11/mms/477124011/unspecified	PC4Z		"- - - Intentional self-harm by contact with person, animal or plant, type unspecified"	category	1	True	23	"=hyperlink(""https://icd.who.int/browse11/l-m/en#/http%3A%2F%2Fid.who.int%2Ficd%2Fentity%2F477124011%2Fmms%2Funspecified"",""browser"")"	True	True	BlockL1-PB8	BlockL2-PC4			
http://id.who.int/icd/entity/1576273742	http://id.who.int/icd/release/11/mms/1576273742		BlockL2-PC5	"- - Intentional self-harm by exposure to object, not elsewhere classified"	block	2	False	23	"=hyperlink(""https://icd.who.int/browse11/l-m/en#/http%3A%2F%2Fid.who.int%2Ficd%2Fentity%2F1576273742"",""browser"")"	False		BlockL1-PB8				
http://id.who.int/icd/entity/898455971	http://id.who.int/icd/release/11/mms/898455971	PC50		"- - - Intentional self-harm by being struck by projectile from firearm"	category	1	False	23	"=hyperlink(""https://icd.who.int/browse11/l-m/en#/http%3A%2F%2Fid.who.int%2Ficd%2Fentity%2F898455971"",""browser"")"	False	True	BlockL1-PB8	BlockL2-PC5			
http://id.who.int/icd/entity/530464726	http://id.who.int/icd/release/11/mms/530464726	PC50.0		"- - - - Intentional self-harm by projectile from handgun"	category	2	False	23	"=hyperlink(""https://icd.who.int/browse11/l-m/en#/http%3A%2F%2Fid.who.int%2Ficd%2Fentity%2F530464726"",""browser"")"	True	True	BlockL1-PB8	BlockL2-PC5			
http://id.who.int/icd/entity/2060841540	http://id.who.int/icd/release/11/mms/2060841540	PC50.1		"- - - - Intentional self-harm by projectile from rifle, shotgun or larger firearm"	category	2	False	23	"=hyperlink(""https://icd.who.int/browse11/l-m/en#/http%3A%2F%2Fid.who.int%2Ficd%2Fentity%2F2060841540"",""browser"")"	True	True	BlockL1-PB8	BlockL2-PC5			
	http://id.who.int/icd/release/11/mms/898455971/other	PC50.Y		"- - - - Other specified intentional self-harm by being struck by projectile from firearm"	category	2	True	23	"=hyperlink(""https://icd.who.int/browse11/l-m/en#/http%3A%2F%2Fid.who.int%2Ficd%2Fentity%2F898455971%2Fmms%2Fother"",""browser"")"	True	True	BlockL1-PB8	BlockL2-PC5			
	http://id.who.int/icd/release/11/mms/898455971/unspecified	PC50.Z		"- - - - Intentional self-harm by being struck by projectile from firearm, unspecified"	category	2	True	23	"=hyperlink(""https://icd.who.int/browse11/l-m/en#/http%3A%2F%2Fid.who.int%2Ficd%2Fentity%2F898455971%2Fmms%2Funspecified"",""browser"")"	True	True	BlockL1-PB8	BlockL2-PC5			
http://id.who.int/icd/entity/1354844071	http://id.who.int/icd/release/11/mms/1354844071	PC51		"- - - Intentional self-harm by being struck by moving object, not elsewhere classified"	category	1	False	23	"=hyperlink(""https://icd.who.int/browse11/l-m/en#/http%3A%2F%2Fid.who.int%2Ficd%2Fentity%2F1354844071"",""browser"")"	True	True	BlockL1-PB8	BlockL2-PC5			
http://id.who.int/icd/entity/289740098	http://id.who.int/icd/release/11/mms/289740098	PC52		"- - - Intentional self-harm by striking against stationary object"	category	1	False	23	"=hyperlink(""https://icd.who.int/browse11/l-m/en#/http%3A%2F%2Fid.who.int%2Ficd%2Fentity%2F289740098"",""browser"")"	True	True	BlockL1-PB8	BlockL2-PC5			
http://id.who.int/icd/entity/1982700467	http://id.who.int/icd/release/11/mms/1982700467	PC53		"- - - Intentional self-harm by being cut or pierced by sharp object"	category	1	False	23	"=hyperlink(""https://icd.who.int/browse11/l-m/en#/http%3A%2F%2Fid.who.int%2Ficd%2Fentity%2F1982700467"",""browser"")"	False	True	BlockL1-PB8	BlockL2-PC5			
http://id.who.int/icd/entity/1927726208	http://id.who.int/icd/release/11/mms/1927726208	PC53.0		"- - - - Intentional self-harm by being cut or pierced by knife, sword or dagger"	category	2	False	23	"=hyperlink(""https://icd.who.int/browse11/l-m/en#/http%3A%2F%2Fid.who.int%2Ficd%2Fentity%2F1927726208"",""browser"")"	True	True	BlockL1-PB8	BlockL2-PC5			
http://id.who.int/icd/entity/1897573398	http://id.who.int/icd/release/11/mms/1897573398	PC53.1		"- - - - Intentional self-harm by being cut or pierced by sharp glass"	category	2	False	23	"=hyperlink(""https://icd.who.int/browse11/l-m/en#/http%3A%2F%2Fid.who.int%2Ficd%2Fentity%2F1897573398"",""browser"")"	True	True	BlockL1-PB8	BlockL2-PC5			
	http://id.who.int/icd/release/11/mms/1982700467/other	PC53.Y		"- - - - Other specified intentional self-harm by being cut or pierced by sharp object"	category	2	True	23	"=hyperlink(""https://icd.who.int/browse11/l-m/en#/http%3A%2F%2Fid.who.int%2Ficd%2Fentity%2F1982700467%2Fmms%2Fother"",""browser"")"	True	True	BlockL1-PB8	BlockL2-PC5			
	http://id.who.int/icd/release/11/mms/1982700467/unspecified	PC53.Z		"- - - - Intentional self-harm by being cut or pierced by sharp object, unspecified"	category	2	True	23	"=hyperlink(""https://icd.who.int/browse11/l-m/en#/http%3A%2F%2Fid.who.int%2Ficd%2Fentity%2F1982700467%2Fmms%2Funspecified"",""browser"")"	True	True	BlockL1-PB8	BlockL2-PC5			
http://id.who.int/icd/entity/1706355199	http://id.who.int/icd/release/11/mms/1706355199	PC54		"- - - Intentional self-harm by being struck by blunt object"	category	1	False	23	"=hyperlink(""https://icd.who.int/browse11/l-m/en#/http%3A%2F%2Fid.who.int%2Ficd%2Fentity%2F1706355199"",""browser"")"	True	True	BlockL1-PB8	BlockL2-PC5			
http://id.who.int/icd/entity/1673143871	http://id.who.int/icd/release/11/mms/1673143871	PC55		"- - - Intentional self-harm by being caught, crushed, jammed or pinched between objects"	category	1	False	23	"=hyperlink(""https://icd.who.int/browse11/l-m/en#/http%3A%2F%2Fid.who.int%2Ficd%2Fentity%2F1673143871"",""browser"")"	True	True	BlockL1-PB8	BlockL2-PC5			
	http://id.who.int/icd/release/11/mms/1576273742/other	PC5Y		"- - - Intentional self harm by contact with other specified type of weapon"	category	1	True	23	"=hyperlink(""https://icd.who.int/browse11/l-m/en#/http%3A%2F%2Fid.who.int%2Ficd%2Fentity%2F1576273742%2Fmms%2Fother"",""browser"")"	True	True	BlockL1-PB8	BlockL2-PC5			
	http://id.who.int/icd/release/11/mms/1576273742/unspecified	PC5Z		"- - - Intentional self harm by contact with weapon, type unspecified"	category	1	True	23	"=hyperlink(""https://icd.who.int/browse11/l-m/en#/http%3A%2F%2Fid.who.int%2Ficd%2Fentity%2F1576273742%2Fmms%2Funspecified"",""browser"")"	True	True	BlockL1-PB8	BlockL2-PC5			
http://id.who.int/icd/entity/1798532905	http://id.who.int/icd/release/11/mms/1798532905		BlockL2-PC6	"- - Intentional self-harm by immersion, submersion or falling into water"	block	2	False	23	"=hyperlink(""https://icd.who.int/browse11/l-m/en#/http%3A%2F%2Fid.who.int%2Ficd%2Fentity%2F1798532905"",""browser"")"	False		BlockL1-PB8				
http://id.who.int/icd/entity/2107933048	http://id.who.int/icd/release/11/mms/2107933048	PC60		"- - - Intentional self-harm by drowning or submersion while in body of water"	category	1	False	23	"=hyperlink(""https://icd.who.int/browse11/l-m/en#/http%3A%2F%2Fid.who.int%2Ficd%2Fentity%2F2107933048"",""browser"")"	True	True	BlockL1-PB8	BlockL2-PC6			
http://id.who.int/icd/entity/712376704	http://id.who.int/icd/release/11/mms/712376704	PC61		"- - - Intentional self-harm by drowning or submersion following fall into body of water"	category	1	False	23	"=hyperlink(""https://icd.who.int/browse11/l-m/en#/http%3A%2F%2Fid.who.int%2Ficd%2Fentity%2F712376704"",""browser"")"	True	True	BlockL1-PB8	BlockL2-PC6			
http://id.who.int/icd/entity/1932151792	http://id.who.int/icd/release/11/mms/1932151792	PC62		"- - - Intentional self-harm by injury other than drowning while in body of water"	category	1	False	23	"=hyperlink(""https://icd.who.int/browse11/l-m/en#/http%3A%2F%2Fid.who.int%2Ficd%2Fentity%2F1932151792"",""browser"")"	True	True	BlockL1-PB8	BlockL2-PC6			
http://id.who.int/icd/entity/2003969344	http://id.who.int/icd/release/11/mms/2003969344	PC63		"- - - Intentional self-harm by injury other than drowning following fall into body of water"	category	1	False	23	"=hyperlink(""https://icd.who.int/browse11/l-m/en#/http%3A%2F%2Fid.who.int%2Ficd%2Fentity%2F2003969344"",""browser"")"	True	True	BlockL1-PB8	BlockL2-PC6			
	http://id.who.int/icd/release/11/mms/1798532905/unspecified	PC6Z		"- - - Intentional self-harm by immersion, submersion or falling into water, unspecified"	category	1	True	23	"=hyperlink(""https://icd.who.int/browse11/l-m/en#/http%3A%2F%2Fid.who.int%2Ficd%2Fentity%2F1798532905%2Fmms%2Funspecified"",""browser"")"	True	True	BlockL1-PB8	BlockL2-PC6			
http://id.who.int/icd/entity/242787005	http://id.who.int/icd/release/11/mms/242787005		BlockL2-PC7	"- - Intentional self-harm by threat to breathing"	block	2	False	23	"=hyperlink(""https://icd.who.int/browse11/l-m/en#/http%3A%2F%2Fid.who.int%2Ficd%2Fentity%2F242787005"",""browser"")"	False		BlockL1-PB8				
http://id.who.int/icd/entity/117349678	http://id.who.int/icd/release/11/mms/117349678	PC70		"- - - Intentional self-harm by threat to breathing by suffocation from object covering mouth or nose"	category	1	False	23	"=hyperlink(""https://icd.who.int/browse11/l-m/en#/http%3A%2F%2Fid.who.int%2Ficd%2Fentity%2F117349678"",""browser"")"	True	True	BlockL1-PB8	BlockL2-PC7			
http://id.who.int/icd/entity/807340493	http://id.who.int/icd/release/11/mms/807340493	PC71		"- - - Intentional self-harm by threat to breathing by hanging"	category	1	False	23	"=hyperlink(""https://icd.who.int/browse11/l-m/en#/http%3A%2F%2Fid.who.int%2Ficd%2Fentity%2F807340493"",""browser"")"	True	True	BlockL1-PB8	BlockL2-PC7			
http://id.who.int/icd/entity/629716033	http://id.who.int/icd/release/11/mms/629716033	PC72		"- - - Intentional self-harm by threat to breathing by strangulation"	category	1	False	23	"=hyperlink(""https://icd.who.int/browse11/l-m/en#/http%3A%2F%2Fid.who.int%2Ficd%2Fentity%2F629716033"",""browser"")"	True	True	BlockL1-PB8	BlockL2-PC7			
http://id.who.int/icd/entity/1678567076	http://id.who.int/icd/release/11/mms/1678567076	PC73		"- - - Intentional self-harm by threat to breathing by external compression of airways or chest"	category	1	False	23	"=hyperlink(""https://icd.who.int/browse11/l-m/en#/http%3A%2F%2Fid.who.int%2Ficd%2Fentity%2F1678567076"",""browser"")"	True	True	BlockL1-PB8	BlockL2-PC7			
http://id.who.int/icd/entity/1437307860	http://id.who.int/icd/release/11/mms/1437307860	PC74		"- - - Intentional self-harm by inhalation or ingestion of gastric contents"	category	1	False	23	"=hyperlink(""https://icd.who.int/browse11/l-m/en#/http%3A%2F%2Fid.who.int%2Ficd%2Fentity%2F1437307860"",""browser"")"	True	True	BlockL1-PB8	BlockL2-PC7			
http://id.who.int/icd/entity/800937001	http://id.who.int/icd/release/11/mms/800937001	PC75		"- - - Intentional self-harm by threat to breathing by inhalation or ingestion of liquids"	category	1	False	23	"=hyperlink(""https://icd.who.int/browse11/l-m/en#/http%3A%2F%2Fid.who.int%2Ficd%2Fentity%2F800937001"",""browser"")"	True	True	BlockL1-PB8	BlockL2-PC7			
http://id.who.int/icd/entity/661968563	http://id.who.int/icd/release/11/mms/661968563	PC76		"- - - Intentional self-harm by threat to breathing by inhalation or ingestion of food"	category	1	False	23	"=hyperlink(""https://icd.who.int/browse11/l-m/en#/http%3A%2F%2Fid.who.int%2Ficd%2Fentity%2F661968563"",""browser"")"	True	True	BlockL1-PB8	BlockL2-PC7			
http://id.who.int/icd/entity/294994514	http://id.who.int/icd/release/11/mms/294994514	PC77		"- - - Intentional self-harm by threat to breathing by inhalation or ingestion of other objects or materials"	category	1	False	23	"=hyperlink(""https://icd.who.int/browse11/l-m/en#/http%3A%2F%2Fid.who.int%2Ficd%2Fentity%2F294994514"",""browser"")"	True	True	BlockL1-PB8	BlockL2-PC7			
http://id.who.int/icd/entity/308881980	http://id.who.int/icd/release/11/mms/308881980	PC78		"- - - Intentional self-harm by threat to breathing from low oxygen environment"	category	1	False	23	"=hyperlink(""https://icd.who.int/browse11/l-m/en#/http%3A%2F%2Fid.who.int%2Ficd%2Fentity%2F308881980"",""browser"")"	True	True	BlockL1-PB8	BlockL2-PC7			
	http://id.who.int/icd/release/11/mms/242787005/other	PC7Y		"- - - Other specified intentional self-harm by threat to breathing"	category	1	True	23	"=hyperlink(""https://icd.who.int/browse11/l-m/en#/http%3A%2F%2Fid.who.int%2Ficd%2Fentity%2F242787005%2Fmms%2Fother"",""browser"")"	True	True	BlockL1-PB8	BlockL2-PC7			
	http://id.who.int/icd/release/11/mms/242787005/unspecified	PC7Z		"- - - Intentional self-harm by threat to breathing, unspecified"	category	1	True	23	"=hyperlink(""https://icd.who.int/browse11/l-m/en#/http%3A%2F%2Fid.who.int%2Ficd%2Fentity%2F242787005%2Fmms%2Funspecified"",""browser"")"	True	True	BlockL1-PB8	BlockL2-PC7			
http://id.who.int/icd/entity/102325528	http://id.who.int/icd/release/11/mms/102325528		BlockL2-PC8	"- - Intentional self-harm by exposure to thermal mechanism"	block	2	False	23	"=hyperlink(""https://icd.who.int/browse11/l-m/en#/http%3A%2F%2Fid.who.int%2Ficd%2Fentity%2F102325528"",""browser"")"	False		BlockL1-PB8				
http://id.who.int/icd/entity/1991890016	http://id.who.int/icd/release/11/mms/1991890016	PC80		"- - - Intentional self-harm by exposure to controlled fire"	category	1	False	23	"=hyperlink(""https://icd.who.int/browse11/l-m/en#/http%3A%2F%2Fid.who.int%2Ficd%2Fentity%2F1991890016"",""browser"")"	True	True	BlockL1-PB8	BlockL2-PC8			
http://id.who.int/icd/entity/2028138300	http://id.who.int/icd/release/11/mms/2028138300	PC81		"- - - Intentional self-harm by exposure to uncontrolled fire"	category	1	False	23	"=hyperlink(""https://icd.who.int/browse11/l-m/en#/http%3A%2F%2Fid.who.int%2Ficd%2Fentity%2F2028138300"",""browser"")"	True	True	BlockL1-PB8	BlockL2-PC8			
http://id.who.int/icd/entity/40133327	http://id.who.int/icd/release/11/mms/40133327	PC82		"- - - Intentional self-harm by exposure to ignition or melting of material"	category	1	False	23	"=hyperlink(""https://icd.who.int/browse11/l-m/en#/http%3A%2F%2Fid.who.int%2Ficd%2Fentity%2F40133327"",""browser"")"	True	True	BlockL1-PB8	BlockL2-PC8			
http://id.who.int/icd/entity/13213715	http://id.who.int/icd/release/11/mms/13213715	PC83		"- - - Intentional self-harm by contact with hot object or liquid"	category	1	False	23	"=hyperlink(""https://icd.who.int/browse11/l-m/en#/http%3A%2F%2Fid.who.int%2Ficd%2Fentity%2F13213715"",""browser"")"	True	True	BlockL1-PB8	BlockL2-PC8			
http://id.who.int/icd/entity/2106994985	http://id.who.int/icd/release/11/mms/2106994985	PC84		"- - - Intentional self-harm by exposure to steam, hot vapour, air or gases"	category	1	False	23	"=hyperlink(""https://icd.who.int/browse11/l-m/en#/http%3A%2F%2Fid.who.int%2Ficd%2Fentity%2F2106994985"",""browser"")"	True	True	BlockL1-PB8	BlockL2-PC8			
http://id.who.int/icd/entity/1274049241	http://id.who.int/icd/release/11/mms/1274049241	PC85		"- - - Intentional self-harm by exposure to excessive heat"	category	1	False	23	"=hyperlink(""https://icd.who.int/browse11/l-m/en#/http%3A%2F%2Fid.who.int%2Ficd%2Fentity%2F1274049241"",""browser"")"	True	True	BlockL1-PB8	BlockL2-PC8			
http://id.who.int/icd/entity/2074645341	http://id.who.int/icd/release/11/mms/2074645341	PC86		"- - - Intentional self-harm by exposure to excessive cold"	category	1	False	23	"=hyperlink(""https://icd.who.int/browse11/l-m/en#/http%3A%2F%2Fid.who.int%2Ficd%2Fentity%2F2074645341"",""browser"")"	True	True	BlockL1-PB8	BlockL2-PC8			
	http://id.who.int/icd/release/11/mms/102325528/other	PC8Y		"- - - Intentional self-harm by exposure to other specified thermal mechanism"	category	1	True	23	"=hyperlink(""https://icd.who.int/browse11/l-m/en#/http%3A%2F%2Fid.who.int%2Ficd%2Fentity%2F102325528%2Fmms%2Fother"",""browser"")"	True	True	BlockL1-PB8	BlockL2-PC8			
	http://id.who.int/icd/release/11/mms/102325528/unspecified	PC8Z		"- - - Intentional self-harm by exposure to unspecified thermal mechanism"	category	1	True	23	"=hyperlink(""https://icd.who.int/browse11/l-m/en#/http%3A%2F%2Fid.who.int%2Ficd%2Fentity%2F102325528%2Fmms%2Funspecified"",""browser"")"	True	True	BlockL1-PB8	BlockL2-PC8			
http://id.who.int/icd/entity/248569732	http://id.who.int/icd/release/11/mms/248569732		BlockL2-PC9	"- - Intentional self-harm by exposure to or harmful effects of substances"	block	2	False	23	"=hyperlink(""https://icd.who.int/browse11/l-m/en#/http%3A%2F%2Fid.who.int%2Ficd%2Fentity%2F248569732"",""browser"")"	False		BlockL1-PB8				
http://id.who.int/icd/entity/1098540500	http://id.who.int/icd/release/11/mms/1098540500		BlockL3-PC9	"- - - Intentional self-harm by exposure to or harmful effects of drugs, medicaments or biological substances"	block	3	False	23	"=hyperlink(""https://icd.who.int/browse11/l-m/en#/http%3A%2F%2Fid.who.int%2Ficd%2Fentity%2F1098540500"",""browser"")"	False		BlockL1-PB8	BlockL2-PC9			
http://id.who.int/icd/entity/1321618347	http://id.who.int/icd/release/11/mms/1321618347	PC90		"- - - - Intentional self-harm by exposure to or harmful effects of opioids or related analgesics"	category	1	False	23	"=hyperlink(""https://icd.who.int/browse11/l-m/en#/http%3A%2F%2Fid.who.int%2Ficd%2Fentity%2F1321618347"",""browser"")"	True	True	BlockL1-PB8	BlockL2-PC9	BlockL3-PC9		
http://id.who.int/icd/entity/19626926	http://id.who.int/icd/release/11/mms/19626926	PC91		"- - - - Intentional self-harm by exposure to or harmful effects of sedative hypnotic drugs or other CNS depressants"	category	1	False	23	"=hyperlink(""https://icd.who.int/browse11/l-m/en#/http%3A%2F%2Fid.who.int%2Ficd%2Fentity%2F19626926"",""browser"")"	True	True	BlockL1-PB8	BlockL2-PC9	BlockL3-PC9		
http://id.who.int/icd/entity/1415876065	http://id.who.int/icd/release/11/mms/1415876065	PC92		"- - - - Intentional self-harm by exposure to or harmful effects of psychostimulants"	category	1	False	23	"=hyperlink(""https://icd.who.int/browse11/l-m/en#/http%3A%2F%2Fid.who.int%2Ficd%2Fentity%2F1415876065"",""browser"")"	True	True	BlockL1-PB8	BlockL2-PC9	BlockL3-PC9		
http://id.who.int/icd/entity/79225890	http://id.who.int/icd/release/11/mms/79225890	PC93		"- - - - Intentional self-harm by exposure to or harmful effects of cannabinoids or hallucinogens"	category	1	False	23	"=hyperlink(""https://icd.who.int/browse11/l-m/en#/http%3A%2F%2Fid.who.int%2Ficd%2Fentity%2F79225890"",""browser"")"	True	True	BlockL1-PB8	BlockL2-PC9	BlockL3-PC9		
http://id.who.int/icd/entity/1505618598	http://id.who.int/icd/release/11/mms/1505618598	PC94		"- - - - Intentional self-harm by exposure to or harmful effects of analgesics, antipyretics or nonsteroidal anti-inflammatory drugs"	category	1	False	23	"=hyperlink(""https://icd.who.int/browse11/l-m/en#/http%3A%2F%2Fid.who.int%2Ficd%2Fentity%2F1505618598"",""browser"")"	True	True	BlockL1-PB8	BlockL2-PC9	BlockL3-PC9		
http://id.who.int/icd/entity/510732388	http://id.who.int/icd/release/11/mms/510732388	PC95		"- - - - Intentional self-harm by exposure to or harmful effects of antidepressants"	category	1	False	23	"=hyperlink(""https://icd.who.int/browse11/l-m/en#/http%3A%2F%2Fid.who.int%2Ficd%2Fentity%2F510732388"",""browser"")"	True	True	BlockL1-PB8	BlockL2-PC9	BlockL3-PC9		
http://id.who.int/icd/entity/1632242555	http://id.who.int/icd/release/11/mms/1632242555	PC96		"- - - - Intentional self-harm by exposure to or harmful effects of antipsychotics"	category	1	False	23	"=hyperlink(""https://icd.who.int/browse11/l-m/en#/http%3A%2F%2Fid.who.int%2Ficd%2Fentity%2F1632242555"",""browser"")"	True	True	BlockL1-PB8	BlockL2-PC9	BlockL3-PC9		
http://id.who.int/icd/entity/1589667939	http://id.who.int/icd/release/11/mms/1589667939	PC97		"- - - - Intentional self-harm by exposure to or harmful effects of antiepileptics or antiparkinsonism drugs"	category	1	False	23	"=hyperlink(""https://icd.who.int/browse11/l-m/en#/http%3A%2F%2Fid.who.int%2Ficd%2Fentity%2F1589667939"",""browser"")"	True	True	BlockL1-PB8	BlockL2-PC9	BlockL3-PC9		
http://id.who.int/icd/entity/1593715151	http://id.who.int/icd/release/11/mms/1593715151	PC98		"- - - - Intentional self-harm by exposure to other and unspecified drug, medicament and biological substance"	category	1	False	23	"=hyperlink(""https://icd.who.int/browse11/l-m/en#/http%3A%2F%2Fid.who.int%2Ficd%2Fentity%2F1593715151"",""browser"")"	True	True	BlockL1-PB8	BlockL2-PC9	BlockL3-PC9		
http://id.who.int/icd/entity/153928803	http://id.who.int/icd/release/11/mms/153928803	PC99		"- - - - Intentional self-harm by exposure to or harmful effects of multiple drugs, medicaments or biological substances"	category	1	False	23	"=hyperlink(""https://icd.who.int/browse11/l-m/en#/http%3A%2F%2Fid.who.int%2Ficd%2Fentity%2F153928803"",""browser"")"	True	True	BlockL1-PB8	BlockL2-PC9	BlockL3-PC9		
http://id.who.int/icd/entity/1281102481	http://id.who.int/icd/release/11/mms/1281102481		BlockL3-PD0	"- - - Intentional self-harm by exposure to or harmful effects of substances chiefly nonmedicinal as to source"	block	3	False	23	"=hyperlink(""https://icd.who.int/browse11/l-m/en#/http%3A%2F%2Fid.who.int%2Ficd%2Fentity%2F1281102481"",""browser"")"	False		BlockL1-PB8	BlockL2-PC9			
http://id.who.int/icd/entity/1001776219	http://id.who.int/icd/release/11/mms/1001776219	PD00		"- - - - Intentional self-harm by exposure to or harmful effects of alcohols"	category	1	False	23	"=hyperlink(""https://icd.who.int/browse11/l-m/en#/http%3A%2F%2Fid.who.int%2Ficd%2Fentity%2F1001776219"",""browser"")"	True	True	BlockL1-PB8	BlockL2-PC9	BlockL3-PD0		
http://id.who.int/icd/entity/1327019172	http://id.who.int/icd/release/11/mms/1327019172	PD01		"- - - - Intentional self-harm by exposure to or harmful effects of organic solvents"	category	1	False	23	"=hyperlink(""https://icd.who.int/browse11/l-m/en#/http%3A%2F%2Fid.who.int%2Ficd%2Fentity%2F1327019172"",""browser"")"	True	True	BlockL1-PB8	BlockL2-PC9	BlockL3-PD0		
http://id.who.int/icd/entity/54806485	http://id.who.int/icd/release/11/mms/54806485	PD02		"- - - - Intentional self-harm by exposure to or harmful effects of carbon monoxide"	category	1	False	23	"=hyperlink(""https://icd.who.int/browse11/l-m/en#/http%3A%2F%2Fid.who.int%2Ficd%2Fentity%2F54806485"",""browser"")"	True	True	BlockL1-PB8	BlockL2-PC9	BlockL3-PD0		
http://id.who.int/icd/entity/1463446644	http://id.who.int/icd/release/11/mms/1463446644	PD03		"- - - - Intentional self-harm by exposure to or harmful effects of pesticides"	category	1	False	23	"=hyperlink(""https://icd.who.int/browse11/l-m/en#/http%3A%2F%2Fid.who.int%2Ficd%2Fentity%2F1463446644"",""browser"")"	True	True	BlockL1-PB8	BlockL2-PC9	BlockL3-PD0		
http://id.who.int/icd/entity/1339390553	http://id.who.int/icd/release/11/mms/1339390553	PD04		"- - - - Intentional self-harm by exposure to or harmful effects of corrosive substances"	category	1	False	23	"=hyperlink(""https://icd.who.int/browse11/l-m/en#/http%3A%2F%2Fid.who.int%2Ficd%2Fentity%2F1339390553"",""browser"")"	True	True	BlockL1-PB8	BlockL2-PC9	BlockL3-PD0		
http://id.who.int/icd/entity/846307814	http://id.who.int/icd/release/11/mms/846307814	PD05		"- - - - Intentional self-harm by exposure to or harmful effects of other or unspecified substances chiefly nonmedicinal as to source"	category	1	False	23	"=hyperlink(""https://icd.who.int/browse11/l-m/en#/http%3A%2F%2Fid.who.int%2Ficd%2Fentity%2F846307814"",""browser"")"	True	True	BlockL1-PB8	BlockL2-PC9	BlockL3-PD0		
http://id.who.int/icd/entity/916346088	http://id.who.int/icd/release/11/mms/916346088		BlockL2-PD2	"- - Intentional self-harm by exposure to other mechanism"	block	2	False	23	"=hyperlink(""https://icd.who.int/browse11/l-m/en#/http%3A%2F%2Fid.who.int%2Ficd%2Fentity%2F916346088"",""browser"")"	False		BlockL1-PB8				
http://id.who.int/icd/entity/140907907	http://id.who.int/icd/release/11/mms/140907907	PD20		"- - - Intentional self-harm by foreign body in orifice"	category	1	False	23	"=hyperlink(""https://icd.who.int/browse11/l-m/en#/http%3A%2F%2Fid.who.int%2Ficd%2Fentity%2F140907907"",""browser"")"	True	True	BlockL1-PB8	BlockL2-PD2			
http://id.who.int/icd/entity/2056857342	http://id.who.int/icd/release/11/mms/2056857342	PD21		"- - - Intentional self-harm by exposure to electric current"	category	1	False	23	"=hyperlink(""https://icd.who.int/browse11/l-m/en#/http%3A%2F%2Fid.who.int%2Ficd%2Fentity%2F2056857342"",""browser"")"	True	True	BlockL1-PB8	BlockL2-PD2			
http://id.who.int/icd/entity/1379036424	http://id.who.int/icd/release/11/mms/1379036424	PD22		"- - - Intentional self-harm by exposure to sunlight"	category	1	False	23	"=hyperlink(""https://icd.who.int/browse11/l-m/en#/http%3A%2F%2Fid.who.int%2Ficd%2Fentity%2F1379036424"",""browser"")"	True	True	BlockL1-PB8	BlockL2-PD2			
http://id.who.int/icd/entity/2036682392	http://id.who.int/icd/release/11/mms/2036682392	PD23		"- - - Intentional self-harm by exposure to radiation"	category	1	False	23	"=hyperlink(""https://icd.who.int/browse11/l-m/en#/http%3A%2F%2Fid.who.int%2Ficd%2Fentity%2F2036682392"",""browser"")"	True	True	BlockL1-PB8	BlockL2-PD2			
http://id.who.int/icd/entity/1334106743	http://id.who.int/icd/release/11/mms/1334106743	PD24		"- - - Intentional self-harm by exposure to high or low air pressure or changes in air pressure"	category	1	False	23	"=hyperlink(""https://icd.who.int/browse11/l-m/en#/http%3A%2F%2Fid.who.int%2Ficd%2Fentity%2F1334106743"",""browser"")"	True	True	BlockL1-PB8	BlockL2-PD2			
http://id.who.int/icd/entity/1196251373	http://id.who.int/icd/release/11/mms/1196251373	PD25		"- - - Intentional self-harm by explosion or rupture of pressurised materials or object"	category	1	False	23	"=hyperlink(""https://icd.who.int/browse11/l-m/en#/http%3A%2F%2Fid.who.int%2Ficd%2Fentity%2F1196251373"",""browser"")"	True	True	BlockL1-PB8	BlockL2-PD2			
http://id.who.int/icd/entity/113838600	http://id.who.int/icd/release/11/mms/113838600	PD26		"- - - Intentional self-harm by physical overexertion"	category	1	False	23	"=hyperlink(""https://icd.who.int/browse11/l-m/en#/http%3A%2F%2Fid.who.int%2Ficd%2Fentity%2F113838600"",""browser"")"	True	True	BlockL1-PB8	BlockL2-PD2			
http://id.who.int/icd/entity/757531089	http://id.who.int/icd/release/11/mms/757531089	PD27		"- - - Intentional self-harm by lack of food"	category	1	False	23	"=hyperlink(""https://icd.who.int/browse11/l-m/en#/http%3A%2F%2Fid.who.int%2Ficd%2Fentity%2F757531089"",""browser"")"	True	True	BlockL1-PB8	BlockL2-PD2			
http://id.who.int/icd/entity/1721152348	http://id.who.int/icd/release/11/mms/1721152348	PD28		"- - - Intentional self-harm by lack of water"	category	1	False	23	"=hyperlink(""https://icd.who.int/browse11/l-m/en#/http%3A%2F%2Fid.who.int%2Ficd%2Fentity%2F1721152348"",""browser"")"	True	True	BlockL1-PB8	BlockL2-PD2			
http://id.who.int/icd/entity/1851732424	http://id.who.int/icd/release/11/mms/1851732424	PD29		"- - - Intentional self-harm by other specified privation"	category	1	False	23	"=hyperlink(""https://icd.who.int/browse11/l-m/en#/http%3A%2F%2Fid.who.int%2Ficd%2Fentity%2F1851732424"",""browser"")"	True	True	BlockL1-PB8	BlockL2-PD2			
	http://id.who.int/icd/release/11/mms/851395624/other	PD3Y		"- - Other specified intentional self-harm"	category	1	True	23	"=hyperlink(""https://icd.who.int/browse11/l-m/en#/http%3A%2F%2Fid.who.int%2Ficd%2Fentity%2F851395624%2Fmms%2Fother"",""browser"")"	True	True	BlockL1-PB8				
	http://id.who.int/icd/release/11/mms/851395624/unspecified	PD3Z		"- - Intentional self-harm, unspecified"	category	1	True	23	"=hyperlink(""https://icd.who.int/browse11/l-m/en#/http%3A%2F%2Fid.who.int%2Ficd%2Fentity%2F851395624%2Fmms%2Funspecified"",""browser"")"	True	True	BlockL1-PB8				
http://id.who.int/icd/entity/73322695	http://id.who.int/icd/release/11/mms/73322695		BlockL1-PD5	"- Assault"	block	1	False	23	"=hyperlink(""https://icd.who.int/browse11/l-m/en#/http%3A%2F%2Fid.who.int%2Ficd%2Fentity%2F73322695"",""browser"")"	False						
http://id.who.int/icd/entity/376636382	http://id.who.int/icd/release/11/mms/376636382		BlockL2-PD5	"- - Assault by transport events"	block	2	False	23	"=hyperlink(""https://icd.who.int/browse11/l-m/en#/http%3A%2F%2Fid.who.int%2Ficd%2Fentity%2F376636382"",""browser"")"	False		BlockL1-PD5				
http://id.who.int/icd/entity/1901159735	http://id.who.int/icd/release/11/mms/1901159735	PD50		"- - - Assault by land transport road traffic injury event"	category	1	False	23	"=hyperlink(""https://icd.who.int/browse11/l-m/en#/http%3A%2F%2Fid.who.int%2Ficd%2Fentity%2F1901159735"",""browser"")"	True	True	BlockL1-PD5	BlockL2-PD5			
http://id.who.int/icd/entity/1074712557	http://id.who.int/icd/release/11/mms/1074712557	PD51		"- - - Assault by land transport off-road nontraffic injury event"	category	1	False	23	"=hyperlink(""https://icd.who.int/browse11/l-m/en#/http%3A%2F%2Fid.who.int%2Ficd%2Fentity%2F1074712557"",""browser"")"	True	True	BlockL1-PD5	BlockL2-PD5			
http://id.who.int/icd/entity/596083051	http://id.who.int/icd/release/11/mms/596083051	PD52		"- - - Assault by land transport injury event unknown whether road traffic or off-road nontraffic"	category	1	False	23	"=hyperlink(""https://icd.who.int/browse11/l-m/en#/http%3A%2F%2Fid.who.int%2Ficd%2Fentity%2F596083051"",""browser"")"	True	True	BlockL1-PD5	BlockL2-PD5			
http://id.who.int/icd/entity/1504896322	http://id.who.int/icd/release/11/mms/1504896322	PD53		"- - - Assault by railway transport injury event"	category	1	False	23	"=hyperlink(""https://icd.who.int/browse11/l-m/en#/http%3A%2F%2Fid.who.int%2Ficd%2Fentity%2F1504896322"",""browser"")"	True	True	BlockL1-PD5	BlockL2-PD5			
http://id.who.int/icd/entity/962422537	http://id.who.int/icd/release/11/mms/962422537		BlockL3-PD6	"- - - Assault by water transport injury event"	block	3	False	23	"=hyperlink(""https://icd.who.int/browse11/l-m/en#/http%3A%2F%2Fid.who.int%2Ficd%2Fentity%2F962422537"",""browser"")"	False		BlockL1-PD5	BlockL2-PD5			
http://id.who.int/icd/entity/62015785	http://id.who.int/icd/release/11/mms/62015785	PD60		"- - - - Assault by water transport injury event with water vessel damaged, disabled or destroyed"	category	1	False	23	"=hyperlink(""https://icd.who.int/browse11/l-m/en#/http%3A%2F%2Fid.who.int%2Ficd%2Fentity%2F62015785"",""browser"")"	False	True	BlockL1-PD5	BlockL2-PD5	BlockL3-PD6		
http://id.who.int/icd/entity/599449730	http://id.who.int/icd/release/11/mms/599449730	PD60.0		"- - - - - Assault by water transport injury event with water vessel damaged, disabled or destroyed, causing submersion or drowning"	category	2	False	23	"=hyperlink(""https://icd.who.int/browse11/l-m/en#/http%3A%2F%2Fid.who.int%2Ficd%2Fentity%2F599449730"",""browser"")"	True	True	BlockL1-PD5	BlockL2-PD5	BlockL3-PD6		
http://id.who.int/icd/entity/669158958	http://id.who.int/icd/release/11/mms/669158958	PD60.1		"- - - - - Assault by water transport injury event with water vessel damaged, disabled or destroyed, causing other injury"	category	2	False	23	"=hyperlink(""https://icd.who.int/browse11/l-m/en#/http%3A%2F%2Fid.who.int%2Ficd%2Fentity%2F669158958"",""browser"")"	True	True	BlockL1-PD5	BlockL2-PD5	BlockL3-PD6		
	http://id.who.int/icd/release/11/mms/62015785/unspecified	PD60.Z		"- - - - - Assault by water transport injury event with water vessel damaged, disabled or destroyed, causing unspecified injury"	category	2	True	23	"=hyperlink(""https://icd.who.int/browse11/l-m/en#/http%3A%2F%2Fid.who.int%2Ficd%2Fentity%2F62015785%2Fmms%2Funspecified"",""browser"")"	True	True	BlockL1-PD5	BlockL2-PD5	BlockL3-PD6		
http://id.who.int/icd/entity/765391575	http://id.who.int/icd/release/11/mms/765391575	PD61		"- - - - Assault by water transport injury event with water vessel not damaged, disabled or destroyed"	category	1	False	23	"=hyperlink(""https://icd.who.int/browse11/l-m/en#/http%3A%2F%2Fid.who.int%2Ficd%2Fentity%2F765391575"",""browser"")"	False	True	BlockL1-PD5	BlockL2-PD5	BlockL3-PD6		
http://id.who.int/icd/entity/1957624212	http://id.who.int/icd/release/11/mms/1957624212	PD61.0		"- - - - - Assault by water transport injury event with water vessel not damaged, disabled or destroyed, causing submersion or drowning"	category	2	False	23	"=hyperlink(""https://icd.who.int/browse11/l-m/en#/http%3A%2F%2Fid.who.int%2Ficd%2Fentity%2F1957624212"",""browser"")"	True	True	BlockL1-PD5	BlockL2-PD5	BlockL3-PD6		
http://id.who.int/icd/entity/880063389	http://id.who.int/icd/release/11/mms/880063389	PD61.1		"- - - - - Assault by water transport injury event with water vessel not damaged, disabled or destroyed, causing other injury"	category	2	False	23	"=hyperlink(""https://icd.who.int/browse11/l-m/en#/http%3A%2F%2Fid.who.int%2Ficd%2Fentity%2F880063389"",""browser"")"	True	True	BlockL1-PD5	BlockL2-PD5	BlockL3-PD6		
	http://id.who.int/icd/release/11/mms/765391575/other	PD61.Y		"- - - - - Assault by water transport injury event with water vessel not damaged, disabled or destroyed, causing unspecified injury"	category	2	True	23	"=hyperlink(""https://icd.who.int/browse11/l-m/en#/http%3A%2F%2Fid.who.int%2Ficd%2Fentity%2F765391575%2Fmms%2Fother"",""browser"")"	True	True	BlockL1-PD5	BlockL2-PD5	BlockL3-PD6		
	http://id.who.int/icd/release/11/mms/765391575/unspecified	PD61.Z		"- - - - - Assault by water transport injury event with water vessel not damaged, disabled or destroyed, unspecified"	category	2	True	23	"=hyperlink(""https://icd.who.int/browse11/l-m/en#/http%3A%2F%2Fid.who.int%2Ficd%2Fentity%2F765391575%2Fmms%2Funspecified"",""browser"")"	True	True	BlockL1-PD5	BlockL2-PD5	BlockL3-PD6		
	http://id.who.int/icd/release/11/mms/962422537/unspecified	PD6Z		"- - - - Assault by water transport injury event with damage to water vessel unspecified"	category	1	True	23	"=hyperlink(""https://icd.who.int/browse11/l-m/en#/http%3A%2F%2Fid.who.int%2Ficd%2Fentity%2F962422537%2Fmms%2Funspecified"",""browser"")"	True	True	BlockL1-PD5	BlockL2-PD5	BlockL3-PD6		
http://id.who.int/icd/entity/1766700216	http://id.who.int/icd/release/11/mms/1766700216		BlockL3-PD7	"- - - Assault by air or space transport injury event"	block	3	False	23	"=hyperlink(""https://icd.who.int/browse11/l-m/en#/http%3A%2F%2Fid.who.int%2Ficd%2Fentity%2F1766700216"",""browser"")"	False		BlockL1-PD5	BlockL2-PD5			
http://id.who.int/icd/entity/206145883	http://id.who.int/icd/release/11/mms/206145883	PD70		"- - - - Assault by air or space transport injury event with aircraft or spacecraft damaged, disabled or destroyed"	category	1	False	23	"=hyperlink(""https://icd.who.int/browse11/l-m/en#/http%3A%2F%2Fid.who.int%2Ficd%2Fentity%2F206145883"",""browser"")"	True	True	BlockL1-PD5	BlockL2-PD5	BlockL3-PD7		
http://id.who.int/icd/entity/1126845376	http://id.who.int/icd/release/11/mms/1126845376	PD71		"- - - - Assault by air or space transport injury event with aircraft or spacecraft not damaged, disabled or destroyed"	category	1	False	23	"=hyperlink(""https://icd.who.int/browse11/l-m/en#/http%3A%2F%2Fid.who.int%2Ficd%2Fentity%2F1126845376"",""browser"")"	True	True	BlockL1-PD5	BlockL2-PD5	BlockL3-PD7		
	http://id.who.int/icd/release/11/mms/1766700216/unspecified	PD7Z		"- - - - Assault by air or space transport injury event with damage to aircraft or spacecraft unspecified"	category	1	True	23	"=hyperlink(""https://icd.who.int/browse11/l-m/en#/http%3A%2F%2Fid.who.int%2Ficd%2Fentity%2F1766700216%2Fmms%2Funspecified"",""browser"")"	True	True	BlockL1-PD5	BlockL2-PD5	BlockL3-PD7		
	http://id.who.int/icd/release/11/mms/376636382/other	PD9Y		"- - - Other specified assault by transport injury event"	category	1	True	23	"=hyperlink(""https://icd.who.int/browse11/l-m/en#/http%3A%2F%2Fid.who.int%2Ficd%2Fentity%2F376636382%2Fmms%2Fother"",""browser"")"	True	True	BlockL1-PD5	BlockL2-PD5			
	http://id.who.int/icd/release/11/mms/376636382/unspecified	PD9Z		"- - - Assault by transport injury event, unspecified"	category	1	True	23	"=hyperlink(""https://icd.who.int/browse11/l-m/en#/http%3A%2F%2Fid.who.int%2Ficd%2Fentity%2F376636382%2Fmms%2Funspecified"",""browser"")"	True	True	BlockL1-PD5	BlockL2-PD5			
http://id.who.int/icd/entity/447363203	http://id.who.int/icd/release/11/mms/447363203		BlockL2-PE0	"- - Assault by causing a fall or jump"	block	2	False	23	"=hyperlink(""https://icd.who.int/browse11/l-m/en#/http%3A%2F%2Fid.who.int%2Ficd%2Fentity%2F447363203"",""browser"")"	False		BlockL1-PD5				
http://id.who.int/icd/entity/553619529	http://id.who.int/icd/release/11/mms/553619529	PE00		"- - - Assault by causing a fall or jump on same level or from less than 1 metre"	category	1	False	23	"=hyperlink(""https://icd.who.int/browse11/l-m/en#/http%3A%2F%2Fid.who.int%2Ficd%2Fentity%2F553619529"",""browser"")"	True	True	BlockL1-PD5	BlockL2-PE0			
http://id.who.int/icd/entity/414260003	http://id.who.int/icd/release/11/mms/414260003	PE01		"- - - Assault by causing a fall or jump from a height of 1 metre or more"	category	1	False	23	"=hyperlink(""https://icd.who.int/browse11/l-m/en#/http%3A%2F%2Fid.who.int%2Ficd%2Fentity%2F414260003"",""browser"")"	True	True	BlockL1-PD5	BlockL2-PE0			
	http://id.who.int/icd/release/11/mms/447363203/unspecified	PE0Z		"- - - Assault by causing a fall or jump from unspecified height"	category	1	True	23	"=hyperlink(""https://icd.who.int/browse11/l-m/en#/http%3A%2F%2Fid.who.int%2Ficd%2Fentity%2F447363203%2Fmms%2Funspecified"",""browser"")"	True	True	BlockL1-PD5	BlockL2-PE0			
http://id.who.int/icd/entity/970723824	http://id.who.int/icd/release/11/mms/970723824		BlockL2-PE1	"- - Assault by contact with person, animal or plant"	block	2	False	23	"=hyperlink(""https://icd.who.int/browse11/l-m/en#/http%3A%2F%2Fid.who.int%2Ficd%2Fentity%2F970723824"",""browser"")"	False		BlockL1-PD5				
http://id.who.int/icd/entity/1980240458	http://id.who.int/icd/release/11/mms/1980240458	PE10		"- - - Assault by being struck, kicked or bumped by person"	category	1	False	23	"=hyperlink(""https://icd.who.int/browse11/l-m/en#/http%3A%2F%2Fid.who.int%2Ficd%2Fentity%2F1980240458"",""browser"")"	True	True	BlockL1-PD5	BlockL2-PE1			
http://id.who.int/icd/entity/841724627	http://id.who.int/icd/release/11/mms/841724627	PE11		"- - - Assault by being struck, kicked or bumped by animal"	category	1	False	23	"=hyperlink(""https://icd.who.int/browse11/l-m/en#/http%3A%2F%2Fid.who.int%2Ficd%2Fentity%2F841724627"",""browser"")"	True	True	BlockL1-PD5	BlockL2-PE1			
http://id.who.int/icd/entity/1518374428	http://id.who.int/icd/release/11/mms/1518374428	PE12		"- - - Assault by being crushed or stepped on by person"	category	1	False	23	"=hyperlink(""https://icd.who.int/browse11/l-m/en#/http%3A%2F%2Fid.who.int%2Ficd%2Fentity%2F1518374428"",""browser"")"	True	True	BlockL1-PD5	BlockL2-PE1			
http://id.who.int/icd/entity/666636127	http://id.who.int/icd/release/11/mms/666636127	PE13		"- - - Assault by being crushed or stepped on by animal"	category	1	False	23	"=hyperlink(""https://icd.who.int/browse11/l-m/en#/http%3A%2F%2Fid.who.int%2Ficd%2Fentity%2F666636127"",""browser"")"	True	True	BlockL1-PD5	BlockL2-PE1			
http://id.who.int/icd/entity/1128550127	http://id.who.int/icd/release/11/mms/1128550127	PE14		"- - - Assault by being bitten by person"	category	1	False	23	"=hyperlink(""https://icd.who.int/browse11/l-m/en#/http%3A%2F%2Fid.who.int%2Ficd%2Fentity%2F1128550127"",""browser"")"	True	True	BlockL1-PD5	BlockL2-PE1			
http://id.who.int/icd/entity/291347390	http://id.who.int/icd/release/11/mms/291347390	PE15		"- - - Assault by being bitten by animal"	category	1	False	23	"=hyperlink(""https://icd.who.int/browse11/l-m/en#/http%3A%2F%2Fid.who.int%2Ficd%2Fentity%2F291347390"",""browser"")"	True	True	BlockL1-PD5	BlockL2-PE1			
http://id.who.int/icd/entity/234987751	http://id.who.int/icd/release/11/mms/234987751	PE16		"- - - Assault by being scratched or clawed by person"	category	1	False	23	"=hyperlink(""https://icd.who.int/browse11/l-m/en#/http%3A%2F%2Fid.who.int%2Ficd%2Fentity%2F234987751"",""browser"")"	True	True	BlockL1-PD5	BlockL2-PE1			
http://id.who.int/icd/entity/1855198500	http://id.who.int/icd/release/11/mms/1855198500	PE17		"- - - Assault by being scratched or clawed by animal"	category	1	False	23	"=hyperlink(""https://icd.who.int/browse11/l-m/en#/http%3A%2F%2Fid.who.int%2Ficd%2Fentity%2F1855198500"",""browser"")"	True	True	BlockL1-PD5	BlockL2-PE1			
http://id.who.int/icd/entity/1183783866	http://id.who.int/icd/release/11/mms/1183783866	PE18		"- - - Assault by being stung or envenomated by animal"	category	1	False	23	"=hyperlink(""https://icd.who.int/browse11/l-m/en#/http%3A%2F%2Fid.who.int%2Ficd%2Fentity%2F1183783866"",""browser"")"	True	True	BlockL1-PD5	BlockL2-PE1			
http://id.who.int/icd/entity/118180189	http://id.who.int/icd/release/11/mms/118180189	PE19		"- - - Assault by contact with plant"	category	1	False	23	"=hyperlink(""https://icd.who.int/browse11/l-m/en#/http%3A%2F%2Fid.who.int%2Ficd%2Fentity%2F118180189"",""browser"")"	True	True	BlockL1-PD5	BlockL2-PE1			
	http://id.who.int/icd/release/11/mms/970723824/other	PE1Y		"- - - Other specified type of assault by contact with person, animal or plant"	category	1	True	23	"=hyperlink(""https://icd.who.int/browse11/l-m/en#/http%3A%2F%2Fid.who.int%2Ficd%2Fentity%2F970723824%2Fmms%2Fother"",""browser"")"	True	True	BlockL1-PD5	BlockL2-PE1			
	http://id.who.int/icd/release/11/mms/970723824/unspecified	PE1Z		"- - - Assault by contact with person, animal or plant, type unspecified"	category	1	True	23	"=hyperlink(""https://icd.who.int/browse11/l-m/en#/http%3A%2F%2Fid.who.int%2Ficd%2Fentity%2F970723824%2Fmms%2Funspecified"",""browser"")"	True	True	BlockL1-PD5	BlockL2-PE1			
http://id.who.int/icd/entity/743156834	http://id.who.int/icd/release/11/mms/743156834		BlockL2-PE2	"- - Assault by exposure to object not elsewhere classified"	block	2	False	23	"=hyperlink(""https://icd.who.int/browse11/l-m/en#/http%3A%2F%2Fid.who.int%2Ficd%2Fentity%2F743156834"",""browser"")"	False		BlockL1-PD5				
http://id.who.int/icd/entity/1287322576	http://id.who.int/icd/release/11/mms/1287322576	PE20		"- - - Assault by projectile from firearm"	category	1	False	23	"=hyperlink(""https://icd.who.int/browse11/l-m/en#/http%3A%2F%2Fid.who.int%2Ficd%2Fentity%2F1287322576"",""browser"")"	False	True	BlockL1-PD5	BlockL2-PE2			
http://id.who.int/icd/entity/2105405856	http://id.who.int/icd/release/11/mms/2105405856	PE20.0		"- - - - Assault by projectile from handgun"	category	2	False	23	"=hyperlink(""https://icd.who.int/browse11/l-m/en#/http%3A%2F%2Fid.who.int%2Ficd%2Fentity%2F2105405856"",""browser"")"	True	True	BlockL1-PD5	BlockL2-PE2			
http://id.who.int/icd/entity/244539956	http://id.who.int/icd/release/11/mms/244539956	PE20.1		"- - - - Assault by projectile from rifle, shotgun or larger firearm"	category	2	False	23	"=hyperlink(""https://icd.who.int/browse11/l-m/en#/http%3A%2F%2Fid.who.int%2Ficd%2Fentity%2F244539956"",""browser"")"	True	True	BlockL1-PD5	BlockL2-PE2			
	http://id.who.int/icd/release/11/mms/1287322576/other	PE20.Y		"- - - - Assault by being struck by projectile from other specified firearm"	category	2	True	23	"=hyperlink(""https://icd.who.int/browse11/l-m/en#/http%3A%2F%2Fid.who.int%2Ficd%2Fentity%2F1287322576%2Fmms%2Fother"",""browser"")"	True	True	BlockL1-PD5	BlockL2-PE2			
	http://id.who.int/icd/release/11/mms/1287322576/unspecified	PE20.Z		"- - - - Assault by being struck by projectile from unspecified firearm"	category	2	True	23	"=hyperlink(""https://icd.who.int/browse11/l-m/en#/http%3A%2F%2Fid.who.int%2Ficd%2Fentity%2F1287322576%2Fmms%2Funspecified"",""browser"")"	True	True	BlockL1-PD5	BlockL2-PE2			
http://id.who.int/icd/entity/937486214	http://id.who.int/icd/release/11/mms/937486214	PE21		"- - - Assault by being struck by moving object, not elsewhere classified"	category	1	False	23	"=hyperlink(""https://icd.who.int/browse11/l-m/en#/http%3A%2F%2Fid.who.int%2Ficd%2Fentity%2F937486214"",""browser"")"	True	True	BlockL1-PD5	BlockL2-PE2			
http://id.who.int/icd/entity/1986311521	http://id.who.int/icd/release/11/mms/1986311521	PE22		"- - - Assault by striking against stationary object"	category	1	False	23	"=hyperlink(""https://icd.who.int/browse11/l-m/en#/http%3A%2F%2Fid.who.int%2Ficd%2Fentity%2F1986311521"",""browser"")"	True	True	BlockL1-PD5	BlockL2-PE2			
http://id.who.int/icd/entity/1646062109	http://id.who.int/icd/release/11/mms/1646062109		BlockL3-PE3	"- - - Assault by being cut or pierced by sharp object"	block	3	False	23	"=hyperlink(""https://icd.who.int/browse11/l-m/en#/http%3A%2F%2Fid.who.int%2Ficd%2Fentity%2F1646062109"",""browser"")"	False		BlockL1-PD5	BlockL2-PE2			
http://id.who.int/icd/entity/19852251	http://id.who.int/icd/release/11/mms/19852251	PE30		"- - - - Assault by being cut or pierced by knife, sword, or dagger"	category	1	False	23	"=hyperlink(""https://icd.who.int/browse11/l-m/en#/http%3A%2F%2Fid.who.int%2Ficd%2Fentity%2F19852251"",""browser"")"	True	True	BlockL1-PD5	BlockL2-PE2	BlockL3-PE3		
http://id.who.int/icd/entity/774121329	http://id.who.int/icd/release/11/mms/774121329	PE31		"- - - - Assault by being cut or pierced by sharp glass"	category	1	False	23	"=hyperlink(""https://icd.who.int/browse11/l-m/en#/http%3A%2F%2Fid.who.int%2Ficd%2Fentity%2F774121329"",""browser"")"	True	True	BlockL1-PD5	BlockL2-PE2	BlockL3-PE3		
	http://id.who.int/icd/release/11/mms/1646062109/unspecified	PE3Z		"- - - - Assault by being cut or pierced by other or unspecified sharp object"	category	1	True	23	"=hyperlink(""https://icd.who.int/browse11/l-m/en#/http%3A%2F%2Fid.who.int%2Ficd%2Fentity%2F1646062109%2Fmms%2Funspecified"",""browser"")"	True	True	BlockL1-PD5	BlockL2-PE2	BlockL3-PE3		
http://id.who.int/icd/entity/1856738354	http://id.who.int/icd/release/11/mms/1856738354	PE40		"- - - Assault by being struck by blunt object"	category	1	False	23	"=hyperlink(""https://icd.who.int/browse11/l-m/en#/http%3A%2F%2Fid.who.int%2Ficd%2Fentity%2F1856738354"",""browser"")"	True	True	BlockL1-PD5	BlockL2-PE2			
http://id.who.int/icd/entity/432388362	http://id.who.int/icd/release/11/mms/432388362	PE41		"- - - Assault by being caught, crushed, jammed or pinched between objects"	category	1	False	23	"=hyperlink(""https://icd.who.int/browse11/l-m/en#/http%3A%2F%2Fid.who.int%2Ficd%2Fentity%2F432388362"",""browser"")"	True	True	BlockL1-PD5	BlockL2-PE2			
	http://id.who.int/icd/release/11/mms/743156834/other	PE4Y		"- - - Assault by contact with other specified object, not elsewhere classified"	category	1	True	23	"=hyperlink(""https://icd.who.int/browse11/l-m/en#/http%3A%2F%2Fid.who.int%2Ficd%2Fentity%2F743156834%2Fmms%2Fother"",""browser"")"	True	True	BlockL1-PD5	BlockL2-PE2			
	http://id.who.int/icd/release/11/mms/743156834/unspecified	PE4Z		"- - - Assault by exposure to unspecified object, not elsewhere classified"	category	1	True	23	"=hyperlink(""https://icd.who.int/browse11/l-m/en#/http%3A%2F%2Fid.who.int%2Ficd%2Fentity%2F743156834%2Fmms%2Funspecified"",""browser"")"	True	True	BlockL1-PD5	BlockL2-PE2			
http://id.who.int/icd/entity/406207542	http://id.who.int/icd/release/11/mms/406207542		BlockL2-PE5	"- - Assault by immersion, submersion or falling into water"	block	2	False	23	"=hyperlink(""https://icd.who.int/browse11/l-m/en#/http%3A%2F%2Fid.who.int%2Ficd%2Fentity%2F406207542"",""browser"")"	False		BlockL1-PD5				
http://id.who.int/icd/entity/2054134267	http://id.who.int/icd/release/11/mms/2054134267	PE50		"- - - Assault by drowning or submersion, while in body of water"	category	1	False	23	"=hyperlink(""https://icd.who.int/browse11/l-m/en#/http%3A%2F%2Fid.who.int%2Ficd%2Fentity%2F2054134267"",""browser"")"	True	True	BlockL1-PD5	BlockL2-PE5			
http://id.who.int/icd/entity/1923488609	http://id.who.int/icd/release/11/mms/1923488609	PE51		"- - - Assault by drowning or submersion following fall into body of water"	category	1	False	23	"=hyperlink(""https://icd.who.int/browse11/l-m/en#/http%3A%2F%2Fid.who.int%2Ficd%2Fentity%2F1923488609"",""browser"")"	True	True	BlockL1-PD5	BlockL2-PE5			
http://id.who.int/icd/entity/857885060	http://id.who.int/icd/release/11/mms/857885060	PE52		"- - - Assault by injury other than drowning while in body of water"	category	1	False	23	"=hyperlink(""https://icd.who.int/browse11/l-m/en#/http%3A%2F%2Fid.who.int%2Ficd%2Fentity%2F857885060"",""browser"")"	True	True	BlockL1-PD5	BlockL2-PE5			
http://id.who.int/icd/entity/1256755211	http://id.who.int/icd/release/11/mms/1256755211	PE53		"- - - Assault by injury other than drowning following fall into body of water"	category	1	False	23	"=hyperlink(""https://icd.who.int/browse11/l-m/en#/http%3A%2F%2Fid.who.int%2Ficd%2Fentity%2F1256755211"",""browser"")"	True	True	BlockL1-PD5	BlockL2-PE5			
	http://id.who.int/icd/release/11/mms/406207542/other	PE5Y		"- - - Other specified assault by immersion, submersion or falling into water"	category	1	True	23	"=hyperlink(""https://icd.who.int/browse11/l-m/en#/http%3A%2F%2Fid.who.int%2Ficd%2Fentity%2F406207542%2Fmms%2Fother"",""browser"")"	True	True	BlockL1-PD5	BlockL2-PE5			
	http://id.who.int/icd/release/11/mms/406207542/unspecified	PE5Z		"- - - Assault by immersion, submersion or falling into water, unspecified"	category	1	True	23	"=hyperlink(""https://icd.who.int/browse11/l-m/en#/http%3A%2F%2Fid.who.int%2Ficd%2Fentity%2F406207542%2Fmms%2Funspecified"",""browser"")"	True	True	BlockL1-PD5	BlockL2-PE5			
http://id.who.int/icd/entity/1822125259	http://id.who.int/icd/release/11/mms/1822125259		BlockL2-PE6	"- - Assault by threat to breathing"	block	2	False	23	"=hyperlink(""https://icd.who.int/browse11/l-m/en#/http%3A%2F%2Fid.who.int%2Ficd%2Fentity%2F1822125259"",""browser"")"	False		BlockL1-PD5				
http://id.who.int/icd/entity/1884977555	http://id.who.int/icd/release/11/mms/1884977555	PE60		"- - - Assault by threat to breathing, suffocation from object covering mouth or nose"	category	1	False	23	"=hyperlink(""https://icd.who.int/browse11/l-m/en#/http%3A%2F%2Fid.who.int%2Ficd%2Fentity%2F1884977555"",""browser"")"	True	True	BlockL1-PD5	BlockL2-PE6			
http://id.who.int/icd/entity/1186721138	http://id.who.int/icd/release/11/mms/1186721138	PE61		"- - - Assault by threat to breathing by hanging"	category	1	False	23	"=hyperlink(""https://icd.who.int/browse11/l-m/en#/http%3A%2F%2Fid.who.int%2Ficd%2Fentity%2F1186721138"",""browser"")"	True	True	BlockL1-PD5	BlockL2-PE6			
http://id.who.int/icd/entity/1142304688	http://id.who.int/icd/release/11/mms/1142304688	PE62		"- - - Assault by threat to breathing by strangulation"	category	1	False	23	"=hyperlink(""https://icd.who.int/browse11/l-m/en#/http%3A%2F%2Fid.who.int%2Ficd%2Fentity%2F1142304688"",""browser"")"	True	True	BlockL1-PD5	BlockL2-PE6			
http://id.who.int/icd/entity/93486411	http://id.who.int/icd/release/11/mms/93486411	PE63		"- - - Assault by threat to breathing by external compression of airways or chest"	category	1	False	23	"=hyperlink(""https://icd.who.int/browse11/l-m/en#/http%3A%2F%2Fid.who.int%2Ficd%2Fentity%2F93486411"",""browser"")"	True	True	BlockL1-PD5	BlockL2-PE6			
http://id.who.int/icd/entity/2003652150	http://id.who.int/icd/release/11/mms/2003652150	PE64		"- - - Assault by threat to breathing by inhalation or ingestion of liquids"	category	1	False	23	"=hyperlink(""https://icd.who.int/browse11/l-m/en#/http%3A%2F%2Fid.who.int%2Ficd%2Fentity%2F2003652150"",""browser"")"	True	True	BlockL1-PD5	BlockL2-PE6			
http://id.who.int/icd/entity/1955669600	http://id.who.int/icd/release/11/mms/1955669600	PE65		"- - - Assault by threat to breathing by inhalation or ingestion of food"	category	1	False	23	"=hyperlink(""https://icd.who.int/browse11/l-m/en#/http%3A%2F%2Fid.who.int%2Ficd%2Fentity%2F1955669600"",""browser"")"	True	True	BlockL1-PD5	BlockL2-PE6			
http://id.who.int/icd/entity/1114682047	http://id.who.int/icd/release/11/mms/1114682047	PE66		"- - - Assault by threat to breathing by inhalation or ingestion of other objects or materials"	category	1	False	23	"=hyperlink(""https://icd.who.int/browse11/l-m/en#/http%3A%2F%2Fid.who.int%2Ficd%2Fentity%2F1114682047"",""browser"")"	True	True	BlockL1-PD5	BlockL2-PE6			
http://id.who.int/icd/entity/1253650469	http://id.who.int/icd/release/11/mms/1253650469	PE67		"- - - Assault by threat to breathing by low oxygen environment"	category	1	False	23	"=hyperlink(""https://icd.who.int/browse11/l-m/en#/http%3A%2F%2Fid.who.int%2Ficd%2Fentity%2F1253650469"",""browser"")"	True	True	BlockL1-PD5	BlockL2-PE6			
	http://id.who.int/icd/release/11/mms/1822125259/other	PE6Y		"- - - Other specified assault by threat to breathing"	category	1	True	23	"=hyperlink(""https://icd.who.int/browse11/l-m/en#/http%3A%2F%2Fid.who.int%2Ficd%2Fentity%2F1822125259%2Fmms%2Fother"",""browser"")"	True	True	BlockL1-PD5	BlockL2-PE6			
	http://id.who.int/icd/release/11/mms/1822125259/unspecified	PE6Z		"- - - Assault by threat to breathing, unspecified"	category	1	True	23	"=hyperlink(""https://icd.who.int/browse11/l-m/en#/http%3A%2F%2Fid.who.int%2Ficd%2Fentity%2F1822125259%2Fmms%2Funspecified"",""browser"")"	True	True	BlockL1-PD5	BlockL2-PE6			
http://id.who.int/icd/entity/1489018295	http://id.who.int/icd/release/11/mms/1489018295		BlockL2-PE7	"- - Assault by exposure to thermal mechanism"	block	2	False	23	"=hyperlink(""https://icd.who.int/browse11/l-m/en#/http%3A%2F%2Fid.who.int%2Ficd%2Fentity%2F1489018295"",""browser"")"	False		BlockL1-PD5				
http://id.who.int/icd/entity/860810925	http://id.who.int/icd/release/11/mms/860810925	PE70		"- - - Assault by exposure to uncontrolled fire"	category	1	False	23	"=hyperlink(""https://icd.who.int/browse11/l-m/en#/http%3A%2F%2Fid.who.int%2Ficd%2Fentity%2F860810925"",""browser"")"	True	True	BlockL1-PD5	BlockL2-PE7			
http://id.who.int/icd/entity/1088661610	http://id.who.int/icd/release/11/mms/1088661610	PE71		"- - - Assault by exposure to controlled fire"	category	1	False	23	"=hyperlink(""https://icd.who.int/browse11/l-m/en#/http%3A%2F%2Fid.who.int%2Ficd%2Fentity%2F1088661610"",""browser"")"	True	True	BlockL1-PD5	BlockL2-PE7			
http://id.who.int/icd/entity/95386188	http://id.who.int/icd/release/11/mms/95386188	PE72		"- - - Assault by exposure to ignition or melting of materials"	category	1	False	23	"=hyperlink(""https://icd.who.int/browse11/l-m/en#/http%3A%2F%2Fid.who.int%2Ficd%2Fentity%2F95386188"",""browser"")"	True	True	BlockL1-PD5	BlockL2-PE7			
http://id.who.int/icd/entity/224852184	http://id.who.int/icd/release/11/mms/224852184	PE73		"- - - Assault by contact with hot object or liquid"	category	1	False	23	"=hyperlink(""https://icd.who.int/browse11/l-m/en#/http%3A%2F%2Fid.who.int%2Ficd%2Fentity%2F224852184"",""browser"")"	True	True	BlockL1-PD5	BlockL2-PE7			
http://id.who.int/icd/entity/123152265	http://id.who.int/icd/release/11/mms/123152265	PE74		"- - - Assault by contact with steam, hot vapour, air or gases"	category	1	False	23	"=hyperlink(""https://icd.who.int/browse11/l-m/en#/http%3A%2F%2Fid.who.int%2Ficd%2Fentity%2F123152265"",""browser"")"	True	True	BlockL1-PD5	BlockL2-PE7			
http://id.who.int/icd/entity/184575431	http://id.who.int/icd/release/11/mms/184575431	PE75		"- - - Assault by exposure to excessive heat"	category	1	False	23	"=hyperlink(""https://icd.who.int/browse11/l-m/en#/http%3A%2F%2Fid.who.int%2Ficd%2Fentity%2F184575431"",""browser"")"	True	True	BlockL1-PD5	BlockL2-PE7			
http://id.who.int/icd/entity/795354443	http://id.who.int/icd/release/11/mms/795354443	PE76		"- - - Assault by exposure to excessive cold"	category	1	False	23	"=hyperlink(""https://icd.who.int/browse11/l-m/en#/http%3A%2F%2Fid.who.int%2Ficd%2Fentity%2F795354443"",""browser"")"	True	True	BlockL1-PD5	BlockL2-PE7			
	http://id.who.int/icd/release/11/mms/1489018295/other	PE7Y		"- - - Assault by exposure to other specified thermal mechanism"	category	1	True	23	"=hyperlink(""https://icd.who.int/browse11/l-m/en#/http%3A%2F%2Fid.who.int%2Ficd%2Fentity%2F1489018295%2Fmms%2Fother"",""browser"")"	True	True	BlockL1-PD5	BlockL2-PE7			
	http://id.who.int/icd/release/11/mms/1489018295/unspecified	PE7Z		"- - - Assault by exposure to unspecified thermal mechanism"	category	1	True	23	"=hyperlink(""https://icd.who.int/browse11/l-m/en#/http%3A%2F%2Fid.who.int%2Ficd%2Fentity%2F1489018295%2Fmms%2Funspecified"",""browser"")"	True	True	BlockL1-PD5	BlockL2-PE7			
http://id.who.int/icd/entity/1530721759	http://id.who.int/icd/release/11/mms/1530721759		BlockL2-PE8	"- - Assault by exposure to or harmful effects of substances"	block	2	False	23	"=hyperlink(""https://icd.who.int/browse11/l-m/en#/http%3A%2F%2Fid.who.int%2Ficd%2Fentity%2F1530721759"",""browser"")"	False		BlockL1-PD5				
http://id.who.int/icd/entity/1008592825	http://id.who.int/icd/release/11/mms/1008592825		BlockL3-PE8	"- - - Assault by exposure to or harmful effects of drugs, medicaments or biological substances"	block	3	False	23	"=hyperlink(""https://icd.who.int/browse11/l-m/en#/http%3A%2F%2Fid.who.int%2Ficd%2Fentity%2F1008592825"",""browser"")"	False		BlockL1-PD5	BlockL2-PE8			
http://id.who.int/icd/entity/1809227830	http://id.who.int/icd/release/11/mms/1809227830	PE80		"- - - - Assault by exposure to or harmful effects of opioids or related analgesics"	category	1	False	23	"=hyperlink(""https://icd.who.int/browse11/l-m/en#/http%3A%2F%2Fid.who.int%2Ficd%2Fentity%2F1809227830"",""browser"")"	True	True	BlockL1-PD5	BlockL2-PE8	BlockL3-PE8		
http://id.who.int/icd/entity/1325270374	http://id.who.int/icd/release/11/mms/1325270374	PE81		"- - - - Assault by exposure to or harmful effects of sedative, hypnotic drugs or other CNS depressants"	category	1	False	23	"=hyperlink(""https://icd.who.int/browse11/l-m/en#/http%3A%2F%2Fid.who.int%2Ficd%2Fentity%2F1325270374"",""browser"")"	True	True	BlockL1-PD5	BlockL2-PE8	BlockL3-PE8		
http://id.who.int/icd/entity/1903453820	http://id.who.int/icd/release/11/mms/1903453820	PE82		"- - - - Assault by exposure to or harmful effects of psychostimulants"	category	1	False	23	"=hyperlink(""https://icd.who.int/browse11/l-m/en#/http%3A%2F%2Fid.who.int%2Ficd%2Fentity%2F1903453820"",""browser"")"	True	True	BlockL1-PD5	BlockL2-PE8	BlockL3-PE8		
http://id.who.int/icd/entity/240076131	http://id.who.int/icd/release/11/mms/240076131	PE83		"- - - - Assault by exposure to or harmful effects of cannabinoids or hallucinogens"	category	1	False	23	"=hyperlink(""https://icd.who.int/browse11/l-m/en#/http%3A%2F%2Fid.who.int%2Ficd%2Fentity%2F240076131"",""browser"")"	True	True	BlockL1-PD5	BlockL2-PE8	BlockL3-PE8		
http://id.who.int/icd/entity/1833082125	http://id.who.int/icd/release/11/mms/1833082125	PE84		"- - - - Assault by exposure to or harmful effects of analgesics, antipyretics or nonsteroidal anti-inflammatory drugs"	category	1	False	23	"=hyperlink(""https://icd.who.int/browse11/l-m/en#/http%3A%2F%2Fid.who.int%2Ficd%2Fentity%2F1833082125"",""browser"")"	True	True	BlockL1-PD5	BlockL2-PE8	BlockL3-PE8		
http://id.who.int/icd/entity/309968404	http://id.who.int/icd/release/11/mms/309968404	PE85		"- - - - Assault by exposure to or harmful effects of antidepressants"	category	1	False	23	"=hyperlink(""https://icd.who.int/browse11/l-m/en#/http%3A%2F%2Fid.who.int%2Ficd%2Fentity%2F309968404"",""browser"")"	True	True	BlockL1-PD5	BlockL2-PE8	BlockL3-PE8		
http://id.who.int/icd/entity/1570016791	http://id.who.int/icd/release/11/mms/1570016791	PE86		"- - - - Assault by exposure to or harmful effects of antipsychotics"	category	1	False	23	"=hyperlink(""https://icd.who.int/browse11/l-m/en#/http%3A%2F%2Fid.who.int%2Ficd%2Fentity%2F1570016791"",""browser"")"	True	True	BlockL1-PD5	BlockL2-PE8	BlockL3-PE8		
http://id.who.int/icd/entity/148600922	http://id.who.int/icd/release/11/mms/148600922	PE87		"- - - - Assault by exposure to or harmful effects of antiepileptics or antiparkinsonism drugs"	category	1	False	23	"=hyperlink(""https://icd.who.int/browse11/l-m/en#/http%3A%2F%2Fid.who.int%2Ficd%2Fentity%2F148600922"",""browser"")"	True	True	BlockL1-PD5	BlockL2-PE8	BlockL3-PE8		
http://id.who.int/icd/entity/1408645785	http://id.who.int/icd/release/11/mms/1408645785	PE88		"- - - - Assault by exposure to or harmful effects of other or unspecified drug, medicament or biological substance"	category	1	False	23	"=hyperlink(""https://icd.who.int/browse11/l-m/en#/http%3A%2F%2Fid.who.int%2Ficd%2Fentity%2F1408645785"",""browser"")"	True	True	BlockL1-PD5	BlockL2-PE8	BlockL3-PE8		
http://id.who.int/icd/entity/1071707165	http://id.who.int/icd/release/11/mms/1071707165	PE89		"- - - - Assault by exposure to or harmful effects of multiple drugs, medicaments or biological substances"	category	1	False	23	"=hyperlink(""https://icd.who.int/browse11/l-m/en#/http%3A%2F%2Fid.who.int%2Ficd%2Fentity%2F1071707165"",""browser"")"	True	True	BlockL1-PD5	BlockL2-PE8	BlockL3-PE8		
	http://id.who.int/icd/release/11/mms/1008592825/other	PE8Y		"- - - - Other specified assault by exposure to or harmful effects of drugs, medicaments or biological substances"	category	1	True	23	"=hyperlink(""https://icd.who.int/browse11/l-m/en#/http%3A%2F%2Fid.who.int%2Ficd%2Fentity%2F1008592825%2Fmms%2Fother"",""browser"")"	True	True	BlockL1-PD5	BlockL2-PE8	BlockL3-PE8		
	http://id.who.int/icd/release/11/mms/1008592825/unspecified	PE8Z		"- - - - Assault by exposure to or harmful effects of drugs, medicaments or biological substances, unspecified"	category	1	True	23	"=hyperlink(""https://icd.who.int/browse11/l-m/en#/http%3A%2F%2Fid.who.int%2Ficd%2Fentity%2F1008592825%2Fmms%2Funspecified"",""browser"")"	True	True	BlockL1-PD5	BlockL2-PE8	BlockL3-PE8		
http://id.who.int/icd/entity/1559145231	http://id.who.int/icd/release/11/mms/1559145231		BlockL3-PE9	"- - - Assault by exposure to or harmful effects of substances chiefly nonmedicinal as to source"	block	3	False	23	"=hyperlink(""https://icd.who.int/browse11/l-m/en#/http%3A%2F%2Fid.who.int%2Ficd%2Fentity%2F1559145231"",""browser"")"	False		BlockL1-PD5	BlockL2-PE8			
http://id.who.int/icd/entity/1455987991	http://id.who.int/icd/release/11/mms/1455987991	PE90		"- - - - Assault by exposure to or harmful effects of alcohols"	category	1	False	23	"=hyperlink(""https://icd.who.int/browse11/l-m/en#/http%3A%2F%2Fid.who.int%2Ficd%2Fentity%2F1455987991"",""browser"")"	True	True	BlockL1-PD5	BlockL2-PE8	BlockL3-PE9		
http://id.who.int/icd/entity/1429534079	http://id.who.int/icd/release/11/mms/1429534079	PE91		"- - - - Assault by exposure to or harmful effects of organic solvents"	category	1	False	23	"=hyperlink(""https://icd.who.int/browse11/l-m/en#/http%3A%2F%2Fid.who.int%2Ficd%2Fentity%2F1429534079"",""browser"")"	True	True	BlockL1-PD5	BlockL2-PE8	BlockL3-PE9		
http://id.who.int/icd/entity/1525384080	http://id.who.int/icd/release/11/mms/1525384080	PE92		"- - - - Assault by exposure to or harmful effects of carbon monoxide"	category	1	False	23	"=hyperlink(""https://icd.who.int/browse11/l-m/en#/http%3A%2F%2Fid.who.int%2Ficd%2Fentity%2F1525384080"",""browser"")"	True	True	BlockL1-PD5	BlockL2-PE8	BlockL3-PE9		
http://id.who.int/icd/entity/771455698	http://id.who.int/icd/release/11/mms/771455698	PE93		"- - - - Assault by exposure to or harmful effects of pesticides"	category	1	False	23	"=hyperlink(""https://icd.who.int/browse11/l-m/en#/http%3A%2F%2Fid.who.int%2Ficd%2Fentity%2F771455698"",""browser"")"	True	True	BlockL1-PD5	BlockL2-PE8	BlockL3-PE9		
http://id.who.int/icd/entity/1219540808	http://id.who.int/icd/release/11/mms/1219540808	PE94		"- - - - Assault by exposure to or harmful effects of corrosive substances"	category	1	False	23	"=hyperlink(""https://icd.who.int/browse11/l-m/en#/http%3A%2F%2Fid.who.int%2Ficd%2Fentity%2F1219540808"",""browser"")"	True	True	BlockL1-PD5	BlockL2-PE8	BlockL3-PE9		
http://id.who.int/icd/entity/1095018767	http://id.who.int/icd/release/11/mms/1095018767	PE95		"- - - - Assault by exposure to or harmful effects of other or unspecified substances chiefly nonmedicinal as to source"	category	1	False	23	"=hyperlink(""https://icd.who.int/browse11/l-m/en#/http%3A%2F%2Fid.who.int%2Ficd%2Fentity%2F1095018767"",""browser"")"	True	True	BlockL1-PD5	BlockL2-PE8	BlockL3-PE9		
http://id.who.int/icd/entity/1749521479	http://id.who.int/icd/release/11/mms/1749521479		BlockL2-PF1	"- - Assault by exposure to other mechanism"	block	2	False	23	"=hyperlink(""https://icd.who.int/browse11/l-m/en#/http%3A%2F%2Fid.who.int%2Ficd%2Fentity%2F1749521479"",""browser"")"	False		BlockL1-PD5				
http://id.who.int/icd/entity/97078598	http://id.who.int/icd/release/11/mms/97078598	PF10		"- - - Assault by foreign body in orifice or eye"	category	1	False	23	"=hyperlink(""https://icd.who.int/browse11/l-m/en#/http%3A%2F%2Fid.who.int%2Ficd%2Fentity%2F97078598"",""browser"")"	True	True	BlockL1-PD5	BlockL2-PF1			
http://id.who.int/icd/entity/2080609481	http://id.who.int/icd/release/11/mms/2080609481	PF11		"- - - Assault by exposure to electric current"	category	1	False	23	"=hyperlink(""https://icd.who.int/browse11/l-m/en#/http%3A%2F%2Fid.who.int%2Ficd%2Fentity%2F2080609481"",""browser"")"	True	True	BlockL1-PD5	BlockL2-PF1			
http://id.who.int/icd/entity/372796891	http://id.who.int/icd/release/11/mms/372796891	PF12		"- - - Assault by exposure to sunlight"	category	1	False	23	"=hyperlink(""https://icd.who.int/browse11/l-m/en#/http%3A%2F%2Fid.who.int%2Ficd%2Fentity%2F372796891"",""browser"")"	True	True	BlockL1-PD5	BlockL2-PF1			
http://id.who.int/icd/entity/2083619152	http://id.who.int/icd/release/11/mms/2083619152	PF13		"- - - Assault by exposure to radiation"	category	1	False	23	"=hyperlink(""https://icd.who.int/browse11/l-m/en#/http%3A%2F%2Fid.who.int%2Ficd%2Fentity%2F2083619152"",""browser"")"	True	True	BlockL1-PD5	BlockL2-PF1			
http://id.who.int/icd/entity/1856184032	http://id.who.int/icd/release/11/mms/1856184032	PF14		"- - - Assault by exposure to high or low air pressure or changes in air pressure"	category	1	False	23	"=hyperlink(""https://icd.who.int/browse11/l-m/en#/http%3A%2F%2Fid.who.int%2Ficd%2Fentity%2F1856184032"",""browser"")"	True	True	BlockL1-PD5	BlockL2-PF1			
http://id.who.int/icd/entity/1394867772	http://id.who.int/icd/release/11/mms/1394867772	PF15		"- - - Assault by exposure to explosion"	category	1	False	23	"=hyperlink(""https://icd.who.int/browse11/l-m/en#/http%3A%2F%2Fid.who.int%2Ficd%2Fentity%2F1394867772"",""browser"")"	False	True	BlockL1-PD5	BlockL2-PF1			
http://id.who.int/icd/entity/1139369866	http://id.who.int/icd/release/11/mms/1139369866	PF15.0		"- - - - Assault by exposure to chemical explosion"	category	2	False	23	"=hyperlink(""https://icd.who.int/browse11/l-m/en#/http%3A%2F%2Fid.who.int%2Ficd%2Fentity%2F1139369866"",""browser"")"	True	True	BlockL1-PD5	BlockL2-PF1			
http://id.who.int/icd/entity/1718262908	http://id.who.int/icd/release/11/mms/1718262908	PF15.1		"- - - - Assault by explosion or rupture of materials or object"	category	2	False	23	"=hyperlink(""https://icd.who.int/browse11/l-m/en#/http%3A%2F%2Fid.who.int%2Ficd%2Fentity%2F1718262908"",""browser"")"	True	True	BlockL1-PD5	BlockL2-PF1			
	http://id.who.int/icd/release/11/mms/1394867772/other	PF15.Y		"- - - - Other specified assault by exposure to explosion"	category	2	True	23	"=hyperlink(""https://icd.who.int/browse11/l-m/en#/http%3A%2F%2Fid.who.int%2Ficd%2Fentity%2F1394867772%2Fmms%2Fother"",""browser"")"	True	True	BlockL1-PD5	BlockL2-PF1			
	http://id.who.int/icd/release/11/mms/1394867772/unspecified	PF15.Z		"- - - - Assault by exposure to explosion, unspecified"	category	2	True	23	"=hyperlink(""https://icd.who.int/browse11/l-m/en#/http%3A%2F%2Fid.who.int%2Ficd%2Fentity%2F1394867772%2Fmms%2Funspecified"",""browser"")"	True	True	BlockL1-PD5	BlockL2-PF1			
http://id.who.int/icd/entity/1351288987	http://id.who.int/icd/release/11/mms/1351288987	PF16		"- - - Assault by physical overexertion"	category	1	False	23	"=hyperlink(""https://icd.who.int/browse11/l-m/en#/http%3A%2F%2Fid.who.int%2Ficd%2Fentity%2F1351288987"",""browser"")"	True	True	BlockL1-PD5	BlockL2-PF1			
http://id.who.int/icd/entity/99370459	http://id.who.int/icd/release/11/mms/99370459	PF17		"- - - Assault by lack of food"	category	1	False	23	"=hyperlink(""https://icd.who.int/browse11/l-m/en#/http%3A%2F%2Fid.who.int%2Ficd%2Fentity%2F99370459"",""browser"")"	True	True	BlockL1-PD5	BlockL2-PF1			
http://id.who.int/icd/entity/1997764264	http://id.who.int/icd/release/11/mms/1997764264	PF18		"- - - Assault by lack of water"	category	1	False	23	"=hyperlink(""https://icd.who.int/browse11/l-m/en#/http%3A%2F%2Fid.who.int%2Ficd%2Fentity%2F1997764264"",""browser"")"	True	True	BlockL1-PD5	BlockL2-PF1			
http://id.who.int/icd/entity/1961828046	http://id.who.int/icd/release/11/mms/1961828046	PF19		"- - - Assault by other specified privation"	category	1	False	23	"=hyperlink(""https://icd.who.int/browse11/l-m/en#/http%3A%2F%2Fid.who.int%2Ficd%2Fentity%2F1961828046"",""browser"")"	True	True	BlockL1-PD5	BlockL2-PF1			
http://id.who.int/icd/entity/1194276488	http://id.who.int/icd/release/11/mms/1194276488	PF1A		"- - - Assault by abandonment"	category	1	False	23	"=hyperlink(""https://icd.who.int/browse11/l-m/en#/http%3A%2F%2Fid.who.int%2Ficd%2Fentity%2F1194276488"",""browser"")"	True	True	BlockL1-PD5	BlockL2-PF1			
http://id.who.int/icd/entity/1729822404	http://id.who.int/icd/release/11/mms/1729822404	PF1B		"- - - Assault by neglect"	category	1	False	23	"=hyperlink(""https://icd.who.int/browse11/l-m/en#/http%3A%2F%2Fid.who.int%2Ficd%2Fentity%2F1729822404"",""browser"")"	True	True	BlockL1-PD5	BlockL2-PF1			
	http://id.who.int/icd/release/11/mms/73322695/other	PF2Y		"- - Other specified assault"	category	1	True	23	"=hyperlink(""https://icd.who.int/browse11/l-m/en#/http%3A%2F%2Fid.who.int%2Ficd%2Fentity%2F73322695%2Fmms%2Fother"",""browser"")"	True	True	BlockL1-PD5				
	http://id.who.int/icd/release/11/mms/73322695/unspecified	PF2Z		"- - Assault, unspecified"	category	1	True	23	"=hyperlink(""https://icd.who.int/browse11/l-m/en#/http%3A%2F%2Fid.who.int%2Ficd%2Fentity%2F73322695%2Fmms%2Funspecified"",""browser"")"	True	True	BlockL1-PD5				
http://id.who.int/icd/entity/128104623	http://id.who.int/icd/release/11/mms/128104623		BlockL1-PF4	"- Undetermined intent"	block	1	False	23	"=hyperlink(""https://icd.who.int/browse11/l-m/en#/http%3A%2F%2Fid.who.int%2Ficd%2Fentity%2F128104623"",""browser"")"	False						
http://id.who.int/icd/entity/238901123	http://id.who.int/icd/release/11/mms/238901123		BlockL2-PF4	"- - Transport injury event of undetermined intent"	block	2	False	23	"=hyperlink(""https://icd.who.int/browse11/l-m/en#/http%3A%2F%2Fid.who.int%2Ficd%2Fentity%2F238901123"",""browser"")"	False		BlockL1-PF4				
http://id.who.int/icd/entity/235549739	http://id.who.int/icd/release/11/mms/235549739		BlockL3-PF4	"- - - Land transport road traffic injury event of undetermined intent"	block	3	False	23	"=hyperlink(""https://icd.who.int/browse11/l-m/en#/http%3A%2F%2Fid.who.int%2Ficd%2Fentity%2F235549739"",""browser"")"	False		BlockL1-PF4	BlockL2-PF4			
http://id.who.int/icd/entity/1104177032	http://id.who.int/icd/release/11/mms/1104177032	PF40		"- - - - Land transport traffic injury event of undetermined intent injuring a pedestrian"	category	1	False	23	"=hyperlink(""https://icd.who.int/browse11/l-m/en#/http%3A%2F%2Fid.who.int%2Ficd%2Fentity%2F1104177032"",""browser"")"	True	True	BlockL1-PF4	BlockL2-PF4	BlockL3-PF4		
http://id.who.int/icd/entity/1145305096	http://id.who.int/icd/release/11/mms/1145305096	PF41		"- - - - Land transport traffic injury event of undetermined intent injuring the user of a pedestrian conveyance"	category	1	False	23	"=hyperlink(""https://icd.who.int/browse11/l-m/en#/http%3A%2F%2Fid.who.int%2Ficd%2Fentity%2F1145305096"",""browser"")"	True	True	BlockL1-PF4	BlockL2-PF4	BlockL3-PF4		
http://id.who.int/icd/entity/997776151	http://id.who.int/icd/release/11/mms/997776151	PF42		"- - - - Land transport traffic injury event of undetermined intent injuring a pedal cyclist"	category	1	False	23	"=hyperlink(""https://icd.who.int/browse11/l-m/en#/http%3A%2F%2Fid.who.int%2Ficd%2Fentity%2F997776151"",""browser"")"	True	True	BlockL1-PF4	BlockL2-PF4	BlockL3-PF4		
http://id.who.int/icd/entity/1143534088	http://id.who.int/icd/release/11/mms/1143534088	PF43		"- - - - Land transport traffic injury event of undetermined intent injuring a motor cyclist"	category	1	False	23	"=hyperlink(""https://icd.who.int/browse11/l-m/en#/http%3A%2F%2Fid.who.int%2Ficd%2Fentity%2F1143534088"",""browser"")"	True	True	BlockL1-PF4	BlockL2-PF4	BlockL3-PF4		
http://id.who.int/icd/entity/1586115662	http://id.who.int/icd/release/11/mms/1586115662	PF44		"- - - - Land transport traffic injury event of undetermined intent injuring a car occupant"	category	1	False	23	"=hyperlink(""https://icd.who.int/browse11/l-m/en#/http%3A%2F%2Fid.who.int%2Ficd%2Fentity%2F1586115662"",""browser"")"	True	True	BlockL1-PF4	BlockL2-PF4	BlockL3-PF4		
http://id.who.int/icd/entity/565253971	http://id.who.int/icd/release/11/mms/565253971	PF45		"- - - - Land transport traffic injury event of undetermined intent injuring a bus or coach occupant"	category	1	False	23	"=hyperlink(""https://icd.who.int/browse11/l-m/en#/http%3A%2F%2Fid.who.int%2Ficd%2Fentity%2F565253971"",""browser"")"	True	True	BlockL1-PF4	BlockL2-PF4	BlockL3-PF4		
http://id.who.int/icd/entity/507212875	http://id.who.int/icd/release/11/mms/507212875	PF46		"- - - - Land transport traffic injury event of undetermined intent injuring an occupant of light goods vehicle"	category	1	False	23	"=hyperlink(""https://icd.who.int/browse11/l-m/en#/http%3A%2F%2Fid.who.int%2Ficd%2Fentity%2F507212875"",""browser"")"	True	True	BlockL1-PF4	BlockL2-PF4	BlockL3-PF4		
http://id.who.int/icd/entity/606243037	http://id.who.int/icd/release/11/mms/606243037	PF47		"- - - - Land transport traffic injury event of undetermined intent injuring an occupant of heavy goods vehicle"	category	1	False	23	"=hyperlink(""https://icd.who.int/browse11/l-m/en#/http%3A%2F%2Fid.who.int%2Ficd%2Fentity%2F606243037"",""browser"")"	True	True	BlockL1-PF4	BlockL2-PF4	BlockL3-PF4		
http://id.who.int/icd/entity/1503732645	http://id.who.int/icd/release/11/mms/1503732645	PF48		"- - - - Land transport traffic injury event of undetermined intent injuring an occupant of a streetcar or tram"	category	1	False	23	"=hyperlink(""https://icd.who.int/browse11/l-m/en#/http%3A%2F%2Fid.who.int%2Ficd%2Fentity%2F1503732645"",""browser"")"	True	True	BlockL1-PF4	BlockL2-PF4	BlockL3-PF4		
http://id.who.int/icd/entity/341160987	http://id.who.int/icd/release/11/mms/341160987	PF49		"- - - - Land transport traffic injury event of undetermined intent injuring an occupant of a low powered passenger vehicle"	category	1	False	23	"=hyperlink(""https://icd.who.int/browse11/l-m/en#/http%3A%2F%2Fid.who.int%2Ficd%2Fentity%2F341160987"",""browser"")"	True	True	BlockL1-PF4	BlockL2-PF4	BlockL3-PF4		
http://id.who.int/icd/entity/24783331	http://id.who.int/icd/release/11/mms/24783331	PF4A		"- - - - Land transport traffic injury event of undetermined intent injuring a user of a special vehicle mainly used in agriculture"	category	1	False	23	"=hyperlink(""https://icd.who.int/browse11/l-m/en#/http%3A%2F%2Fid.who.int%2Ficd%2Fentity%2F24783331"",""browser"")"	True	True	BlockL1-PF4	BlockL2-PF4	BlockL3-PF4		
http://id.who.int/icd/entity/1422927676	http://id.who.int/icd/release/11/mms/1422927676	PF4B		"- - - - Land transport traffic injury event of undetermined intent injuring a user of a special vehicle mainly used on industrial premises"	category	1	False	23	"=hyperlink(""https://icd.who.int/browse11/l-m/en#/http%3A%2F%2Fid.who.int%2Ficd%2Fentity%2F1422927676"",""browser"")"	True	True	BlockL1-PF4	BlockL2-PF4	BlockL3-PF4		
http://id.who.int/icd/entity/1682209990	http://id.who.int/icd/release/11/mms/1682209990	PF4C		"- - - - Land transport traffic injury event of undetermined intent injuring a user of a special construction vehicle"	category	1	False	23	"=hyperlink(""https://icd.who.int/browse11/l-m/en#/http%3A%2F%2Fid.who.int%2Ficd%2Fentity%2F1682209990"",""browser"")"	True	True	BlockL1-PF4	BlockL2-PF4	BlockL3-PF4		
http://id.who.int/icd/entity/1625892804	http://id.who.int/icd/release/11/mms/1625892804	PF4D		"- - - - Land transport traffic injury event of undetermined intent injuring a user of an all-terrain vehicle"	category	1	False	23	"=hyperlink(""https://icd.who.int/browse11/l-m/en#/http%3A%2F%2Fid.who.int%2Ficd%2Fentity%2F1625892804"",""browser"")"	True	True	BlockL1-PF4	BlockL2-PF4	BlockL3-PF4		
http://id.who.int/icd/entity/2060836396	http://id.who.int/icd/release/11/mms/2060836396	PF4E		"- - - - Land transport traffic injury event of undetermined intent injuring a rider of an animal"	category	1	False	23	"=hyperlink(""https://icd.who.int/browse11/l-m/en#/http%3A%2F%2Fid.who.int%2Ficd%2Fentity%2F2060836396"",""browser"")"	True	True	BlockL1-PF4	BlockL2-PF4	BlockL3-PF4		
http://id.who.int/icd/entity/558883233	http://id.who.int/icd/release/11/mms/558883233	PF4F		"- - - - Land transport traffic injury event of undetermined intent injuring an occupant of an animal-drawn vehicle"	category	1	False	23	"=hyperlink(""https://icd.who.int/browse11/l-m/en#/http%3A%2F%2Fid.who.int%2Ficd%2Fentity%2F558883233"",""browser"")"	True	True	BlockL1-PF4	BlockL2-PF4	BlockL3-PF4		
	http://id.who.int/icd/release/11/mms/235549739/other	PF4Y		"- - - - Land transport traffic injury event of undetermined intent injuring a user of other specified land transport"	category	1	True	23	"=hyperlink(""https://icd.who.int/browse11/l-m/en#/http%3A%2F%2Fid.who.int%2Ficd%2Fentity%2F235549739%2Fmms%2Fother"",""browser"")"	True	True	BlockL1-PF4	BlockL2-PF4	BlockL3-PF4		
	http://id.who.int/icd/release/11/mms/235549739/unspecified	PF4Z		"- - - - Land transport traffic injury event of undetermined intent injuring a user of unknown or unspecified land transport"	category	1	True	23	"=hyperlink(""https://icd.who.int/browse11/l-m/en#/http%3A%2F%2Fid.who.int%2Ficd%2Fentity%2F235549739%2Fmms%2Funspecified"",""browser"")"	True	True	BlockL1-PF4	BlockL2-PF4	BlockL3-PF4		
http://id.who.int/icd/entity/495273930	http://id.who.int/icd/release/11/mms/495273930		BlockL3-PF5	"- - - Land transport off-road nontraffic injury event of undetermined intent"	block	3	False	23	"=hyperlink(""https://icd.who.int/browse11/l-m/en#/http%3A%2F%2Fid.who.int%2Ficd%2Fentity%2F495273930"",""browser"")"	False		BlockL1-PF4	BlockL2-PF4			
http://id.who.int/icd/entity/1957144478	http://id.who.int/icd/release/11/mms/1957144478	PF50		"- - - - Land transport nontraffic injury event of undetermined intent injuring a pedestrian"	category	1	False	23	"=hyperlink(""https://icd.who.int/browse11/l-m/en#/http%3A%2F%2Fid.who.int%2Ficd%2Fentity%2F1957144478"",""browser"")"	True	True	BlockL1-PF4	BlockL2-PF4	BlockL3-PF5		
http://id.who.int/icd/entity/889283067	http://id.who.int/icd/release/11/mms/889283067	PF51		"- - - - Land transport nontraffic injury event of undetermined intent injuring the user of a pedestrian conveyance"	category	1	False	23	"=hyperlink(""https://icd.who.int/browse11/l-m/en#/http%3A%2F%2Fid.who.int%2Ficd%2Fentity%2F889283067"",""browser"")"	True	True	BlockL1-PF4	BlockL2-PF4	BlockL3-PF5		
http://id.who.int/icd/entity/1343649330	http://id.who.int/icd/release/11/mms/1343649330	PF52		"- - - - Land transport nontraffic injury event of undetermined intent injuring a pedal cyclist"	category	1	False	23	"=hyperlink(""https://icd.who.int/browse11/l-m/en#/http%3A%2F%2Fid.who.int%2Ficd%2Fentity%2F1343649330"",""browser"")"	True	True	BlockL1-PF4	BlockL2-PF4	BlockL3-PF5		
http://id.who.int/icd/entity/1414404254	http://id.who.int/icd/release/11/mms/1414404254	PF53		"- - - - Land transport nontraffic injury event of undetermined intent injuring a motor cyclist"	category	1	False	23	"=hyperlink(""https://icd.who.int/browse11/l-m/en#/http%3A%2F%2Fid.who.int%2Ficd%2Fentity%2F1414404254"",""browser"")"	True	True	BlockL1-PF4	BlockL2-PF4	BlockL3-PF5		
http://id.who.int/icd/entity/1972986644	http://id.who.int/icd/release/11/mms/1972986644	PF54		"- - - - Land transport nontraffic injury event of undetermined intent injuring a car occupant"	category	1	False	23	"=hyperlink(""https://icd.who.int/browse11/l-m/en#/http%3A%2F%2Fid.who.int%2Ficd%2Fentity%2F1972986644"",""browser"")"	True	True	BlockL1-PF4	BlockL2-PF4	BlockL3-PF5		
http://id.who.int/icd/entity/155195946	http://id.who.int/icd/release/11/mms/155195946	PF55		"- - - - Land transport nontraffic injury event of undetermined intent injuring a bus or coach occupant"	category	1	False	23	"=hyperlink(""https://icd.who.int/browse11/l-m/en#/http%3A%2F%2Fid.who.int%2Ficd%2Fentity%2F155195946"",""browser"")"	True	True	BlockL1-PF4	BlockL2-PF4	BlockL3-PF5		
http://id.who.int/icd/entity/1134101971	http://id.who.int/icd/release/11/mms/1134101971	PF56		"- - - - Land transport nontraffic injury event of undetermined intent injuring an occupant of light goods vehicle"	category	1	False	23	"=hyperlink(""https://icd.who.int/browse11/l-m/en#/http%3A%2F%2Fid.who.int%2Ficd%2Fentity%2F1134101971"",""browser"")"	True	True	BlockL1-PF4	BlockL2-PF4	BlockL3-PF5		
http://id.who.int/icd/entity/1716803601	http://id.who.int/icd/release/11/mms/1716803601	PF57		"- - - - Land transport nontraffic injury event of undetermined intent injuring an occupant of heavy goods vehicle"	category	1	False	23	"=hyperlink(""https://icd.who.int/browse11/l-m/en#/http%3A%2F%2Fid.who.int%2Ficd%2Fentity%2F1716803601"",""browser"")"	True	True	BlockL1-PF4	BlockL2-PF4	BlockL3-PF5		
http://id.who.int/icd/entity/1038558580	http://id.who.int/icd/release/11/mms/1038558580	PF58		"- - - - Land transport nontraffic injury event of undetermined intent injuring an occupant of a streetcar or tram"	category	1	False	23	"=hyperlink(""https://icd.who.int/browse11/l-m/en#/http%3A%2F%2Fid.who.int%2Ficd%2Fentity%2F1038558580"",""browser"")"	True	True	BlockL1-PF4	BlockL2-PF4	BlockL3-PF5		
http://id.who.int/icd/entity/50399036	http://id.who.int/icd/release/11/mms/50399036	PF59		"- - - - Land transport nontraffic injury event of undetermined intent injuring an occupant of a low powered passenger vehicle"	category	1	False	23	"=hyperlink(""https://icd.who.int/browse11/l-m/en#/http%3A%2F%2Fid.who.int%2Ficd%2Fentity%2F50399036"",""browser"")"	True	True	BlockL1-PF4	BlockL2-PF4	BlockL3-PF5		
http://id.who.int/icd/entity/650926840	http://id.who.int/icd/release/11/mms/650926840	PF5A		"- - - - Land transport nontraffic injury event of undetermined intent injuring a user of a special vehicle mainly used in agriculture"	category	1	False	23	"=hyperlink(""https://icd.who.int/browse11/l-m/en#/http%3A%2F%2Fid.who.int%2Ficd%2Fentity%2F650926840"",""browser"")"	True	True	BlockL1-PF4	BlockL2-PF4	BlockL3-PF5		
http://id.who.int/icd/entity/944583984	http://id.who.int/icd/release/11/mms/944583984	PF5B		"- - - - Land transport nontraffic injury event of undetermined intent injuring a user of a special vehicle mainly used on industrial premises"	category	1	False	23	"=hyperlink(""https://icd.who.int/browse11/l-m/en#/http%3A%2F%2Fid.who.int%2Ficd%2Fentity%2F944583984"",""browser"")"	True	True	BlockL1-PF4	BlockL2-PF4	BlockL3-PF5		
http://id.who.int/icd/entity/1843870705	http://id.who.int/icd/release/11/mms/1843870705	PF5C		"- - - - Land transport nontraffic injury event of undetermined intent injuring a user of a special construction vehicle"	category	1	False	23	"=hyperlink(""https://icd.who.int/browse11/l-m/en#/http%3A%2F%2Fid.who.int%2Ficd%2Fentity%2F1843870705"",""browser"")"	True	True	BlockL1-PF4	BlockL2-PF4	BlockL3-PF5		
http://id.who.int/icd/entity/940539342	http://id.who.int/icd/release/11/mms/940539342	PF5D		"- - - - Land transport nontraffic injury event of undetermined intent injuring a user of an all-terrain vehicle"	category	1	False	23	"=hyperlink(""https://icd.who.int/browse11/l-m/en#/http%3A%2F%2Fid.who.int%2Ficd%2Fentity%2F940539342"",""browser"")"	True	True	BlockL1-PF4	BlockL2-PF4	BlockL3-PF5		
http://id.who.int/icd/entity/1561881093	http://id.who.int/icd/release/11/mms/1561881093	PF5E		"- - - - Land transport nontraffic injury event of undetermined intent injuring a rider of an animal"	category	1	False	23	"=hyperlink(""https://icd.who.int/browse11/l-m/en#/http%3A%2F%2Fid.who.int%2Ficd%2Fentity%2F1561881093"",""browser"")"	True	True	BlockL1-PF4	BlockL2-PF4	BlockL3-PF5		
http://id.who.int/icd/entity/1497367723	http://id.who.int/icd/release/11/mms/1497367723	PF5F		"- - - - Land transport nontraffic injury event of undetermined intent injuring an occupant of an animal-drawn vehicle"	category	1	False	23	"=hyperlink(""https://icd.who.int/browse11/l-m/en#/http%3A%2F%2Fid.who.int%2Ficd%2Fentity%2F1497367723"",""browser"")"	True	True	BlockL1-PF4	BlockL2-PF4	BlockL3-PF5		
	http://id.who.int/icd/release/11/mms/495273930/other	PF5Y		"- - - - Land transport nontraffic injury event of undetermined intent injuring a user of other specified land transport"	category	1	True	23	"=hyperlink(""https://icd.who.int/browse11/l-m/en#/http%3A%2F%2Fid.who.int%2Ficd%2Fentity%2F495273930%2Fmms%2Fother"",""browser"")"	True	True	BlockL1-PF4	BlockL2-PF4	BlockL3-PF5		
	http://id.who.int/icd/release/11/mms/495273930/unspecified	PF5Z		"- - - - Land transport nontraffic injury event of undetermined intent injuring a user of unknown or unspecified land transport"	category	1	True	23	"=hyperlink(""https://icd.who.int/browse11/l-m/en#/http%3A%2F%2Fid.who.int%2Ficd%2Fentity%2F495273930%2Fmms%2Funspecified"",""browser"")"	True	True	BlockL1-PF4	BlockL2-PF4	BlockL3-PF5		
http://id.who.int/icd/entity/1628616367	http://id.who.int/icd/release/11/mms/1628616367		BlockL3-PF6	"- - - Land transport injury event of undetermined intent, unknown whether road traffic or off-road nontraffic"	block	3	False	23	"=hyperlink(""https://icd.who.int/browse11/l-m/en#/http%3A%2F%2Fid.who.int%2Ficd%2Fentity%2F1628616367"",""browser"")"	False		BlockL1-PF4	BlockL2-PF4			
http://id.who.int/icd/entity/384793678	http://id.who.int/icd/release/11/mms/384793678	PF60		"- - - - Land transport injury event of undetermined intent, unknown whether road traffic or off-road nontraffic injuring a pedestrian"	category	1	False	23	"=hyperlink(""https://icd.who.int/browse11/l-m/en#/http%3A%2F%2Fid.who.int%2Ficd%2Fentity%2F384793678"",""browser"")"	True	True	BlockL1-PF4	BlockL2-PF4	BlockL3-PF6		
http://id.who.int/icd/entity/459673993	http://id.who.int/icd/release/11/mms/459673993	PF61		"- - - - Land transport injury event of undetermined intent, unknown whether road traffic or off-road nontraffic injuring the user of a pedestrian conveyance"	category	1	False	23	"=hyperlink(""https://icd.who.int/browse11/l-m/en#/http%3A%2F%2Fid.who.int%2Ficd%2Fentity%2F459673993"",""browser"")"	True	True	BlockL1-PF4	BlockL2-PF4	BlockL3-PF6		
http://id.who.int/icd/entity/1848995180	http://id.who.int/icd/release/11/mms/1848995180	PF62		"- - - - Land transport injury event of undetermined intent, unknown whether road traffic or off-road nontraffic injuring a pedal cyclist"	category	1	False	23	"=hyperlink(""https://icd.who.int/browse11/l-m/en#/http%3A%2F%2Fid.who.int%2Ficd%2Fentity%2F1848995180"",""browser"")"	True	True	BlockL1-PF4	BlockL2-PF4	BlockL3-PF6		
http://id.who.int/icd/entity/1587623570	http://id.who.int/icd/release/11/mms/1587623570	PF63		"- - - - Land transport injury event of undetermined intent, unknown whether road traffic or off-road nontraffic injuring a motor cyclist"	category	1	False	23	"=hyperlink(""https://icd.who.int/browse11/l-m/en#/http%3A%2F%2Fid.who.int%2Ficd%2Fentity%2F1587623570"",""browser"")"	True	True	BlockL1-PF4	BlockL2-PF4	BlockL3-PF6		
http://id.who.int/icd/entity/1308665128	http://id.who.int/icd/release/11/mms/1308665128	PF64		"- - - - Land transport injury event of undetermined intent, unknown whether road traffic or off-road nontraffic injuring a car occupant"	category	1	False	23	"=hyperlink(""https://icd.who.int/browse11/l-m/en#/http%3A%2F%2Fid.who.int%2Ficd%2Fentity%2F1308665128"",""browser"")"	True	True	BlockL1-PF4	BlockL2-PF4	BlockL3-PF6		
http://id.who.int/icd/entity/464169975	http://id.who.int/icd/release/11/mms/464169975	PF65		"- - - - Land transport injury event of undetermined intent, unknown whether road traffic or off-road nontraffic injuring a bus or coach occupant"	category	1	False	23	"=hyperlink(""https://icd.who.int/browse11/l-m/en#/http%3A%2F%2Fid.who.int%2Ficd%2Fentity%2F464169975"",""browser"")"	True	True	BlockL1-PF4	BlockL2-PF4	BlockL3-PF6		
http://id.who.int/icd/entity/1313009098	http://id.who.int/icd/release/11/mms/1313009098	PF66		"- - - - Land transport injury event of undetermined intent, unknown whether road traffic or off-road nontraffic injuring an occupant of light goods vehicle"	category	1	False	23	"=hyperlink(""https://icd.who.int/browse11/l-m/en#/http%3A%2F%2Fid.who.int%2Ficd%2Fentity%2F1313009098"",""browser"")"	True	True	BlockL1-PF4	BlockL2-PF4	BlockL3-PF6		
http://id.who.int/icd/entity/2019482588	http://id.who.int/icd/release/11/mms/2019482588	PF67		"- - - - Land transport injury event of undetermined intent, unknown whether road traffic or off-road nontraffic injuring an occupant of heavy goods vehicle"	category	1	False	23	"=hyperlink(""https://icd.who.int/browse11/l-m/en#/http%3A%2F%2Fid.who.int%2Ficd%2Fentity%2F2019482588"",""browser"")"	True	True	BlockL1-PF4	BlockL2-PF4	BlockL3-PF6		
http://id.who.int/icd/entity/2080814452	http://id.who.int/icd/release/11/mms/2080814452	PF68		"- - - - Land transport injury event of undetermined intent, unknown whether road traffic or off-road nontraffic injuring an occupant of a streetcar or tram"	category	1	False	23	"=hyperlink(""https://icd.who.int/browse11/l-m/en#/http%3A%2F%2Fid.who.int%2Ficd%2Fentity%2F2080814452"",""browser"")"	True	True	BlockL1-PF4	BlockL2-PF4	BlockL3-PF6		
http://id.who.int/icd/entity/1574031098	http://id.who.int/icd/release/11/mms/1574031098	PF69		"- - - - Land transport injury event of undetermined intent, unknown whether road traffic or off-road nontraffic injuring an occupant of a low powered passenger vehicle"	category	1	False	23	"=hyperlink(""https://icd.who.int/browse11/l-m/en#/http%3A%2F%2Fid.who.int%2Ficd%2Fentity%2F1574031098"",""browser"")"	True	True	BlockL1-PF4	BlockL2-PF4	BlockL3-PF6		
http://id.who.int/icd/entity/952555827	http://id.who.int/icd/release/11/mms/952555827	PF6A		"- - - - Land transport injury event of undetermined intent, unknown whether road traffic or off-road nontraffic injuring a user of a special vehicle mainly used in agriculture"	category	1	False	23	"=hyperlink(""https://icd.who.int/browse11/l-m/en#/http%3A%2F%2Fid.who.int%2Ficd%2Fentity%2F952555827"",""browser"")"	True	True	BlockL1-PF4	BlockL2-PF4	BlockL3-PF6		
http://id.who.int/icd/entity/1914685130	http://id.who.int/icd/release/11/mms/1914685130	PF6B		"- - - - Land transport injury event of undetermined intent, unknown whether road traffic or off-road nontraffic injuring a user of a special vehicle mainly used on industrial premises"	category	1	False	23	"=hyperlink(""https://icd.who.int/browse11/l-m/en#/http%3A%2F%2Fid.who.int%2Ficd%2Fentity%2F1914685130"",""browser"")"	True	True	BlockL1-PF4	BlockL2-PF4	BlockL3-PF6		
http://id.who.int/icd/entity/1473420042	http://id.who.int/icd/release/11/mms/1473420042	PF6C		"- - - - Land transport injury event of undetermined intent, unknown whether road traffic or off-road nontraffic injuring a user of a special construction vehicle"	category	1	False	23	"=hyperlink(""https://icd.who.int/browse11/l-m/en#/http%3A%2F%2Fid.who.int%2Ficd%2Fentity%2F1473420042"",""browser"")"	True	True	BlockL1-PF4	BlockL2-PF4	BlockL3-PF6		
http://id.who.int/icd/entity/413242541	http://id.who.int/icd/release/11/mms/413242541	PF6D		"- - - - Land transport injury event of undetermined intent, unknown whether road traffic or off-road nontraffic injuring a user of an all-terrain vehicle"	category	1	False	23	"=hyperlink(""https://icd.who.int/browse11/l-m/en#/http%3A%2F%2Fid.who.int%2Ficd%2Fentity%2F413242541"",""browser"")"	True	True	BlockL1-PF4	BlockL2-PF4	BlockL3-PF6		
http://id.who.int/icd/entity/642234085	http://id.who.int/icd/release/11/mms/642234085	PF6E		"- - - - Land transport injury event of undetermined intent, unknown whether road traffic or off-road nontraffic injuring a rider of an animal"	category	1	False	23	"=hyperlink(""https://icd.who.int/browse11/l-m/en#/http%3A%2F%2Fid.who.int%2Ficd%2Fentity%2F642234085"",""browser"")"	True	True	BlockL1-PF4	BlockL2-PF4	BlockL3-PF6		
http://id.who.int/icd/entity/59435815	http://id.who.int/icd/release/11/mms/59435815	PF6F		"- - - - Land transport injury event of undetermined intent, unknown whether road traffic or off-road nontraffic injuring an occupant of an animal-drawn vehicle"	category	1	False	23	"=hyperlink(""https://icd.who.int/browse11/l-m/en#/http%3A%2F%2Fid.who.int%2Ficd%2Fentity%2F59435815"",""browser"")"	True	True	BlockL1-PF4	BlockL2-PF4	BlockL3-PF6		
	http://id.who.int/icd/release/11/mms/1628616367/other	PF6Y		"- - - - Land transport injury event of undetermined intent, unknown whether road traffic or off-road nontraffic injuring a user of an other specified vehicle"	category	1	True	23	"=hyperlink(""https://icd.who.int/browse11/l-m/en#/http%3A%2F%2Fid.who.int%2Ficd%2Fentity%2F1628616367%2Fmms%2Fother"",""browser"")"	True	True	BlockL1-PF4	BlockL2-PF4	BlockL3-PF6		
	http://id.who.int/icd/release/11/mms/1628616367/unspecified	PF6Z		"- - - - Land transport injury event of undetermined intent, unknown whether road traffic or off-road nontraffic injuring a user of an unknown or unspecified vehicle"	category	1	True	23	"=hyperlink(""https://icd.who.int/browse11/l-m/en#/http%3A%2F%2Fid.who.int%2Ficd%2Fentity%2F1628616367%2Fmms%2Funspecified"",""browser"")"	True	True	BlockL1-PF4	BlockL2-PF4	BlockL3-PF6		
http://id.who.int/icd/entity/1221115924	http://id.who.int/icd/release/11/mms/1221115924		BlockL3-PF7	"- - - Railway transport injury event of undetermined intent"	block	3	False	23	"=hyperlink(""https://icd.who.int/browse11/l-m/en#/http%3A%2F%2Fid.who.int%2Ficd%2Fentity%2F1221115924"",""browser"")"	False		BlockL1-PF4	BlockL2-PF4			
http://id.who.int/icd/entity/1741161417	http://id.who.int/icd/release/11/mms/1741161417	PF70		"- - - - Railway transport injury event of undetermined intent with collision or derailment"	category	1	False	23	"=hyperlink(""https://icd.who.int/browse11/l-m/en#/http%3A%2F%2Fid.who.int%2Ficd%2Fentity%2F1741161417"",""browser"")"	True	True	BlockL1-PF4	BlockL2-PF4	BlockL3-PF7		
http://id.who.int/icd/entity/936956022	http://id.who.int/icd/release/11/mms/936956022	PF71		"- - - - Railway transport injury event of undetermined intent without collision or derailment"	category	1	False	23	"=hyperlink(""https://icd.who.int/browse11/l-m/en#/http%3A%2F%2Fid.who.int%2Ficd%2Fentity%2F936956022"",""browser"")"	True	True	BlockL1-PF4	BlockL2-PF4	BlockL3-PF7		
	http://id.who.int/icd/release/11/mms/1221115924/unspecified	PF7Z		"- - - - Railway transport injury event of undetermined intent of unspecified type"	category	1	True	23	"=hyperlink(""https://icd.who.int/browse11/l-m/en#/http%3A%2F%2Fid.who.int%2Ficd%2Fentity%2F1221115924%2Fmms%2Funspecified"",""browser"")"	True	True	BlockL1-PF4	BlockL2-PF4	BlockL3-PF7		
http://id.who.int/icd/entity/839612045	http://id.who.int/icd/release/11/mms/839612045		BlockL3-PF8	"- - - Water transport injury event of undetermined intent"	block	3	False	23	"=hyperlink(""https://icd.who.int/browse11/l-m/en#/http%3A%2F%2Fid.who.int%2Ficd%2Fentity%2F839612045"",""browser"")"	False		BlockL1-PF4	BlockL2-PF4			
http://id.who.int/icd/entity/1208355833	http://id.who.int/icd/release/11/mms/1208355833		BlockL4-PF8	"- - - - Water transport injury event of undetermined intent with water vessel damaged, disabled or destroyed"	block	4	False	23	"=hyperlink(""https://icd.who.int/browse11/l-m/en#/http%3A%2F%2Fid.who.int%2Ficd%2Fentity%2F1208355833"",""browser"")"	False		BlockL1-PF4	BlockL2-PF4	BlockL3-PF8		
http://id.who.int/icd/entity/375201665	http://id.who.int/icd/release/11/mms/375201665	PF80		"- - - - - Water transport injury event of undetermined intent with water vessel damaged, disabled or destroyed causing submersion or drowning"	category	1	False	23	"=hyperlink(""https://icd.who.int/browse11/l-m/en#/http%3A%2F%2Fid.who.int%2Ficd%2Fentity%2F375201665"",""browser"")"	True	True	BlockL1-PF4	BlockL2-PF4	BlockL3-PF8	BlockL4-PF8	
	http://id.who.int/icd/release/11/mms/1208355833/other	PF8Y		"- - - - - Water transport injury event of undetermined intent with water vessel damaged, disabled or destroyed causing other injury"	category	1	True	23	"=hyperlink(""https://icd.who.int/browse11/l-m/en#/http%3A%2F%2Fid.who.int%2Ficd%2Fentity%2F1208355833%2Fmms%2Fother"",""browser"")"	True	True	BlockL1-PF4	BlockL2-PF4	BlockL3-PF8	BlockL4-PF8	
	http://id.who.int/icd/release/11/mms/1208355833/unspecified	PF8Z		"- - - - - Water transport injury event of undetermined intent with water vessel damaged, disabled or destroyed causing unspecified injury"	category	1	True	23	"=hyperlink(""https://icd.who.int/browse11/l-m/en#/http%3A%2F%2Fid.who.int%2Ficd%2Fentity%2F1208355833%2Fmms%2Funspecified"",""browser"")"	True	True	BlockL1-PF4	BlockL2-PF4	BlockL3-PF8	BlockL4-PF8	
http://id.who.int/icd/entity/374203162	http://id.who.int/icd/release/11/mms/374203162		BlockL4-PF9	"- - - - Water transport injury event of undetermined intent with water vessel not damaged, disabled or destroyed"	block	4	False	23	"=hyperlink(""https://icd.who.int/browse11/l-m/en#/http%3A%2F%2Fid.who.int%2Ficd%2Fentity%2F374203162"",""browser"")"	False		BlockL1-PF4	BlockL2-PF4	BlockL3-PF8		
http://id.who.int/icd/entity/1125312976	http://id.who.int/icd/release/11/mms/1125312976	PF90		"- - - - - Water transport injury event of undetermined intent with water vessel not damaged, disabled or destroyed causing submersion or drowning"	category	1	False	23	"=hyperlink(""https://icd.who.int/browse11/l-m/en#/http%3A%2F%2Fid.who.int%2Ficd%2Fentity%2F1125312976"",""browser"")"	True	True	BlockL1-PF4	BlockL2-PF4	BlockL3-PF8	BlockL4-PF9	
	http://id.who.int/icd/release/11/mms/374203162/other	PF9Y		"- - - - - Water transport injury event of undetermined intent with water vessel not damaged, disabled or destroyed causing other injury"	category	1	True	23	"=hyperlink(""https://icd.who.int/browse11/l-m/en#/http%3A%2F%2Fid.who.int%2Ficd%2Fentity%2F374203162%2Fmms%2Fother"",""browser"")"	True	True	BlockL1-PF4	BlockL2-PF4	BlockL3-PF8	BlockL4-PF9	
	http://id.who.int/icd/release/11/mms/374203162/unspecified	PF9Z		"- - - - - Water transport injury event of undetermined intent with water vessel not damaged, disabled or destroyed causing unspecified injury"	category	1	True	23	"=hyperlink(""https://icd.who.int/browse11/l-m/en#/http%3A%2F%2Fid.who.int%2Ficd%2Fentity%2F374203162%2Fmms%2Funspecified"",""browser"")"	True	True	BlockL1-PF4	BlockL2-PF4	BlockL3-PF8	BlockL4-PF9	
	http://id.who.int/icd/release/11/mms/839612045/unspecified	PG1Z		"- - - - Water transport injury event of undetermined intent, damage to water vessel unspecified"	category	1	True	23	"=hyperlink(""https://icd.who.int/browse11/l-m/en#/http%3A%2F%2Fid.who.int%2Ficd%2Fentity%2F839612045%2Fmms%2Funspecified"",""browser"")"	True	True	BlockL1-PF4	BlockL2-PF4	BlockL3-PF8		
http://id.who.int/icd/entity/1658265422	http://id.who.int/icd/release/11/mms/1658265422		BlockL3-PG2	"- - - Air or space transport injury event of undetermined intent"	block	3	False	23	"=hyperlink(""https://icd.who.int/browse11/l-m/en#/http%3A%2F%2Fid.who.int%2Ficd%2Fentity%2F1658265422"",""browser"")"	False		BlockL1-PF4	BlockL2-PF4			
http://id.who.int/icd/entity/1669374043	http://id.who.int/icd/release/11/mms/1669374043	PG20		"- - - - Air or space transport injury event of undetermined intent with aircraft or spacecraft damaged, disabled or destroyed"	category	1	False	23	"=hyperlink(""https://icd.who.int/browse11/l-m/en#/http%3A%2F%2Fid.who.int%2Ficd%2Fentity%2F1669374043"",""browser"")"	True	True	BlockL1-PF4	BlockL2-PF4	BlockL3-PG2		
http://id.who.int/icd/entity/475954132	http://id.who.int/icd/release/11/mms/475954132	PG21		"- - - - Air or space transport injury event of undetermined intent with aircraft or spacecraft not damaged, disabled or destroyed"	category	1	False	23	"=hyperlink(""https://icd.who.int/browse11/l-m/en#/http%3A%2F%2Fid.who.int%2Ficd%2Fentity%2F475954132"",""browser"")"	True	True	BlockL1-PF4	BlockL2-PF4	BlockL3-PG2		
	http://id.who.int/icd/release/11/mms/1658265422/unspecified	PG2Z		"- - - - Air or space transport event injury of undetermined intent, damage to aircraft or spacecraft unspecified"	category	1	True	23	"=hyperlink(""https://icd.who.int/browse11/l-m/en#/http%3A%2F%2Fid.who.int%2Ficd%2Fentity%2F1658265422%2Fmms%2Funspecified"",""browser"")"	True	True	BlockL1-PF4	BlockL2-PF4	BlockL3-PG2		
	http://id.who.int/icd/release/11/mms/238901123/other	PG4Y		"- - - Other specified transport injury event of undetermined intent"	category	1	True	23	"=hyperlink(""https://icd.who.int/browse11/l-m/en#/http%3A%2F%2Fid.who.int%2Ficd%2Fentity%2F238901123%2Fmms%2Fother"",""browser"")"	True	True	BlockL1-PF4	BlockL2-PF4			
	http://id.who.int/icd/release/11/mms/238901123/unspecified	PG4Z		"- - - Unspecified transport injury event of undetermined intent"	category	1	True	23	"=hyperlink(""https://icd.who.int/browse11/l-m/en#/http%3A%2F%2Fid.who.int%2Ficd%2Fentity%2F238901123%2Fmms%2Funspecified"",""browser"")"	True	True	BlockL1-PF4	BlockL2-PF4			
http://id.who.int/icd/entity/173760338	http://id.who.int/icd/release/11/mms/173760338		BlockL2-PG5	"- - Fall or jump with undetermined intent"	block	2	False	23	"=hyperlink(""https://icd.who.int/browse11/l-m/en#/http%3A%2F%2Fid.who.int%2Ficd%2Fentity%2F173760338"",""browser"")"	False		BlockL1-PF4				
http://id.who.int/icd/entity/1847586521	http://id.who.int/icd/release/11/mms/1847586521	PG50		"- - - Fall or jump of undetermined intent on the same level or from less than 1 metre"	category	1	False	23	"=hyperlink(""https://icd.who.int/browse11/l-m/en#/http%3A%2F%2Fid.who.int%2Ficd%2Fentity%2F1847586521"",""browser"")"	True	True	BlockL1-PF4	BlockL2-PG5			
http://id.who.int/icd/entity/1566871361	http://id.who.int/icd/release/11/mms/1566871361	PG51		"- - - Fall or jump of undetermined intent from a height of 1 metre or more"	category	1	False	23	"=hyperlink(""https://icd.who.int/browse11/l-m/en#/http%3A%2F%2Fid.who.int%2Ficd%2Fentity%2F1566871361"",""browser"")"	True	True	BlockL1-PF4	BlockL2-PG5			
	http://id.who.int/icd/release/11/mms/173760338/unspecified	PG5Z		"- - - Fall or jump of undetermined intent, height unspecified"	category	1	True	23	"=hyperlink(""https://icd.who.int/browse11/l-m/en#/http%3A%2F%2Fid.who.int%2Ficd%2Fentity%2F173760338%2Fmms%2Funspecified"",""browser"")"	True	True	BlockL1-PF4	BlockL2-PG5			
http://id.who.int/icd/entity/1041697133	http://id.who.int/icd/release/11/mms/1041697133		BlockL2-PG6	"- - Contact with person, animal or plant with undetermined intent"	block	2	False	23	"=hyperlink(""https://icd.who.int/browse11/l-m/en#/http%3A%2F%2Fid.who.int%2Ficd%2Fentity%2F1041697133"",""browser"")"	False		BlockL1-PF4				
http://id.who.int/icd/entity/866369212	http://id.who.int/icd/release/11/mms/866369212	PG60		"- - - Struck, kicked, or bumped with undetermined intent by person"	category	1	False	23	"=hyperlink(""https://icd.who.int/browse11/l-m/en#/http%3A%2F%2Fid.who.int%2Ficd%2Fentity%2F866369212"",""browser"")"	True	True	BlockL1-PF4	BlockL2-PG6			
http://id.who.int/icd/entity/1067541485	http://id.who.int/icd/release/11/mms/1067541485	PG61		"- - - Struck, kicked, or bumped with undetermined intent by animal"	category	1	False	23	"=hyperlink(""https://icd.who.int/browse11/l-m/en#/http%3A%2F%2Fid.who.int%2Ficd%2Fentity%2F1067541485"",""browser"")"	True	True	BlockL1-PF4	BlockL2-PG6			
http://id.who.int/icd/entity/657721774	http://id.who.int/icd/release/11/mms/657721774	PG62		"- - - Stepped on or crushed with undetermined intent by person"	category	1	False	23	"=hyperlink(""https://icd.who.int/browse11/l-m/en#/http%3A%2F%2Fid.who.int%2Ficd%2Fentity%2F657721774"",""browser"")"	True	True	BlockL1-PF4	BlockL2-PG6			
http://id.who.int/icd/entity/1024237873	http://id.who.int/icd/release/11/mms/1024237873	PG63		"- - - Stepped on or crushed with undetermined intent by animal"	category	1	False	23	"=hyperlink(""https://icd.who.int/browse11/l-m/en#/http%3A%2F%2Fid.who.int%2Ficd%2Fentity%2F1024237873"",""browser"")"	True	True	BlockL1-PF4	BlockL2-PG6			
http://id.who.int/icd/entity/116384285	http://id.who.int/icd/release/11/mms/116384285	PG64		"- - - Bitten with undetermined intent by person"	category	1	False	23	"=hyperlink(""https://icd.who.int/browse11/l-m/en#/http%3A%2F%2Fid.who.int%2Ficd%2Fentity%2F116384285"",""browser"")"	True	True	BlockL1-PF4	BlockL2-PG6			
http://id.who.int/icd/entity/200095184	http://id.who.int/icd/release/11/mms/200095184	PG65		"- - - Bitten with undetermined intent by animal"	category	1	False	23	"=hyperlink(""https://icd.who.int/browse11/l-m/en#/http%3A%2F%2Fid.who.int%2Ficd%2Fentity%2F200095184"",""browser"")"	True	True	BlockL1-PF4	BlockL2-PG6			
http://id.who.int/icd/entity/315226870	http://id.who.int/icd/release/11/mms/315226870	PG66		"- - - Scratched or clawed with undetermined intent by person"	category	1	False	23	"=hyperlink(""https://icd.who.int/browse11/l-m/en#/http%3A%2F%2Fid.who.int%2Ficd%2Fentity%2F315226870"",""browser"")"	True	True	BlockL1-PF4	BlockL2-PG6			
http://id.who.int/icd/entity/1117840815	http://id.who.int/icd/release/11/mms/1117840815	PG67		"- - - Scratched or clawed with undetermined intent by animal"	category	1	False	23	"=hyperlink(""https://icd.who.int/browse11/l-m/en#/http%3A%2F%2Fid.who.int%2Ficd%2Fentity%2F1117840815"",""browser"")"	True	True	BlockL1-PF4	BlockL2-PG6			
http://id.who.int/icd/entity/52737868	http://id.who.int/icd/release/11/mms/52737868	PG68		"- - - Stung or envenomated with undetermined intent by animal"	category	1	False	23	"=hyperlink(""https://icd.who.int/browse11/l-m/en#/http%3A%2F%2Fid.who.int%2Ficd%2Fentity%2F52737868"",""browser"")"	True	True	BlockL1-PF4	BlockL2-PG6			
http://id.who.int/icd/entity/996817952	http://id.who.int/icd/release/11/mms/996817952	PG69		"- - - Contact with plant of undetermined intent"	category	1	False	23	"=hyperlink(""https://icd.who.int/browse11/l-m/en#/http%3A%2F%2Fid.who.int%2Ficd%2Fentity%2F996817952"",""browser"")"	True	True	BlockL1-PF4	BlockL2-PG6			
	http://id.who.int/icd/release/11/mms/1041697133/other	PG6Y		"- - - Other specified type of contact with person, animal or plant of undetermined intent"	category	1	True	23	"=hyperlink(""https://icd.who.int/browse11/l-m/en#/http%3A%2F%2Fid.who.int%2Ficd%2Fentity%2F1041697133%2Fmms%2Fother"",""browser"")"	True	True	BlockL1-PF4	BlockL2-PG6			
	http://id.who.int/icd/release/11/mms/1041697133/unspecified	PG6Z		"- - - Unspecified type of contact with person, animal or plant of undetermined intent"	category	1	True	23	"=hyperlink(""https://icd.who.int/browse11/l-m/en#/http%3A%2F%2Fid.who.int%2Ficd%2Fentity%2F1041697133%2Fmms%2Funspecified"",""browser"")"	True	True	BlockL1-PF4	BlockL2-PG6			
http://id.who.int/icd/entity/1018874801	http://id.who.int/icd/release/11/mms/1018874801		BlockL2-PG7	"- - Contact with object, not elsewhere classified with undetermined intent"	block	2	False	23	"=hyperlink(""https://icd.who.int/browse11/l-m/en#/http%3A%2F%2Fid.who.int%2Ficd%2Fentity%2F1018874801"",""browser"")"	False		BlockL1-PF4				
http://id.who.int/icd/entity/1443517886	http://id.who.int/icd/release/11/mms/1443517886		BlockL3-PG7	"- - - Struck by projectile from firearm of undetermined intent"	block	3	False	23	"=hyperlink(""https://icd.who.int/browse11/l-m/en#/http%3A%2F%2Fid.who.int%2Ficd%2Fentity%2F1443517886"",""browser"")"	False		BlockL1-PF4	BlockL2-PG7			
http://id.who.int/icd/entity/792225429	http://id.who.int/icd/release/11/mms/792225429	PG70		"- - - - Struck by projectile from handgun of undetermined intent"	category	1	False	23	"=hyperlink(""https://icd.who.int/browse11/l-m/en#/http%3A%2F%2Fid.who.int%2Ficd%2Fentity%2F792225429"",""browser"")"	True	True	BlockL1-PF4	BlockL2-PG7	BlockL3-PG7		
http://id.who.int/icd/entity/1249094401	http://id.who.int/icd/release/11/mms/1249094401	PG71		"- - - - Struck by projectile from rifle, shotgun or larger firearm of undetermined intent"	category	1	False	23	"=hyperlink(""https://icd.who.int/browse11/l-m/en#/http%3A%2F%2Fid.who.int%2Ficd%2Fentity%2F1249094401"",""browser"")"	True	True	BlockL1-PF4	BlockL2-PG7	BlockL3-PG7		
	http://id.who.int/icd/release/11/mms/1443517886/unspecified	PG7Z		"- - - - Struck by projectile from other and unspecified firearm with unknown intent"	category	1	True	23	"=hyperlink(""https://icd.who.int/browse11/l-m/en#/http%3A%2F%2Fid.who.int%2Ficd%2Fentity%2F1443517886%2Fmms%2Funspecified"",""browser"")"	True	True	BlockL1-PF4	BlockL2-PG7	BlockL3-PG7		
http://id.who.int/icd/entity/359295539	http://id.who.int/icd/release/11/mms/359295539	PG80		"- - - Struck by moving object, not elsewhere classified of undetermined intent"	category	1	False	23	"=hyperlink(""https://icd.who.int/browse11/l-m/en#/http%3A%2F%2Fid.who.int%2Ficd%2Fentity%2F359295539"",""browser"")"	True	True	BlockL1-PF4	BlockL2-PG7			
http://id.who.int/icd/entity/1424898264	http://id.who.int/icd/release/11/mms/1424898264	PG81		"- - - Striking against stationary object of undetermined intent"	category	1	False	23	"=hyperlink(""https://icd.who.int/browse11/l-m/en#/http%3A%2F%2Fid.who.int%2Ficd%2Fentity%2F1424898264"",""browser"")"	True	True	BlockL1-PF4	BlockL2-PG7			
http://id.who.int/icd/entity/616352119	http://id.who.int/icd/release/11/mms/616352119		BlockL3-PG9	"- - - Cut or pierced by sharp object of undetermined intent"	block	3	False	23	"=hyperlink(""https://icd.who.int/browse11/l-m/en#/http%3A%2F%2Fid.who.int%2Ficd%2Fentity%2F616352119"",""browser"")"	False		BlockL1-PF4	BlockL2-PG7			
http://id.who.int/icd/entity/927853034	http://id.who.int/icd/release/11/mms/927853034	PG90		"- - - - Cut or pierced by knife, sword or dagger of undetermined intent"	category	1	False	23	"=hyperlink(""https://icd.who.int/browse11/l-m/en#/http%3A%2F%2Fid.who.int%2Ficd%2Fentity%2F927853034"",""browser"")"	True	True	BlockL1-PF4	BlockL2-PG7	BlockL3-PG9		
http://id.who.int/icd/entity/584733800	http://id.who.int/icd/release/11/mms/584733800	PG91		"- - - - Cut or pierced by sharp glass of undetermined intent"	category	1	False	23	"=hyperlink(""https://icd.who.int/browse11/l-m/en#/http%3A%2F%2Fid.who.int%2Ficd%2Fentity%2F584733800"",""browser"")"	True	True	BlockL1-PF4	BlockL2-PG7	BlockL3-PG9		
	http://id.who.int/icd/release/11/mms/616352119/unspecified	PG9Z		"- - - - Cut or pierced by other or unspecified sharp object, undetermined intent"	category	1	True	23	"=hyperlink(""https://icd.who.int/browse11/l-m/en#/http%3A%2F%2Fid.who.int%2Ficd%2Fentity%2F616352119%2Fmms%2Funspecified"",""browser"")"	True	True	BlockL1-PF4	BlockL2-PG7	BlockL3-PG9		
http://id.who.int/icd/entity/1882692983	http://id.who.int/icd/release/11/mms/1882692983	PH00		"- - - Struck by blunt object with undetermined intent"	category	1	False	23	"=hyperlink(""https://icd.who.int/browse11/l-m/en#/http%3A%2F%2Fid.who.int%2Ficd%2Fentity%2F1882692983"",""browser"")"	True	True	BlockL1-PF4	BlockL2-PG7			
http://id.who.int/icd/entity/745884653	http://id.who.int/icd/release/11/mms/745884653	PH01		"- - - Caught, crushed, jammed or pinched between objects with undetermined intent"	category	1	False	23	"=hyperlink(""https://icd.who.int/browse11/l-m/en#/http%3A%2F%2Fid.who.int%2Ficd%2Fentity%2F745884653"",""browser"")"	True	True	BlockL1-PF4	BlockL2-PG7			
	http://id.who.int/icd/release/11/mms/1018874801/other	PH0Y		"- - - Contact with other specified object, not elsewhere classified with undetermined intent"	category	1	True	23	"=hyperlink(""https://icd.who.int/browse11/l-m/en#/http%3A%2F%2Fid.who.int%2Ficd%2Fentity%2F1018874801%2Fmms%2Fother"",""browser"")"	True	True	BlockL1-PF4	BlockL2-PG7			
	http://id.who.int/icd/release/11/mms/1018874801/unspecified	PH0Z		"- - - Exposure to unspecified object, not elsewhere classified, undetermined intent"	category	1	True	23	"=hyperlink(""https://icd.who.int/browse11/l-m/en#/http%3A%2F%2Fid.who.int%2Ficd%2Fentity%2F1018874801%2Fmms%2Funspecified"",""browser"")"	True	True	BlockL1-PF4	BlockL2-PG7			
http://id.who.int/icd/entity/225208565	http://id.who.int/icd/release/11/mms/225208565		BlockL2-PH1	"- - Immersion, submersion or falling into water with undetermined intent"	block	2	False	23	"=hyperlink(""https://icd.who.int/browse11/l-m/en#/http%3A%2F%2Fid.who.int%2Ficd%2Fentity%2F225208565"",""browser"")"	False		BlockL1-PF4				
http://id.who.int/icd/entity/615930198	http://id.who.int/icd/release/11/mms/615930198	PH10		"- - - Drowning or submersion while in body of water with undetermined intent"	category	1	False	23	"=hyperlink(""https://icd.who.int/browse11/l-m/en#/http%3A%2F%2Fid.who.int%2Ficd%2Fentity%2F615930198"",""browser"")"	True	True	BlockL1-PF4	BlockL2-PH1			
http://id.who.int/icd/entity/659173692	http://id.who.int/icd/release/11/mms/659173692	PH11		"- - - Drowning or submersion following fall into body of water with undetermined intent"	category	1	False	23	"=hyperlink(""https://icd.who.int/browse11/l-m/en#/http%3A%2F%2Fid.who.int%2Ficd%2Fentity%2F659173692"",""browser"")"	True	True	BlockL1-PF4	BlockL2-PH1			
http://id.who.int/icd/entity/1724802009	http://id.who.int/icd/release/11/mms/1724802009	PH12		"- - - Injury other than drowning while in body of water with undetermined intent"	category	1	False	23	"=hyperlink(""https://icd.who.int/browse11/l-m/en#/http%3A%2F%2Fid.who.int%2Ficd%2Fentity%2F1724802009"",""browser"")"	True	True	BlockL1-PF4	BlockL2-PH1			
http://id.who.int/icd/entity/338776230	http://id.who.int/icd/release/11/mms/338776230	PH13		"- - - Injury other than drowning following fall into body of water with undetermined intent"	category	1	False	23	"=hyperlink(""https://icd.who.int/browse11/l-m/en#/http%3A%2F%2Fid.who.int%2Ficd%2Fentity%2F338776230"",""browser"")"	True	True	BlockL1-PF4	BlockL2-PH1			
	http://id.who.int/icd/release/11/mms/225208565/unspecified	PH1Z		"- - - Immersion, submersion or falling into water with undetermined intent, unspecified"	category	1	True	23	"=hyperlink(""https://icd.who.int/browse11/l-m/en#/http%3A%2F%2Fid.who.int%2Ficd%2Fentity%2F225208565%2Fmms%2Funspecified"",""browser"")"	True	True	BlockL1-PF4	BlockL2-PH1			
http://id.who.int/icd/entity/1054800896	http://id.who.int/icd/release/11/mms/1054800896		BlockL2-PH2	"- - Threat to breathing with undetermined intent"	block	2	False	23	"=hyperlink(""https://icd.who.int/browse11/l-m/en#/http%3A%2F%2Fid.who.int%2Ficd%2Fentity%2F1054800896"",""browser"")"	False		BlockL1-PF4				
http://id.who.int/icd/entity/387777115	http://id.who.int/icd/release/11/mms/387777115	PH20		"- - - Threat to breathing by suffocation from object covering mouth or nose with undetermined intent"	category	1	False	23	"=hyperlink(""https://icd.who.int/browse11/l-m/en#/http%3A%2F%2Fid.who.int%2Ficd%2Fentity%2F387777115"",""browser"")"	True	True	BlockL1-PF4	BlockL2-PH2			
http://id.who.int/icd/entity/570201788	http://id.who.int/icd/release/11/mms/570201788	PH21		"- - - Threat to breathing by hanging with undetermined intent"	category	1	False	23	"=hyperlink(""https://icd.who.int/browse11/l-m/en#/http%3A%2F%2Fid.who.int%2Ficd%2Fentity%2F570201788"",""browser"")"	True	True	BlockL1-PF4	BlockL2-PH2			
http://id.who.int/icd/entity/691344416	http://id.who.int/icd/release/11/mms/691344416	PH22		"- - - Threat to breathing by strangulation with undetermined intent"	category	1	False	23	"=hyperlink(""https://icd.who.int/browse11/l-m/en#/http%3A%2F%2Fid.who.int%2Ficd%2Fentity%2F691344416"",""browser"")"	True	True	BlockL1-PF4	BlockL2-PH2			
http://id.who.int/icd/entity/1756448453	http://id.who.int/icd/release/11/mms/1756448453	PH23		"- - - Threat to breathing by external compression of airways or chest with undetermined intent"	category	1	False	23	"=hyperlink(""https://icd.who.int/browse11/l-m/en#/http%3A%2F%2Fid.who.int%2Ficd%2Fentity%2F1756448453"",""browser"")"	True	True	BlockL1-PF4	BlockL2-PH2			
http://id.who.int/icd/entity/293314380	http://id.who.int/icd/release/11/mms/293314380	PH24		"- - - Threat to breathing by inhalation or ingestion of liquids with undetermined intent"	category	1	False	23	"=hyperlink(""https://icd.who.int/browse11/l-m/en#/http%3A%2F%2Fid.who.int%2Ficd%2Fentity%2F293314380"",""browser"")"	True	True	BlockL1-PF4	BlockL2-PH2			
http://id.who.int/icd/entity/431103440	http://id.who.int/icd/release/11/mms/431103440	PH25		"- - - Threat to breathing by inhalation or ingestion of food with undetermined intent"	category	1	False	23	"=hyperlink(""https://icd.who.int/browse11/l-m/en#/http%3A%2F%2Fid.who.int%2Ficd%2Fentity%2F431103440"",""browser"")"	True	True	BlockL1-PF4	BlockL2-PH2			
http://id.who.int/icd/entity/794003761	http://id.who.int/icd/release/11/mms/794003761	PH26		"- - - Threat to breathing by inhalation or ingestion of other objects or materials with undetermined intent"	category	1	False	23	"=hyperlink(""https://icd.who.int/browse11/l-m/en#/http%3A%2F%2Fid.who.int%2Ficd%2Fentity%2F794003761"",""browser"")"	True	True	BlockL1-PF4	BlockL2-PH2			
http://id.who.int/icd/entity/985937085	http://id.who.int/icd/release/11/mms/985937085	PH27		"- - - Threat to breathing by low oxygen environment with undetermined intent"	category	1	False	23	"=hyperlink(""https://icd.who.int/browse11/l-m/en#/http%3A%2F%2Fid.who.int%2Ficd%2Fentity%2F985937085"",""browser"")"	True	True	BlockL1-PF4	BlockL2-PH2			
	http://id.who.int/icd/release/11/mms/1054800896/other	PH2Y		"- - - Other specified threat to breathing with undetermined intent"	category	1	True	23	"=hyperlink(""https://icd.who.int/browse11/l-m/en#/http%3A%2F%2Fid.who.int%2Ficd%2Fentity%2F1054800896%2Fmms%2Fother"",""browser"")"	True	True	BlockL1-PF4	BlockL2-PH2			
	http://id.who.int/icd/release/11/mms/1054800896/unspecified	PH2Z		"- - - Threat to breathing with undetermined intent, unspecified"	category	1	True	23	"=hyperlink(""https://icd.who.int/browse11/l-m/en#/http%3A%2F%2Fid.who.int%2Ficd%2Fentity%2F1054800896%2Fmms%2Funspecified"",""browser"")"	True	True	BlockL1-PF4	BlockL2-PH2			
http://id.who.int/icd/entity/946967676	http://id.who.int/icd/release/11/mms/946967676		BlockL2-PH3	"- - Exposure to thermal mechanism with undetermined intent"	block	2	False	23	"=hyperlink(""https://icd.who.int/browse11/l-m/en#/http%3A%2F%2Fid.who.int%2Ficd%2Fentity%2F946967676"",""browser"")"	False		BlockL1-PF4				
http://id.who.int/icd/entity/1984627760	http://id.who.int/icd/release/11/mms/1984627760	PH30		"- - - Exposure to uncontrolled fire with undetermined intent"	category	1	False	23	"=hyperlink(""https://icd.who.int/browse11/l-m/en#/http%3A%2F%2Fid.who.int%2Ficd%2Fentity%2F1984627760"",""browser"")"	True	True	BlockL1-PF4	BlockL2-PH3			
http://id.who.int/icd/entity/915202025	http://id.who.int/icd/release/11/mms/915202025	PH31		"- - - Exposure to controlled fire with undetermined intent"	category	1	False	23	"=hyperlink(""https://icd.who.int/browse11/l-m/en#/http%3A%2F%2Fid.who.int%2Ficd%2Fentity%2F915202025"",""browser"")"	True	True	BlockL1-PF4	BlockL2-PH3			
http://id.who.int/icd/entity/1039336218	http://id.who.int/icd/release/11/mms/1039336218	PH32		"- - - Exposure to ignition or melting of materials with undetermined intent"	category	1	False	23	"=hyperlink(""https://icd.who.int/browse11/l-m/en#/http%3A%2F%2Fid.who.int%2Ficd%2Fentity%2F1039336218"",""browser"")"	True	True	BlockL1-PF4	BlockL2-PH3			
http://id.who.int/icd/entity/949333077	http://id.who.int/icd/release/11/mms/949333077	PH33		"- - - Contact with hot object or liquid with undetermined intent"	category	1	False	23	"=hyperlink(""https://icd.who.int/browse11/l-m/en#/http%3A%2F%2Fid.who.int%2Ficd%2Fentity%2F949333077"",""browser"")"	True	True	BlockL1-PF4	BlockL2-PH3			
http://id.who.int/icd/entity/2139830677	http://id.who.int/icd/release/11/mms/2139830677	PH34		"- - - Contact with steam, hot vapour, air or gases with undetermined intent"	category	1	False	23	"=hyperlink(""https://icd.who.int/browse11/l-m/en#/http%3A%2F%2Fid.who.int%2Ficd%2Fentity%2F2139830677"",""browser"")"	True	True	BlockL1-PF4	BlockL2-PH3			
http://id.who.int/icd/entity/1613778437	http://id.who.int/icd/release/11/mms/1613778437	PH35		"- - - Exposure to excessive heat with undetermined intent"	category	1	False	23	"=hyperlink(""https://icd.who.int/browse11/l-m/en#/http%3A%2F%2Fid.who.int%2Ficd%2Fentity%2F1613778437"",""browser"")"	True	True	BlockL1-PF4	BlockL2-PH3			
http://id.who.int/icd/entity/1591110733	http://id.who.int/icd/release/11/mms/1591110733	PH36		"- - - Exposure to excessive cold with undetermined intent"	category	1	False	23	"=hyperlink(""https://icd.who.int/browse11/l-m/en#/http%3A%2F%2Fid.who.int%2Ficd%2Fentity%2F1591110733"",""browser"")"	True	True	BlockL1-PF4	BlockL2-PH3			
	http://id.who.int/icd/release/11/mms/946967676/other	PH3Y		"- - - Exposure to other specified thermal mechanism with undetermined intent"	category	1	True	23	"=hyperlink(""https://icd.who.int/browse11/l-m/en#/http%3A%2F%2Fid.who.int%2Ficd%2Fentity%2F946967676%2Fmms%2Fother"",""browser"")"	True	True	BlockL1-PF4	BlockL2-PH3			
	http://id.who.int/icd/release/11/mms/946967676/unspecified	PH3Z		"- - - Exposure to unspecified thermal mechanism with undetermined intent"	category	1	True	23	"=hyperlink(""https://icd.who.int/browse11/l-m/en#/http%3A%2F%2Fid.who.int%2Ficd%2Fentity%2F946967676%2Fmms%2Funspecified"",""browser"")"	True	True	BlockL1-PF4	BlockL2-PH3			
http://id.who.int/icd/entity/817370856	http://id.who.int/icd/release/11/mms/817370856		BlockL2-PH4	"- - Exposure to or harmful effects of substances, undetermined intent"	block	2	False	23	"=hyperlink(""https://icd.who.int/browse11/l-m/en#/http%3A%2F%2Fid.who.int%2Ficd%2Fentity%2F817370856"",""browser"")"	False		BlockL1-PF4				
http://id.who.int/icd/entity/1676151582	http://id.who.int/icd/release/11/mms/1676151582		BlockL3-PH4	"- - - Exposure to or harmful effects of undetermined intent of drugs, medicaments or biological substances"	block	3	False	23	"=hyperlink(""https://icd.who.int/browse11/l-m/en#/http%3A%2F%2Fid.who.int%2Ficd%2Fentity%2F1676151582"",""browser"")"	False		BlockL1-PF4	BlockL2-PH4			
http://id.who.int/icd/entity/1677859026	http://id.who.int/icd/release/11/mms/1677859026	PH40		"- - - - Exposure to or harmful effects of undetermined intent of opioids or related analgesics"	category	1	False	23	"=hyperlink(""https://icd.who.int/browse11/l-m/en#/http%3A%2F%2Fid.who.int%2Ficd%2Fentity%2F1677859026"",""browser"")"	True	True	BlockL1-PF4	BlockL2-PH4	BlockL3-PH4		
http://id.who.int/icd/entity/2124471964	http://id.who.int/icd/release/11/mms/2124471964	PH41		"- - - - Exposure to or harmful effects of undetermined intent of sedative hypnotic drugs or other CNS depressants"	category	1	False	23	"=hyperlink(""https://icd.who.int/browse11/l-m/en#/http%3A%2F%2Fid.who.int%2Ficd%2Fentity%2F2124471964"",""browser"")"	True	True	BlockL1-PF4	BlockL2-PH4	BlockL3-PH4		
http://id.who.int/icd/entity/1636365506	http://id.who.int/icd/release/11/mms/1636365506	PH42		"- - - - Exposure to or harmful effects of undetermined intent of psychostimulants"	category	1	False	23	"=hyperlink(""https://icd.who.int/browse11/l-m/en#/http%3A%2F%2Fid.who.int%2Ficd%2Fentity%2F1636365506"",""browser"")"	True	True	BlockL1-PF4	BlockL2-PH4	BlockL3-PH4		
http://id.who.int/icd/entity/1037369048	http://id.who.int/icd/release/11/mms/1037369048	PH43		"- - - - Exposure to or harmful effects of undetermined intent of cannabinoids or hallucinogens"	category	1	False	23	"=hyperlink(""https://icd.who.int/browse11/l-m/en#/http%3A%2F%2Fid.who.int%2Ficd%2Fentity%2F1037369048"",""browser"")"	True	True	BlockL1-PF4	BlockL2-PH4	BlockL3-PH4		
http://id.who.int/icd/entity/1753149447	http://id.who.int/icd/release/11/mms/1753149447	PH44		"- - - - Exposure to or harmful effects of undetermined intent of analgesics, antipyretics or nonsteroidal anti-inflammatory drugs"	category	1	False	23	"=hyperlink(""https://icd.who.int/browse11/l-m/en#/http%3A%2F%2Fid.who.int%2Ficd%2Fentity%2F1753149447"",""browser"")"	True	True	BlockL1-PF4	BlockL2-PH4	BlockL3-PH4		
http://id.who.int/icd/entity/408677370	http://id.who.int/icd/release/11/mms/408677370	PH45		"- - - - Exposure to or harmful effects of undetermined intent of antidepressants"	category	1	False	23	"=hyperlink(""https://icd.who.int/browse11/l-m/en#/http%3A%2F%2Fid.who.int%2Ficd%2Fentity%2F408677370"",""browser"")"	True	True	BlockL1-PF4	BlockL2-PH4	BlockL3-PH4		
http://id.who.int/icd/entity/585475870	http://id.who.int/icd/release/11/mms/585475870	PH46		"- - - - Exposure to or harmful effects of undetermined intent of antipsychotics"	category	1	False	23	"=hyperlink(""https://icd.who.int/browse11/l-m/en#/http%3A%2F%2Fid.who.int%2Ficd%2Fentity%2F585475870"",""browser"")"	True	True	BlockL1-PF4	BlockL2-PH4	BlockL3-PH4		
http://id.who.int/icd/entity/37286776	http://id.who.int/icd/release/11/mms/37286776	PH47		"- - - - Exposure to or harmful effects of undetermined intent of antiepileptics or antiparkinsonism drugs"	category	1	False	23	"=hyperlink(""https://icd.who.int/browse11/l-m/en#/http%3A%2F%2Fid.who.int%2Ficd%2Fentity%2F37286776"",""browser"")"	False	True	BlockL1-PF4	BlockL2-PH4	BlockL3-PH4		
http://id.who.int/icd/entity/361686862	http://id.who.int/icd/release/11/mms/361686862	PH47.0		"- - - - - Harmful effects of or exposure to mixed antiepileptics, not elsewhere classified, undetermined intent"	category	2	False	23	"=hyperlink(""https://icd.who.int/browse11/l-m/en#/http%3A%2F%2Fid.who.int%2Ficd%2Fentity%2F361686862"",""browser"")"	True	True	BlockL1-PF4	BlockL2-PH4	BlockL3-PH4		
	http://id.who.int/icd/release/11/mms/37286776/unspecified	PH47.Z		"- - - - - Undetermined intent: Harmful effects of and exposure to noxious substances: Drugs, medicaments or biological substances: Unspecified antiepileptics or antiparkinsonism drugs"	category	2	True	23	"=hyperlink(""https://icd.who.int/browse11/l-m/en#/http%3A%2F%2Fid.who.int%2Ficd%2Fentity%2F37286776%2Fmms%2Funspecified"",""browser"")"	True	True	BlockL1-PF4	BlockL2-PH4	BlockL3-PH4		
http://id.who.int/icd/entity/638046280	http://id.who.int/icd/release/11/mms/638046280	PH48		"- - - - Exposure to or harmful effects of undetermined intent of other or unspecified drugs, medicaments or biological substances"	category	1	False	23	"=hyperlink(""https://icd.who.int/browse11/l-m/en#/http%3A%2F%2Fid.who.int%2Ficd%2Fentity%2F638046280"",""browser"")"	True	True	BlockL1-PF4	BlockL2-PH4	BlockL3-PH4		
http://id.who.int/icd/entity/1636910481	http://id.who.int/icd/release/11/mms/1636910481	PH49		"- - - - Exposure to or harmful effects of undetermined intent of multiple drugs, medicaments or biological substances"	category	1	False	23	"=hyperlink(""https://icd.who.int/browse11/l-m/en#/http%3A%2F%2Fid.who.int%2Ficd%2Fentity%2F1636910481"",""browser"")"	True	True	BlockL1-PF4	BlockL2-PH4	BlockL3-PH4		
http://id.who.int/icd/entity/131278066	http://id.who.int/icd/release/11/mms/131278066		BlockL3-PH5	"- - - Exposure to or harmful effects of undetermined intent of substances chiefly nonmedicinal as to source"	block	3	False	23	"=hyperlink(""https://icd.who.int/browse11/l-m/en#/http%3A%2F%2Fid.who.int%2Ficd%2Fentity%2F131278066"",""browser"")"	False		BlockL1-PF4	BlockL2-PH4			
http://id.who.int/icd/entity/1533465302	http://id.who.int/icd/release/11/mms/1533465302	PH50		"- - - - Exposure to or harmful effects of undetermined intent of alcohols"	category	1	False	23	"=hyperlink(""https://icd.who.int/browse11/l-m/en#/http%3A%2F%2Fid.who.int%2Ficd%2Fentity%2F1533465302"",""browser"")"	True	True	BlockL1-PF4	BlockL2-PH4	BlockL3-PH5		
http://id.who.int/icd/entity/1426694143	http://id.who.int/icd/release/11/mms/1426694143	PH51		"- - - - Exposure to or harmful effects of undetermined intent of organic solvents"	category	1	False	23	"=hyperlink(""https://icd.who.int/browse11/l-m/en#/http%3A%2F%2Fid.who.int%2Ficd%2Fentity%2F1426694143"",""browser"")"	True	True	BlockL1-PF4	BlockL2-PH4	BlockL3-PH5		
http://id.who.int/icd/entity/1612885364	http://id.who.int/icd/release/11/mms/1612885364	PH52		"- - - - Exposure to or harmful effects of undetermined intent of carbon monoxide"	category	1	False	23	"=hyperlink(""https://icd.who.int/browse11/l-m/en#/http%3A%2F%2Fid.who.int%2Ficd%2Fentity%2F1612885364"",""browser"")"	True	True	BlockL1-PF4	BlockL2-PH4	BlockL3-PH5		
http://id.who.int/icd/entity/938040061	http://id.who.int/icd/release/11/mms/938040061	PH53		"- - - - Exposure to or harmful effects of undetermined intent of pesticides"	category	1	False	23	"=hyperlink(""https://icd.who.int/browse11/l-m/en#/http%3A%2F%2Fid.who.int%2Ficd%2Fentity%2F938040061"",""browser"")"	True	True	BlockL1-PF4	BlockL2-PH4	BlockL3-PH5		
http://id.who.int/icd/entity/1113735297	http://id.who.int/icd/release/11/mms/1113735297	PH54		"- - - - Exposure to or harmful effects of undetermined intent of corrosive substances"	category	1	False	23	"=hyperlink(""https://icd.who.int/browse11/l-m/en#/http%3A%2F%2Fid.who.int%2Ficd%2Fentity%2F1113735297"",""browser"")"	True	True	BlockL1-PF4	BlockL2-PH4	BlockL3-PH5		
http://id.who.int/icd/entity/1336864166	http://id.who.int/icd/release/11/mms/1336864166	PH55		"- - - - Exposure to or harmful effects of undetermined intent of halogen derivatives of aliphatic or aromatic hydrocarbons"	category	1	False	23	"=hyperlink(""https://icd.who.int/browse11/l-m/en#/http%3A%2F%2Fid.who.int%2Ficd%2Fentity%2F1336864166"",""browser"")"	True	True	BlockL1-PF4	BlockL2-PH4	BlockL3-PH5		
http://id.who.int/icd/entity/1625812450	http://id.who.int/icd/release/11/mms/1625812450	PH56		"- - - - Exposure to or harmful effects of undetermined intent of other or unspecified substances chiefly nonmedicinal as to source"	category	1	False	23	"=hyperlink(""https://icd.who.int/browse11/l-m/en#/http%3A%2F%2Fid.who.int%2Ficd%2Fentity%2F1625812450"",""browser"")"	True	True	BlockL1-PF4	BlockL2-PH4	BlockL3-PH5		
http://id.who.int/icd/entity/513624168	http://id.who.int/icd/release/11/mms/513624168		BlockL2-PH7	"- - Exposure to other mechanism with undetermined intent"	block	2	False	23	"=hyperlink(""https://icd.who.int/browse11/l-m/en#/http%3A%2F%2Fid.who.int%2Ficd%2Fentity%2F513624168"",""browser"")"	False		BlockL1-PF4				
http://id.who.int/icd/entity/720665423	http://id.who.int/icd/release/11/mms/720665423	PH70		"- - - Exposure to foreign body in orifice or eye with undetermined intent"	category	1	False	23	"=hyperlink(""https://icd.who.int/browse11/l-m/en#/http%3A%2F%2Fid.who.int%2Ficd%2Fentity%2F720665423"",""browser"")"	True	True	BlockL1-PF4	BlockL2-PH7			
http://id.who.int/icd/entity/1477134388	http://id.who.int/icd/release/11/mms/1477134388	PH71		"- - - Exposure to electric current with undetermined intent"	category	1	False	23	"=hyperlink(""https://icd.who.int/browse11/l-m/en#/http%3A%2F%2Fid.who.int%2Ficd%2Fentity%2F1477134388"",""browser"")"	True	True	BlockL1-PF4	BlockL2-PH7			
http://id.who.int/icd/entity/361183950	http://id.who.int/icd/release/11/mms/361183950	PH72		"- - - Exposure to sunlight with undetermined intent"	category	1	False	23	"=hyperlink(""https://icd.who.int/browse11/l-m/en#/http%3A%2F%2Fid.who.int%2Ficd%2Fentity%2F361183950"",""browser"")"	True	True	BlockL1-PF4	BlockL2-PH7			
http://id.who.int/icd/entity/1302132158	http://id.who.int/icd/release/11/mms/1302132158	PH73		"- - - Exposure to radiation with undetermined intent"	category	1	False	23	"=hyperlink(""https://icd.who.int/browse11/l-m/en#/http%3A%2F%2Fid.who.int%2Ficd%2Fentity%2F1302132158"",""browser"")"	True	True	BlockL1-PF4	BlockL2-PH7			
http://id.who.int/icd/entity/2071814495	http://id.who.int/icd/release/11/mms/2071814495	PH74		"- - - Exposure to high or low air pressure or changes in air pressure with undetermined intent"	category	1	False	23	"=hyperlink(""https://icd.who.int/browse11/l-m/en#/http%3A%2F%2Fid.who.int%2Ficd%2Fentity%2F2071814495"",""browser"")"	True	True	BlockL1-PF4	BlockL2-PH7			
http://id.who.int/icd/entity/1768931314	http://id.who.int/icd/release/11/mms/1768931314	PH75		"- - - Exposure to explosion with undetermined intent"	category	1	False	23	"=hyperlink(""https://icd.who.int/browse11/l-m/en#/http%3A%2F%2Fid.who.int%2Ficd%2Fentity%2F1768931314"",""browser"")"	False	True	BlockL1-PF4	BlockL2-PH7			
http://id.who.int/icd/entity/2003890056	http://id.who.int/icd/release/11/mms/2003890056	PH75.0		"- - - - Exposure to chemical explosion with undetermined intent"	category	2	False	23	"=hyperlink(""https://icd.who.int/browse11/l-m/en#/http%3A%2F%2Fid.who.int%2Ficd%2Fentity%2F2003890056"",""browser"")"	True	True	BlockL1-PF4	BlockL2-PH7			
http://id.who.int/icd/entity/536549503	http://id.who.int/icd/release/11/mms/536549503	PH75.1		"- - - - Exposure to explosion or rupture of pressurised materials or object with undetermined intent"	category	2	False	23	"=hyperlink(""https://icd.who.int/browse11/l-m/en#/http%3A%2F%2Fid.who.int%2Ficd%2Fentity%2F536549503"",""browser"")"	True	True	BlockL1-PF4	BlockL2-PH7			
	http://id.who.int/icd/release/11/mms/1768931314/other	PH75.Y		"- - - - Other specified exposure to explosion with undetermined intent"	category	2	True	23	"=hyperlink(""https://icd.who.int/browse11/l-m/en#/http%3A%2F%2Fid.who.int%2Ficd%2Fentity%2F1768931314%2Fmms%2Fother"",""browser"")"	True	True	BlockL1-PF4	BlockL2-PH7			
	http://id.who.int/icd/release/11/mms/1768931314/unspecified	PH75.Z		"- - - - Exposure to explosion with undetermined intent, unspecified"	category	2	True	23	"=hyperlink(""https://icd.who.int/browse11/l-m/en#/http%3A%2F%2Fid.who.int%2Ficd%2Fentity%2F1768931314%2Fmms%2Funspecified"",""browser"")"	True	True	BlockL1-PF4	BlockL2-PH7			
http://id.who.int/icd/entity/1585400474	http://id.who.int/icd/release/11/mms/1585400474	PH76		"- - - Physical overexertion with undetermined intent"	category	1	False	23	"=hyperlink(""https://icd.who.int/browse11/l-m/en#/http%3A%2F%2Fid.who.int%2Ficd%2Fentity%2F1585400474"",""browser"")"	True	True	BlockL1-PF4	BlockL2-PH7			
http://id.who.int/icd/entity/1036911647	http://id.who.int/icd/release/11/mms/1036911647	PH77		"- - - Lack of food with undetermined intent"	category	1	False	23	"=hyperlink(""https://icd.who.int/browse11/l-m/en#/http%3A%2F%2Fid.who.int%2Ficd%2Fentity%2F1036911647"",""browser"")"	True	True	BlockL1-PF4	BlockL2-PH7			
http://id.who.int/icd/entity/1141169554	http://id.who.int/icd/release/11/mms/1141169554	PH78		"- - - Lack of water with undetermined intent"	category	1	False	23	"=hyperlink(""https://icd.who.int/browse11/l-m/en#/http%3A%2F%2Fid.who.int%2Ficd%2Fentity%2F1141169554"",""browser"")"	True	True	BlockL1-PF4	BlockL2-PH7			
http://id.who.int/icd/entity/1754022340	http://id.who.int/icd/release/11/mms/1754022340	PH79		"- - - Other specified privation with undetermined intent"	category	1	False	23	"=hyperlink(""https://icd.who.int/browse11/l-m/en#/http%3A%2F%2Fid.who.int%2Ficd%2Fentity%2F1754022340"",""browser"")"	True	True	BlockL1-PF4	BlockL2-PH7			
http://id.who.int/icd/entity/1038858397	http://id.who.int/icd/release/11/mms/1038858397	PH7A		"- - - Abandonment with undetermined intent"	category	1	False	23	"=hyperlink(""https://icd.who.int/browse11/l-m/en#/http%3A%2F%2Fid.who.int%2Ficd%2Fentity%2F1038858397"",""browser"")"	True	True	BlockL1-PF4	BlockL2-PH7			
http://id.who.int/icd/entity/1235747021	http://id.who.int/icd/release/11/mms/1235747021	PH7B		"- - - Neglect with undetermined intent"	category	1	False	23	"=hyperlink(""https://icd.who.int/browse11/l-m/en#/http%3A%2F%2Fid.who.int%2Ficd%2Fentity%2F1235747021"",""browser"")"	True	True	BlockL1-PF4	BlockL2-PH7			
	http://id.who.int/icd/release/11/mms/128104623/other	PH8Y		"- - Other specified injury event of undetermined intent"	category	1	True	23	"=hyperlink(""https://icd.who.int/browse11/l-m/en#/http%3A%2F%2Fid.who.int%2Ficd%2Fentity%2F128104623%2Fmms%2Fother"",""browser"")"	True	True	BlockL1-PF4				
	http://id.who.int/icd/release/11/mms/128104623/unspecified	PH8Z		"- - Unspecified injury event of undetermined intent"	category	1	True	23	"=hyperlink(""https://icd.who.int/browse11/l-m/en#/http%3A%2F%2Fid.who.int%2Ficd%2Fentity%2F128104623%2Fmms%2Funspecified"",""browser"")"	True	True	BlockL1-PF4				
http://id.who.int/icd/entity/1491356379	http://id.who.int/icd/release/11/mms/1491356379		BlockL1-PJ0	"- Exposure to extreme forces of nature"	block	1	False	23	"=hyperlink(""https://icd.who.int/browse11/l-m/en#/http%3A%2F%2Fid.who.int%2Ficd%2Fentity%2F1491356379"",""browser"")"	False						
http://id.who.int/icd/entity/1295772309	http://id.who.int/icd/release/11/mms/1295772309	PJ00		"- - Victim of lightning"	category	1	False	23	"=hyperlink(""https://icd.who.int/browse11/l-m/en#/http%3A%2F%2Fid.who.int%2Ficd%2Fentity%2F1295772309"",""browser"")"	True	True	BlockL1-PJ0				
http://id.who.int/icd/entity/700289973	http://id.who.int/icd/release/11/mms/700289973	PJ01		"- - Victim of earthquake"	category	1	False	23	"=hyperlink(""https://icd.who.int/browse11/l-m/en#/http%3A%2F%2Fid.who.int%2Ficd%2Fentity%2F700289973"",""browser"")"	True	True	BlockL1-PJ0				
http://id.who.int/icd/entity/287610231	http://id.who.int/icd/release/11/mms/287610231	PJ02		"- - Victim of cataclysmic earth movements caused by earthquake"	category	1	False	23	"=hyperlink(""https://icd.who.int/browse11/l-m/en#/http%3A%2F%2Fid.who.int%2Ficd%2Fentity%2F287610231"",""browser"")"	True	True	BlockL1-PJ0				
http://id.who.int/icd/entity/1837231441	http://id.who.int/icd/release/11/mms/1837231441	PJ03		"- - Victim of tsunami"	category	1	False	23	"=hyperlink(""https://icd.who.int/browse11/l-m/en#/http%3A%2F%2Fid.who.int%2Ficd%2Fentity%2F1837231441"",""browser"")"	True	True	BlockL1-PJ0				
http://id.who.int/icd/entity/526124884	http://id.who.int/icd/release/11/mms/526124884	PJ04		"- - Victim of volcanic eruption"	category	1	False	23	"=hyperlink(""https://icd.who.int/browse11/l-m/en#/http%3A%2F%2Fid.who.int%2Ficd%2Fentity%2F526124884"",""browser"")"	True	True	BlockL1-PJ0				
http://id.who.int/icd/entity/395675088	http://id.who.int/icd/release/11/mms/395675088	PJ05		"- - Victim of avalanche, landslide or other earth movements"	category	1	False	23	"=hyperlink(""https://icd.who.int/browse11/l-m/en#/http%3A%2F%2Fid.who.int%2Ficd%2Fentity%2F395675088"",""browser"")"	True	True	BlockL1-PJ0				
http://id.who.int/icd/entity/1444009771	http://id.who.int/icd/release/11/mms/1444009771	PJ06		"- - Victim of cataclysmic storm"	category	1	False	23	"=hyperlink(""https://icd.who.int/browse11/l-m/en#/http%3A%2F%2Fid.who.int%2Ficd%2Fentity%2F1444009771"",""browser"")"	True	True	BlockL1-PJ0				
http://id.who.int/icd/entity/802885284	http://id.who.int/icd/release/11/mms/802885284	PJ07		"- - Victim of flood"	category	1	False	23	"=hyperlink(""https://icd.who.int/browse11/l-m/en#/http%3A%2F%2Fid.who.int%2Ficd%2Fentity%2F802885284"",""browser"")"	True	True	BlockL1-PJ0				
	http://id.who.int/icd/release/11/mms/1491356379/other	PJ0Y		"- - Exposure to other specified forces of nature"	category	1	True	23	"=hyperlink(""https://icd.who.int/browse11/l-m/en#/http%3A%2F%2Fid.who.int%2Ficd%2Fentity%2F1491356379%2Fmms%2Fother"",""browser"")"	True	True	BlockL1-PJ0				
	http://id.who.int/icd/release/11/mms/1491356379/unspecified	PJ0Z		"- - Exposure to unspecified forces of nature"	category	1	True	23	"=hyperlink(""https://icd.who.int/browse11/l-m/en#/http%3A%2F%2Fid.who.int%2Ficd%2Fentity%2F1491356379%2Fmms%2Funspecified"",""browser"")"	True	True	BlockL1-PJ0				
http://id.who.int/icd/entity/491063206	http://id.who.int/icd/release/11/mms/491063206		BlockL1-PJ2	"- Maltreatment"	block	1	False	23	"=hyperlink(""https://icd.who.int/browse11/l-m/en#/http%3A%2F%2Fid.who.int%2Ficd%2Fentity%2F491063206"",""browser"")"	False						
http://id.who.int/icd/entity/282888955	http://id.who.int/icd/release/11/mms/282888955	PJ20		"- - Physical maltreatment"	category	1	False	23	"=hyperlink(""https://icd.who.int/browse11/l-m/en#/http%3A%2F%2Fid.who.int%2Ficd%2Fentity%2F282888955"",""browser"")"	True	True	BlockL1-PJ2				
http://id.who.int/icd/entity/1192102653	http://id.who.int/icd/release/11/mms/1192102653	PJ21		"- - Sexual maltreatment"	category	1	False	23	"=hyperlink(""https://icd.who.int/browse11/l-m/en#/http%3A%2F%2Fid.who.int%2Ficd%2Fentity%2F1192102653"",""browser"")"	True	True	BlockL1-PJ2				
http://id.who.int/icd/entity/109729818	http://id.who.int/icd/release/11/mms/109729818	PJ22		"- - Psychological maltreatment"	category	1	False	23	"=hyperlink(""https://icd.who.int/browse11/l-m/en#/http%3A%2F%2Fid.who.int%2Ficd%2Fentity%2F109729818"",""browser"")"	True	True	BlockL1-PJ2				
	http://id.who.int/icd/release/11/mms/491063206/other	PJ2Y		"- - Other specified maltreatment"	category	1	True	23	"=hyperlink(""https://icd.who.int/browse11/l-m/en#/http%3A%2F%2Fid.who.int%2Ficd%2Fentity%2F491063206%2Fmms%2Fother"",""browser"")"	True	True	BlockL1-PJ2				
	http://id.who.int/icd/release/11/mms/491063206/unspecified	PJ2Z		"- - Maltreatment, unspecified"	category	1	True	23	"=hyperlink(""https://icd.who.int/browse11/l-m/en#/http%3A%2F%2Fid.who.int%2Ficd%2Fentity%2F491063206%2Fmms%2Funspecified"",""browser"")"	True	True	BlockL1-PJ2				
http://id.who.int/icd/entity/185842968	http://id.who.int/icd/release/11/mms/185842968		BlockL1-PJ4	"- Legal intervention"	block	1	False	23	"=hyperlink(""https://icd.who.int/browse11/l-m/en#/http%3A%2F%2Fid.who.int%2Ficd%2Fentity%2F185842968"",""browser"")"	False						
http://id.who.int/icd/entity/871056364	http://id.who.int/icd/release/11/mms/871056364	PJ40		"- - Legal intervention involving projectile from firearm"	category	1	False	23	"=hyperlink(""https://icd.who.int/browse11/l-m/en#/http%3A%2F%2Fid.who.int%2Ficd%2Fentity%2F871056364"",""browser"")"	True	True	BlockL1-PJ4				
http://id.who.int/icd/entity/683609750	http://id.who.int/icd/release/11/mms/683609750	PJ41		"- - Legal intervention involving other projectile"	category	1	False	23	"=hyperlink(""https://icd.who.int/browse11/l-m/en#/http%3A%2F%2Fid.who.int%2Ficd%2Fentity%2F683609750"",""browser"")"	True	True	BlockL1-PJ4				
http://id.who.int/icd/entity/1195774739	http://id.who.int/icd/release/11/mms/1195774739	PJ42		"- - Legal intervention involving blunt object"	category	1	False	23	"=hyperlink(""https://icd.who.int/browse11/l-m/en#/http%3A%2F%2Fid.who.int%2Ficd%2Fentity%2F1195774739"",""browser"")"	True	True	BlockL1-PJ4				
http://id.who.int/icd/entity/883458183	http://id.who.int/icd/release/11/mms/883458183	PJ43		"- - Legal intervention involving sharp object"	category	1	False	23	"=hyperlink(""https://icd.who.int/browse11/l-m/en#/http%3A%2F%2Fid.who.int%2Ficd%2Fentity%2F883458183"",""browser"")"	True	True	BlockL1-PJ4				
http://id.who.int/icd/entity/947230496	http://id.who.int/icd/release/11/mms/947230496	PJ44		"- - Legal intervention involving electric weapon"	category	1	False	23	"=hyperlink(""https://icd.who.int/browse11/l-m/en#/http%3A%2F%2Fid.who.int%2Ficd%2Fentity%2F947230496"",""browser"")"	True	True	BlockL1-PJ4				
http://id.who.int/icd/entity/1453362810	http://id.who.int/icd/release/11/mms/1453362810	PJ45		"- - Legal intervention involving explosive"	category	1	False	23	"=hyperlink(""https://icd.who.int/browse11/l-m/en#/http%3A%2F%2Fid.who.int%2Ficd%2Fentity%2F1453362810"",""browser"")"	True	True	BlockL1-PJ4				
http://id.who.int/icd/entity/571334279	http://id.who.int/icd/release/11/mms/571334279	PJ46		"- - Legal intervention involving gas"	category	1	False	23	"=hyperlink(""https://icd.who.int/browse11/l-m/en#/http%3A%2F%2Fid.who.int%2Ficd%2Fentity%2F571334279"",""browser"")"	True	True	BlockL1-PJ4				
http://id.who.int/icd/entity/1175172993	http://id.who.int/icd/release/11/mms/1175172993	PJ47		"- - Legal intervention involving application of physical force"	category	1	False	23	"=hyperlink(""https://icd.who.int/browse11/l-m/en#/http%3A%2F%2Fid.who.int%2Ficd%2Fentity%2F1175172993"",""browser"")"	True	True	BlockL1-PJ4				
	http://id.who.int/icd/release/11/mms/185842968/other	PJ4Y		"- - Legal intervention involving other means"	category	1	True	23	"=hyperlink(""https://icd.who.int/browse11/l-m/en#/http%3A%2F%2Fid.who.int%2Ficd%2Fentity%2F185842968%2Fmms%2Fother"",""browser"")"	True	True	BlockL1-PJ4				
	http://id.who.int/icd/release/11/mms/185842968/unspecified	PJ4Z		"- - Legal intervention involving unspecified means"	category	1	True	23	"=hyperlink(""https://icd.who.int/browse11/l-m/en#/http%3A%2F%2Fid.who.int%2Ficd%2Fentity%2F185842968%2Fmms%2Funspecified"",""browser"")"	True	True	BlockL1-PJ4				
http://id.who.int/icd/entity/2143219175	http://id.who.int/icd/release/11/mms/2143219175		BlockL1-PJ6	"- Armed conflict"	block	1	False	23	"=hyperlink(""https://icd.who.int/browse11/l-m/en#/http%3A%2F%2Fid.who.int%2Ficd%2Fentity%2F2143219175"",""browser"")"	False						
http://id.who.int/icd/entity/1857281413	http://id.who.int/icd/release/11/mms/1857281413		BlockL2-PJ6	"- - Explosion of marine weapons during armed conflict"	block	2	False	23	"=hyperlink(""https://icd.who.int/browse11/l-m/en#/http%3A%2F%2Fid.who.int%2Ficd%2Fentity%2F1857281413"",""browser"")"	False		BlockL1-PJ6				
http://id.who.int/icd/entity/171818674	http://id.who.int/icd/release/11/mms/171818674	PJ60		"- - - Explosion of depth-charge or marine mine during armed conflict"	category	1	False	23	"=hyperlink(""https://icd.who.int/browse11/l-m/en#/http%3A%2F%2Fid.who.int%2Ficd%2Fentity%2F171818674"",""browser"")"	True	True	BlockL1-PJ6	BlockL2-PJ6			
http://id.who.int/icd/entity/1417041489	http://id.who.int/icd/release/11/mms/1417041489	PJ61		"- - - Explosion of torpedo during armed conflict"	category	1	False	23	"=hyperlink(""https://icd.who.int/browse11/l-m/en#/http%3A%2F%2Fid.who.int%2Ficd%2Fentity%2F1417041489"",""browser"")"	True	True	BlockL1-PJ6	BlockL2-PJ6			
http://id.who.int/icd/entity/1787851801	http://id.who.int/icd/release/11/mms/1787851801	PJ62		"- - - Explosion of sea-based artillery shell during armed conflict"	category	1	False	23	"=hyperlink(""https://icd.who.int/browse11/l-m/en#/http%3A%2F%2Fid.who.int%2Ficd%2Fentity%2F1787851801"",""browser"")"	True	True	BlockL1-PJ6	BlockL2-PJ6			
	http://id.who.int/icd/release/11/mms/1857281413/other	PJ6Y		"- - - Explosion of other marine weapons during armed conflict"	category	1	True	23	"=hyperlink(""https://icd.who.int/browse11/l-m/en#/http%3A%2F%2Fid.who.int%2Ficd%2Fentity%2F1857281413%2Fmms%2Fother"",""browser"")"	True	True	BlockL1-PJ6	BlockL2-PJ6			
	http://id.who.int/icd/release/11/mms/1857281413/unspecified	PJ6Z		"- - - Explosion of unspecified marine weapon"	category	1	True	23	"=hyperlink(""https://icd.who.int/browse11/l-m/en#/http%3A%2F%2Fid.who.int%2Ficd%2Fentity%2F1857281413%2Fmms%2Funspecified"",""browser"")"	True	True	BlockL1-PJ6	BlockL2-PJ6			
http://id.who.int/icd/entity/1462185542	http://id.who.int/icd/release/11/mms/1462185542		BlockL2-PJ7	"- - Attack on or destruction of aircraft during armed conflict"	block	2	False	23	"=hyperlink(""https://icd.who.int/browse11/l-m/en#/http%3A%2F%2Fid.who.int%2Ficd%2Fentity%2F1462185542"",""browser"")"	False		BlockL1-PJ6				
http://id.who.int/icd/entity/288303327	http://id.who.int/icd/release/11/mms/288303327	PJ70		"- - - Attack on or destruction of aircraft during armed conflict due to enemy fire or explosives"	category	1	False	23	"=hyperlink(""https://icd.who.int/browse11/l-m/en#/http%3A%2F%2Fid.who.int%2Ficd%2Fentity%2F288303327"",""browser"")"	True	True	BlockL1-PJ6	BlockL2-PJ7			
http://id.who.int/icd/entity/510875869	http://id.who.int/icd/release/11/mms/510875869	PJ71		"- - - Attack on or destruction of aircraft during armed conflict due to collision with other aircraft"	category	1	False	23	"=hyperlink(""https://icd.who.int/browse11/l-m/en#/http%3A%2F%2Fid.who.int%2Ficd%2Fentity%2F510875869"",""browser"")"	True	True	BlockL1-PJ6	BlockL2-PJ7			
	http://id.who.int/icd/release/11/mms/1462185542/other	PJ7Y		"- - - Other destruction of aircraft during armed conflict"	category	1	True	23	"=hyperlink(""https://icd.who.int/browse11/l-m/en#/http%3A%2F%2Fid.who.int%2Ficd%2Fentity%2F1462185542%2Fmms%2Fother"",""browser"")"	True	True	BlockL1-PJ6	BlockL2-PJ7			
	http://id.who.int/icd/release/11/mms/1462185542/unspecified	PJ7Z		"- - - Unspecified destruction of aircraft during armed conflict"	category	1	True	23	"=hyperlink(""https://icd.who.int/browse11/l-m/en#/http%3A%2F%2Fid.who.int%2Ficd%2Fentity%2F1462185542%2Fmms%2Funspecified"",""browser"")"	True	True	BlockL1-PJ6	BlockL2-PJ7			
http://id.who.int/icd/entity/596278969	http://id.who.int/icd/release/11/mms/596278969		BlockL2-PJ8	"- - Other explosions or fragments during armed conflict"	block	2	False	23	"=hyperlink(""https://icd.who.int/browse11/l-m/en#/http%3A%2F%2Fid.who.int%2Ficd%2Fentity%2F596278969"",""browser"")"	False		BlockL1-PJ6				
http://id.who.int/icd/entity/619252263	http://id.who.int/icd/release/11/mms/619252263	PJ80		"- - - Explosion of missile during armed conflict"	category	1	False	23	"=hyperlink(""https://icd.who.int/browse11/l-m/en#/http%3A%2F%2Fid.who.int%2Ficd%2Fentity%2F619252263"",""browser"")"	True	True	BlockL1-PJ6	BlockL2-PJ8			
http://id.who.int/icd/entity/1440454584	http://id.who.int/icd/release/11/mms/1440454584	PJ81		"- - - Explosion of aerial bomb during armed conflict"	category	1	False	23	"=hyperlink(""https://icd.who.int/browse11/l-m/en#/http%3A%2F%2Fid.who.int%2Ficd%2Fentity%2F1440454584"",""browser"")"	True	True	BlockL1-PJ6	BlockL2-PJ8			
http://id.who.int/icd/entity/70859509	http://id.who.int/icd/release/11/mms/70859509	PJ82		"- - - Explosion of munitions or weapons during armed conflict"	category	1	False	23	"=hyperlink(""https://icd.who.int/browse11/l-m/en#/http%3A%2F%2Fid.who.int%2Ficd%2Fentity%2F70859509"",""browser"")"	True	True	BlockL1-PJ6	BlockL2-PJ8			
http://id.who.int/icd/entity/1581364920	http://id.who.int/icd/release/11/mms/1581364920	PJ83		"- - - Explosion of improvised explosive device during armed conflict"	category	1	False	23	"=hyperlink(""https://icd.who.int/browse11/l-m/en#/http%3A%2F%2Fid.who.int%2Ficd%2Fentity%2F1581364920"",""browser"")"	True	True	BlockL1-PJ6	BlockL2-PJ8			
	http://id.who.int/icd/release/11/mms/596278969/other	PJ8Y		"- - - Other explosion or fragments during armed conflict"	category	1	True	23	"=hyperlink(""https://icd.who.int/browse11/l-m/en#/http%3A%2F%2Fid.who.int%2Ficd%2Fentity%2F596278969%2Fmms%2Fother"",""browser"")"	True	True	BlockL1-PJ6	BlockL2-PJ8			
	http://id.who.int/icd/release/11/mms/596278969/unspecified	PJ8Z		"- - - Unspecified explosion or fragments during armed conflict"	category	1	True	23	"=hyperlink(""https://icd.who.int/browse11/l-m/en#/http%3A%2F%2Fid.who.int%2Ficd%2Fentity%2F596278969%2Fmms%2Funspecified"",""browser"")"	True	True	BlockL1-PJ6	BlockL2-PJ8			
http://id.who.int/icd/entity/440114554	http://id.who.int/icd/release/11/mms/440114554		BlockL2-PJ9	"- - Fires, conflagrations or hot substances during armed conflict"	block	2	False	23	"=hyperlink(""https://icd.who.int/browse11/l-m/en#/http%3A%2F%2Fid.who.int%2Ficd%2Fentity%2F440114554"",""browser"")"	False		BlockL1-PJ6				
http://id.who.int/icd/entity/183567564	http://id.who.int/icd/release/11/mms/183567564	PJ90		"- - - Use of gasoline bomb during armed conflict"	category	1	False	23	"=hyperlink(""https://icd.who.int/browse11/l-m/en#/http%3A%2F%2Fid.who.int%2Ficd%2Fentity%2F183567564"",""browser"")"	True	True	BlockL1-PJ6	BlockL2-PJ9			
http://id.who.int/icd/entity/166717481	http://id.who.int/icd/release/11/mms/166717481	PJ91		"- - - Use of flamethrower during armed conflict"	category	1	False	23	"=hyperlink(""https://icd.who.int/browse11/l-m/en#/http%3A%2F%2Fid.who.int%2Ficd%2Fentity%2F166717481"",""browser"")"	True	True	BlockL1-PJ6	BlockL2-PJ9			
http://id.who.int/icd/entity/151654585	http://id.who.int/icd/release/11/mms/151654585	PJ92		"- - - Use of incendiary bullets during armed conflict"	category	1	False	23	"=hyperlink(""https://icd.who.int/browse11/l-m/en#/http%3A%2F%2Fid.who.int%2Ficd%2Fentity%2F151654585"",""browser"")"	True	True	BlockL1-PJ6	BlockL2-PJ9			
	http://id.who.int/icd/release/11/mms/440114554/other	PJ9Y		"- - - Other specified fires, conflagrations or hot substances during armed conflict"	category	1	True	23	"=hyperlink(""https://icd.who.int/browse11/l-m/en#/http%3A%2F%2Fid.who.int%2Ficd%2Fentity%2F440114554%2Fmms%2Fother"",""browser"")"	True	True	BlockL1-PJ6	BlockL2-PJ9			
	http://id.who.int/icd/release/11/mms/440114554/unspecified	PJ9Z		"- - - Unspecified fire, conflagration or hot substance during armed conflict"	category	1	True	23	"=hyperlink(""https://icd.who.int/browse11/l-m/en#/http%3A%2F%2Fid.who.int%2Ficd%2Fentity%2F440114554%2Fmms%2Funspecified"",""browser"")"	True	True	BlockL1-PJ6	BlockL2-PJ9			
http://id.who.int/icd/entity/592240375	http://id.who.int/icd/release/11/mms/592240375		BlockL2-PK0	"- - Firearm discharge or other forms of conventional warfare during armed conflict"	block	2	False	23	"=hyperlink(""https://icd.who.int/browse11/l-m/en#/http%3A%2F%2Fid.who.int%2Ficd%2Fentity%2F592240375"",""browser"")"	False		BlockL1-PJ6				
http://id.who.int/icd/entity/858708568	http://id.who.int/icd/release/11/mms/858708568	PK00		"- - - Use of rubber bullets during armed conflict"	category	1	False	23	"=hyperlink(""https://icd.who.int/browse11/l-m/en#/http%3A%2F%2Fid.who.int%2Ficd%2Fentity%2F858708568"",""browser"")"	True	True	BlockL1-PJ6	BlockL2-PK0			
http://id.who.int/icd/entity/1708683404	http://id.who.int/icd/release/11/mms/1708683404	PK01		"- - - Use of firearm pellets during armed conflict"	category	1	False	23	"=hyperlink(""https://icd.who.int/browse11/l-m/en#/http%3A%2F%2Fid.who.int%2Ficd%2Fentity%2F1708683404"",""browser"")"	True	True	BlockL1-PJ6	BlockL2-PK0			
http://id.who.int/icd/entity/1398529558	http://id.who.int/icd/release/11/mms/1398529558	PK02		"- - - Other firearms discharge during armed conflict"	category	1	False	23	"=hyperlink(""https://icd.who.int/browse11/l-m/en#/http%3A%2F%2Fid.who.int%2Ficd%2Fentity%2F1398529558"",""browser"")"	True	True	BlockL1-PJ6	BlockL2-PK0			
http://id.who.int/icd/entity/1581385280	http://id.who.int/icd/release/11/mms/1581385280	PK03		"- - - Other weapons use during armed conflict"	category	1	False	23	"=hyperlink(""https://icd.who.int/browse11/l-m/en#/http%3A%2F%2Fid.who.int%2Ficd%2Fentity%2F1581385280"",""browser"")"	True	True	BlockL1-PJ6	BlockL2-PK0			
http://id.who.int/icd/entity/1358362136	http://id.who.int/icd/release/11/mms/1358362136	PK04		"- - - Unarmed combat during armed conflict"	category	1	False	23	"=hyperlink(""https://icd.who.int/browse11/l-m/en#/http%3A%2F%2Fid.who.int%2Ficd%2Fentity%2F1358362136"",""browser"")"	True	True	BlockL1-PJ6	BlockL2-PK0			
	http://id.who.int/icd/release/11/mms/592240375/unspecified	PK0Z		"- - - Other and unspecified forms of conventional weapons use during armed conflict"	category	1	True	23	"=hyperlink(""https://icd.who.int/browse11/l-m/en#/http%3A%2F%2Fid.who.int%2Ficd%2Fentity%2F592240375%2Fmms%2Funspecified"",""browser"")"	True	True	BlockL1-PJ6	BlockL2-PK0			
http://id.who.int/icd/entity/1348791597	http://id.who.int/icd/release/11/mms/1348791597		BlockL2-PK1	"- - Use of nuclear weapons during armed conflict"	block	2	False	23	"=hyperlink(""https://icd.who.int/browse11/l-m/en#/http%3A%2F%2Fid.who.int%2Ficd%2Fentity%2F1348791597"",""browser"")"	False		BlockL1-PJ6				
http://id.who.int/icd/entity/1406479498	http://id.who.int/icd/release/11/mms/1406479498	PK10		"- - - Thermal or blast effects of nuclear weapon during armed conflict"	category	1	False	23	"=hyperlink(""https://icd.who.int/browse11/l-m/en#/http%3A%2F%2Fid.who.int%2Ficd%2Fentity%2F1406479498"",""browser"")"	True	True	BlockL1-PJ6	BlockL2-PK1			
http://id.who.int/icd/entity/1665234800	http://id.who.int/icd/release/11/mms/1665234800	PK11		"- - - Nuclear radiation effects of nuclear weapon during armed conflict"	category	1	False	23	"=hyperlink(""https://icd.who.int/browse11/l-m/en#/http%3A%2F%2Fid.who.int%2Ficd%2Fentity%2F1665234800"",""browser"")"	True	True	BlockL1-PJ6	BlockL2-PK1			
	http://id.who.int/icd/release/11/mms/1348791597/unspecified	PK1Z		"- - - Other and unspecified effect of nuclear weapon during armed conflict"	category	1	True	23	"=hyperlink(""https://icd.who.int/browse11/l-m/en#/http%3A%2F%2Fid.who.int%2Ficd%2Fentity%2F1348791597%2Fmms%2Funspecified"",""browser"")"	True	True	BlockL1-PJ6	BlockL2-PK1			
http://id.who.int/icd/entity/617201106	http://id.who.int/icd/release/11/mms/617201106		BlockL2-PK2	"- - Use of biological weapons during armed conflict"	block	2	False	23	"=hyperlink(""https://icd.who.int/browse11/l-m/en#/http%3A%2F%2Fid.who.int%2Ficd%2Fentity%2F617201106"",""browser"")"	False		BlockL1-PJ6				
http://id.who.int/icd/entity/185294458	http://id.who.int/icd/release/11/mms/185294458	PK20		"- - - Use of weaponised micro-organisms during armed conflict"	category	1	False	23	"=hyperlink(""https://icd.who.int/browse11/l-m/en#/http%3A%2F%2Fid.who.int%2Ficd%2Fentity%2F185294458"",""browser"")"	True	True	BlockL1-PJ6	BlockL2-PK2			
	http://id.who.int/icd/release/11/mms/617201106/other	PK2Y		"- - - Use of other specified biological weapons during armed conflict"	category	1	True	23	"=hyperlink(""https://icd.who.int/browse11/l-m/en#/http%3A%2F%2Fid.who.int%2Ficd%2Fentity%2F617201106%2Fmms%2Fother"",""browser"")"	True	True	BlockL1-PJ6	BlockL2-PK2			
	http://id.who.int/icd/release/11/mms/617201106/unspecified	PK2Z		"- - - Use of unspecified biological weapons during armed conflict"	category	1	True	23	"=hyperlink(""https://icd.who.int/browse11/l-m/en#/http%3A%2F%2Fid.who.int%2Ficd%2Fentity%2F617201106%2Fmms%2Funspecified"",""browser"")"	True	True	BlockL1-PJ6	BlockL2-PK2			
http://id.who.int/icd/entity/340856240	http://id.who.int/icd/release/11/mms/340856240		BlockL2-PK3	"- - Chemical weapons or other forms of unconventional warfare during armed conflict"	block	2	False	23	"=hyperlink(""https://icd.who.int/browse11/l-m/en#/http%3A%2F%2Fid.who.int%2Ficd%2Fentity%2F340856240"",""browser"")"	False		BlockL1-PJ6				
http://id.who.int/icd/entity/735801002	http://id.who.int/icd/release/11/mms/735801002	PK30		"- - - Use of chemical weapons during armed conflict"	category	1	False	23	"=hyperlink(""https://icd.who.int/browse11/l-m/en#/http%3A%2F%2Fid.who.int%2Ficd%2Fentity%2F735801002"",""browser"")"	True	True	BlockL1-PJ6	BlockL2-PK3			
http://id.who.int/icd/entity/1423986103	http://id.who.int/icd/release/11/mms/1423986103	PK31		"- - - Use of lasers or other energetic beams or fields during armed conflict"	category	1	False	23	"=hyperlink(""https://icd.who.int/browse11/l-m/en#/http%3A%2F%2Fid.who.int%2Ficd%2Fentity%2F1423986103"",""browser"")"	True	True	BlockL1-PJ6	BlockL2-PK3			
http://id.who.int/icd/entity/272487947	http://id.who.int/icd/release/11/mms/272487947	PK32		"- - - Use of electric weapons during armed conflict"	category	1	False	23	"=hyperlink(""https://icd.who.int/browse11/l-m/en#/http%3A%2F%2Fid.who.int%2Ficd%2Fentity%2F272487947"",""browser"")"	True	True	BlockL1-PJ6	BlockL2-PK3			
http://id.who.int/icd/entity/1892832320	http://id.who.int/icd/release/11/mms/1892832320	PK33		"- - - Use of autonomous or semi-autonomous machines as weapons during armed conflict"	category	1	False	23	"=hyperlink(""https://icd.who.int/browse11/l-m/en#/http%3A%2F%2Fid.who.int%2Ficd%2Fentity%2F1892832320"",""browser"")"	True	True	BlockL1-PJ6	BlockL2-PK3			
	http://id.who.int/icd/release/11/mms/340856240/unspecified	PK3Z		"- - - Other and unspecified forms of unconventional warfare during armed conflict"	category	1	True	23	"=hyperlink(""https://icd.who.int/browse11/l-m/en#/http%3A%2F%2Fid.who.int%2Ficd%2Fentity%2F340856240%2Fmms%2Funspecified"",""browser"")"	True	True	BlockL1-PJ6	BlockL2-PK3			
http://id.who.int/icd/entity/1022059782	http://id.who.int/icd/release/11/mms/1022059782		BlockL2-PK4	"- - Injury event occurring after cessation of armed conflict"	block	2	False	23	"=hyperlink(""https://icd.who.int/browse11/l-m/en#/http%3A%2F%2Fid.who.int%2Ficd%2Fentity%2F1022059782"",""browser"")"	False		BlockL1-PJ6				
http://id.who.int/icd/entity/1440647483	http://id.who.int/icd/release/11/mms/1440647483	PK40		"- - - Explosion of mine after cessation of armed conflict"	category	1	False	23	"=hyperlink(""https://icd.who.int/browse11/l-m/en#/http%3A%2F%2Fid.who.int%2Ficd%2Fentity%2F1440647483"",""browser"")"	True	True	BlockL1-PJ6	BlockL2-PK4			
http://id.who.int/icd/entity/1820207416	http://id.who.int/icd/release/11/mms/1820207416	PK41		"- - - Explosion of bomb after cessation of armed conflict"	category	1	False	23	"=hyperlink(""https://icd.who.int/browse11/l-m/en#/http%3A%2F%2Fid.who.int%2Ficd%2Fentity%2F1820207416"",""browser"")"	True	True	BlockL1-PJ6	BlockL2-PK4			
	http://id.who.int/icd/release/11/mms/1022059782/unspecified	PK4Z		"- - - Other and unspecified event after cessation of armed conflict"	category	1	True	23	"=hyperlink(""https://icd.who.int/browse11/l-m/en#/http%3A%2F%2Fid.who.int%2Ficd%2Fentity%2F1022059782%2Fmms%2Funspecified"",""browser"")"	True	True	BlockL1-PJ6	BlockL2-PK4			
	http://id.who.int/icd/release/11/mms/2143219175/other	PK6Y		"- - Other specified weapon or attack during armed conflict"	category	1	True	23	"=hyperlink(""https://icd.who.int/browse11/l-m/en#/http%3A%2F%2Fid.who.int%2Ficd%2Fentity%2F2143219175%2Fmms%2Fother"",""browser"")"	True	True	BlockL1-PJ6				
	http://id.who.int/icd/release/11/mms/2143219175/unspecified	PK6Z		"- - Unspecified weapon or attack during armed conflict"	category	1	True	23	"=hyperlink(""https://icd.who.int/browse11/l-m/en#/http%3A%2F%2Fid.who.int%2Ficd%2Fentity%2F2143219175%2Fmms%2Funspecified"",""browser"")"	True	True	BlockL1-PJ6				
http://id.who.int/icd/entity/558785723	http://id.who.int/icd/release/11/mms/558785723		BlockL1-PK8	"- Causes of healthcare related harm or injury"	block	1	False	23	"=hyperlink(""https://icd.who.int/browse11/l-m/en#/http%3A%2F%2Fid.who.int%2Ficd%2Fentity%2F558785723"",""browser"")"	False						
http://id.who.int/icd/entity/460401849	http://id.who.int/icd/release/11/mms/460401849		BlockL2-PK8	"- - Surgical or other medical procedures associated with injury or harm in diagnostic or therapeutic use"	block	2	False	23	"=hyperlink(""https://icd.who.int/browse11/l-m/en#/http%3A%2F%2Fid.who.int%2Ficd%2Fentity%2F460401849"",""browser"")"	False		BlockL1-PK8				
http://id.who.int/icd/entity/1318533336	http://id.who.int/icd/release/11/mms/1318533336	PK80		"- - - Medical or surgical procedure associated with injury or harm in therapeutic use"	category	1	False	23	"=hyperlink(""https://icd.who.int/browse11/l-m/en#/http%3A%2F%2Fid.who.int%2Ficd%2Fentity%2F1318533336"",""browser"")"	False	True	BlockL1-PK8	BlockL2-PK8			
http://id.who.int/icd/entity/1566971973	http://id.who.int/icd/release/11/mms/1566971973	PK80.0		"- - - - Neurological procedure associated with injury or harm in therapeutic use"	category	2	False	23	"=hyperlink(""https://icd.who.int/browse11/l-m/en#/http%3A%2F%2Fid.who.int%2Ficd%2Fentity%2F1566971973"",""browser"")"	False	True	BlockL1-PK8	BlockL2-PK8			
http://id.who.int/icd/entity/1159570285	http://id.who.int/icd/release/11/mms/1159570285	PK80.00		"- - - - - Neurological procedure associated with injury or harm, open approach"	category	3	False	23	"=hyperlink(""https://icd.who.int/browse11/l-m/en#/http%3A%2F%2Fid.who.int%2Ficd%2Fentity%2F1159570285"",""browser"")"	True	True	BlockL1-PK8	BlockL2-PK8			
http://id.who.int/icd/entity/1148314173	http://id.who.int/icd/release/11/mms/1148314173	PK80.01		"- - - - - Neurological procedure associated with injury or harm, percutaneous approach"	category	3	False	23	"=hyperlink(""https://icd.who.int/browse11/l-m/en#/http%3A%2F%2Fid.who.int%2Ficd%2Fentity%2F1148314173"",""browser"")"	True	True	BlockL1-PK8	BlockL2-PK8			
http://id.who.int/icd/entity/512204000	http://id.who.int/icd/release/11/mms/512204000	PK80.02		"- - - - - Neurological procedure associated with injury or harm, endoscopic approach"	category	3	False	23	"=hyperlink(""https://icd.who.int/browse11/l-m/en#/http%3A%2F%2Fid.who.int%2Ficd%2Fentity%2F512204000"",""browser"")"	True	True	BlockL1-PK8	BlockL2-PK8			
	http://id.who.int/icd/release/11/mms/1566971973/other	PK80.0Y		"- - - - - Neurological procedure associated with injury or harm, other specified approach"	category	3	True	23	"=hyperlink(""https://icd.who.int/browse11/l-m/en#/http%3A%2F%2Fid.who.int%2Ficd%2Fentity%2F1566971973%2Fmms%2Fother"",""browser"")"	True	True	BlockL1-PK8	BlockL2-PK8			
	http://id.who.int/icd/release/11/mms/1566971973/unspecified	PK80.0Z		"- - - - - Neurological procedure associated with injury or harm, unspecified approach"	category	3	True	23	"=hyperlink(""https://icd.who.int/browse11/l-m/en#/http%3A%2F%2Fid.who.int%2Ficd%2Fentity%2F1566971973%2Fmms%2Funspecified"",""browser"")"	True	True	BlockL1-PK8	BlockL2-PK8			
http://id.who.int/icd/entity/309217792	http://id.who.int/icd/release/11/mms/309217792	PK80.1		"- - - - Cardiac procedure associated with injury or harm in therapeutic use"	category	2	False	23	"=hyperlink(""https://icd.who.int/browse11/l-m/en#/http%3A%2F%2Fid.who.int%2Ficd%2Fentity%2F309217792"",""browser"")"	False	True	BlockL1-PK8	BlockL2-PK8			
http://id.who.int/icd/entity/144103028	http://id.who.int/icd/release/11/mms/144103028	PK80.10		"- - - - - Cardiac procedure for repair of congenital anomaly associated with injury or harm, open approach"	category	3	False	23	"=hyperlink(""https://icd.who.int/browse11/l-m/en#/http%3A%2F%2Fid.who.int%2Ficd%2Fentity%2F144103028"",""browser"")"	True	True	BlockL1-PK8	BlockL2-PK8			
http://id.who.int/icd/entity/2001210875	http://id.who.int/icd/release/11/mms/2001210875	PK80.11		"- - - - - Cardiac procedure for repair of congenital anomaly associated with injury or harm, percutaneous approach"	category	3	False	23	"=hyperlink(""https://icd.who.int/browse11/l-m/en#/http%3A%2F%2Fid.who.int%2Ficd%2Fentity%2F2001210875"",""browser"")"	True	True	BlockL1-PK8	BlockL2-PK8			
http://id.who.int/icd/entity/688121112	http://id.who.int/icd/release/11/mms/688121112	PK80.12		"- - - - - Cardiac procedure for repair of congenital anomaly associated with injury or harm, endoscopic approach"	category	3	False	23	"=hyperlink(""https://icd.who.int/browse11/l-m/en#/http%3A%2F%2Fid.who.int%2Ficd%2Fentity%2F688121112"",""browser"")"	True	True	BlockL1-PK8	BlockL2-PK8			
http://id.who.int/icd/entity/1208931485	http://id.who.int/icd/release/11/mms/1208931485	PK80.13		"- - - - - Cardiac procedure for repair of congenital anomaly associated with injury or harm, unspecified approach"	category	3	False	23	"=hyperlink(""https://icd.who.int/browse11/l-m/en#/http%3A%2F%2Fid.who.int%2Ficd%2Fentity%2F1208931485"",""browser"")"	True	True	BlockL1-PK8	BlockL2-PK8			
http://id.who.int/icd/entity/1858702611	http://id.who.int/icd/release/11/mms/1858702611	PK80.14		"- - - - - Other cardiac procedure associated with injury or harm, open approach"	category	3	False	23	"=hyperlink(""https://icd.who.int/browse11/l-m/en#/http%3A%2F%2Fid.who.int%2Ficd%2Fentity%2F1858702611"",""browser"")"	True	True	BlockL1-PK8	BlockL2-PK8			
http://id.who.int/icd/entity/1363406347	http://id.who.int/icd/release/11/mms/1363406347	PK80.15		"- - - - - Other cardiac procedure associated with injury or harm, percutaneous approach"	category	3	False	23	"=hyperlink(""https://icd.who.int/browse11/l-m/en#/http%3A%2F%2Fid.who.int%2Ficd%2Fentity%2F1363406347"",""browser"")"	True	True	BlockL1-PK8	BlockL2-PK8			
http://id.who.int/icd/entity/1322583999	http://id.who.int/icd/release/11/mms/1322583999	PK80.16		"- - - - - Other cardiac procedure associated with injury or harm, endoscopic approach"	category	3	False	23	"=hyperlink(""https://icd.who.int/browse11/l-m/en#/http%3A%2F%2Fid.who.int%2Ficd%2Fentity%2F1322583999"",""browser"")"	True	True	BlockL1-PK8	BlockL2-PK8			
http://id.who.int/icd/entity/1418869093	http://id.who.int/icd/release/11/mms/1418869093	PK80.17		"- - - - - Other cardiac procedure associated with injury or harm, unspecified approach"	category	3	False	23	"=hyperlink(""https://icd.who.int/browse11/l-m/en#/http%3A%2F%2Fid.who.int%2Ficd%2Fentity%2F1418869093"",""browser"")"	True	True	BlockL1-PK8	BlockL2-PK8			
	http://id.who.int/icd/release/11/mms/309217792/other	PK80.1Y		"- - - - - Unspecified type of cardiac procedure associated with injury or harm in therapeutic use, other specified approach"	category	3	True	23	"=hyperlink(""https://icd.who.int/browse11/l-m/en#/http%3A%2F%2Fid.who.int%2Ficd%2Fentity%2F309217792%2Fmms%2Fother"",""browser"")"	True	True	BlockL1-PK8	BlockL2-PK8			
	http://id.who.int/icd/release/11/mms/309217792/unspecified	PK80.1Z		"- - - - - Unspecified type of cardiac procedure associated with injury or harm in therapeutic use, unspecified approach"	category	3	True	23	"=hyperlink(""https://icd.who.int/browse11/l-m/en#/http%3A%2F%2Fid.who.int%2Ficd%2Fentity%2F309217792%2Fmms%2Funspecified"",""browser"")"	True	True	BlockL1-PK8	BlockL2-PK8			
http://id.who.int/icd/entity/1200119393	http://id.who.int/icd/release/11/mms/1200119393	PK80.2		"- - - - Thoracic procedure associated with injury or harm in therapeutic use"	category	2	False	23	"=hyperlink(""https://icd.who.int/browse11/l-m/en#/http%3A%2F%2Fid.who.int%2Ficd%2Fentity%2F1200119393"",""browser"")"	False	True	BlockL1-PK8	BlockL2-PK8			
http://id.who.int/icd/entity/996377550	http://id.who.int/icd/release/11/mms/996377550	PK80.20		"- - - - - Thoracic procedure associated with injury or harm, open approach"	category	3	False	23	"=hyperlink(""https://icd.who.int/browse11/l-m/en#/http%3A%2F%2Fid.who.int%2Ficd%2Fentity%2F996377550"",""browser"")"	True	True	BlockL1-PK8	BlockL2-PK8			
http://id.who.int/icd/entity/476220827	http://id.who.int/icd/release/11/mms/476220827	PK80.21		"- - - - - Thoracic procedure associated with injury or harm, percutaneous approach"	category	3	False	23	"=hyperlink(""https://icd.who.int/browse11/l-m/en#/http%3A%2F%2Fid.who.int%2Ficd%2Fentity%2F476220827"",""browser"")"	True	True	BlockL1-PK8	BlockL2-PK8			
http://id.who.int/icd/entity/1807739405	http://id.who.int/icd/release/11/mms/1807739405	PK80.22		"- - - - - Thoracic procedure associated with injury or harm, endoscopic approach"	category	3	False	23	"=hyperlink(""https://icd.who.int/browse11/l-m/en#/http%3A%2F%2Fid.who.int%2Ficd%2Fentity%2F1807739405"",""browser"")"	True	True	BlockL1-PK8	BlockL2-PK8			
	http://id.who.int/icd/release/11/mms/1200119393/other	PK80.2Y		"- - - - - Thoracic procedure associated with injury or harm, other specified approach"	category	3	True	23	"=hyperlink(""https://icd.who.int/browse11/l-m/en#/http%3A%2F%2Fid.who.int%2Ficd%2Fentity%2F1200119393%2Fmms%2Fother"",""browser"")"	True	True	BlockL1-PK8	BlockL2-PK8			
	http://id.who.int/icd/release/11/mms/1200119393/unspecified	PK80.2Z		"- - - - - Thoracic procedure associated with injury or harm, unspecified approach"	category	3	True	23	"=hyperlink(""https://icd.who.int/browse11/l-m/en#/http%3A%2F%2Fid.who.int%2Ficd%2Fentity%2F1200119393%2Fmms%2Funspecified"",""browser"")"	True	True	BlockL1-PK8	BlockL2-PK8			
http://id.who.int/icd/entity/125745435	http://id.who.int/icd/release/11/mms/125745435	PK80.3		"- - - - Gastrointestinal, abdominal, or abdominal wall procedure associated with injury or harm in therapeutic use"	category	2	False	23	"=hyperlink(""https://icd.who.int/browse11/l-m/en#/http%3A%2F%2Fid.who.int%2Ficd%2Fentity%2F125745435"",""browser"")"	False	True	BlockL1-PK8	BlockL2-PK8			
http://id.who.int/icd/entity/1207480854	http://id.who.int/icd/release/11/mms/1207480854	PK80.30		"- - - - - Gastrointestinal, abdominal, or abdominal wall procedure associated with injury or harm, open approach"	category	3	False	23	"=hyperlink(""https://icd.who.int/browse11/l-m/en#/http%3A%2F%2Fid.who.int%2Ficd%2Fentity%2F1207480854"",""browser"")"	True	True	BlockL1-PK8	BlockL2-PK8			
http://id.who.int/icd/entity/641284589	http://id.who.int/icd/release/11/mms/641284589	PK80.31		"- - - - - Gastrointestinal, abdominal, or abdominal wall procedure associated with injury or harm, percutaneous approach"	category	3	False	23	"=hyperlink(""https://icd.who.int/browse11/l-m/en#/http%3A%2F%2Fid.who.int%2Ficd%2Fentity%2F641284589"",""browser"")"	True	True	BlockL1-PK8	BlockL2-PK8			
http://id.who.int/icd/entity/843986533	http://id.who.int/icd/release/11/mms/843986533	PK80.32		"- - - - - Gastrointestinal, abdominal, or abdominal wall procedure associated with injury or harm, endoscopic approach"	category	3	False	23	"=hyperlink(""https://icd.who.int/browse11/l-m/en#/http%3A%2F%2Fid.who.int%2Ficd%2Fentity%2F843986533"",""browser"")"	True	True	BlockL1-PK8	BlockL2-PK8			
	http://id.who.int/icd/release/11/mms/125745435/other	PK80.3Y		"- - - - - Gastrointestinal, abdominal, or abdominal wall procedure associated with injury or harm in therapeutic use, other specified approach"	category	3	True	23	"=hyperlink(""https://icd.who.int/browse11/l-m/en#/http%3A%2F%2Fid.who.int%2Ficd%2Fentity%2F125745435%2Fmms%2Fother"",""browser"")"	True	True	BlockL1-PK8	BlockL2-PK8			
	http://id.who.int/icd/release/11/mms/125745435/unspecified	PK80.3Z		"- - - - - Gastrointestinal, abdominal, or abdominal wall procedure associated with injury or harm in therapeutic use, unspecified approach"	category	3	True	23	"=hyperlink(""https://icd.who.int/browse11/l-m/en#/http%3A%2F%2Fid.who.int%2Ficd%2Fentity%2F125745435%2Fmms%2Funspecified"",""browser"")"	True	True	BlockL1-PK8	BlockL2-PK8			
http://id.who.int/icd/entity/1504528264	http://id.who.int/icd/release/11/mms/1504528264	PK80.4		"- - - - Endocrine procedure associated with injury or harm in therapeutic use"	category	2	False	23	"=hyperlink(""https://icd.who.int/browse11/l-m/en#/http%3A%2F%2Fid.who.int%2Ficd%2Fentity%2F1504528264"",""browser"")"	False	True	BlockL1-PK8	BlockL2-PK8			
http://id.who.int/icd/entity/1304014596	http://id.who.int/icd/release/11/mms/1304014596	PK80.40		"- - - - - Endocrine procedure associated with injury or harm, open approach"	category	3	False	23	"=hyperlink(""https://icd.who.int/browse11/l-m/en#/http%3A%2F%2Fid.who.int%2Ficd%2Fentity%2F1304014596"",""browser"")"	True	True	BlockL1-PK8	BlockL2-PK8			
http://id.who.int/icd/entity/2106213520	http://id.who.int/icd/release/11/mms/2106213520	PK80.41		"- - - - - Endocrine procedure associated with injury or harm, percutaneous approach"	category	3	False	23	"=hyperlink(""https://icd.who.int/browse11/l-m/en#/http%3A%2F%2Fid.who.int%2Ficd%2Fentity%2F2106213520"",""browser"")"	True	True	BlockL1-PK8	BlockL2-PK8			
http://id.who.int/icd/entity/1646046524	http://id.who.int/icd/release/11/mms/1646046524	PK80.42		"- - - - - Endocrine procedure associated with injury or harm, endoscopic approach"	category	3	False	23	"=hyperlink(""https://icd.who.int/browse11/l-m/en#/http%3A%2F%2Fid.who.int%2Ficd%2Fentity%2F1646046524"",""browser"")"	True	True	BlockL1-PK8	BlockL2-PK8			
	http://id.who.int/icd/release/11/mms/1504528264/other	PK80.4Y		"- - - - - Endocrine procedure associated with injury or harm in therapeutic use, other specified approach"	category	3	True	23	"=hyperlink(""https://icd.who.int/browse11/l-m/en#/http%3A%2F%2Fid.who.int%2Ficd%2Fentity%2F1504528264%2Fmms%2Fother"",""browser"")"	True	True	BlockL1-PK8	BlockL2-PK8			
	http://id.who.int/icd/release/11/mms/1504528264/unspecified	PK80.4Z		"- - - - - Endocrine procedure associated with injury or harm in therapeutic use, unspecified approach"	category	3	True	23	"=hyperlink(""https://icd.who.int/browse11/l-m/en#/http%3A%2F%2Fid.who.int%2Ficd%2Fentity%2F1504528264%2Fmms%2Funspecified"",""browser"")"	True	True	BlockL1-PK8	BlockL2-PK8			
http://id.who.int/icd/entity/482432395	http://id.who.int/icd/release/11/mms/482432395	PK80.5		"- - - - Gynaecological or breast procedure associated with injury or harm in therapeutic use"	category	2	False	23	"=hyperlink(""https://icd.who.int/browse11/l-m/en#/http%3A%2F%2Fid.who.int%2Ficd%2Fentity%2F482432395"",""browser"")"	False	True	BlockL1-PK8	BlockL2-PK8			
http://id.who.int/icd/entity/1496012830	http://id.who.int/icd/release/11/mms/1496012830	PK80.50		"- - - - - Gynaecological or breast procedure associated with injury or harm, open approach"	category	3	False	23	"=hyperlink(""https://icd.who.int/browse11/l-m/en#/http%3A%2F%2Fid.who.int%2Ficd%2Fentity%2F1496012830"",""browser"")"	True	True	BlockL1-PK8	BlockL2-PK8			
http://id.who.int/icd/entity/1234831002	http://id.who.int/icd/release/11/mms/1234831002	PK80.51		"- - - - - Gynaecological or breast procedure associated with injury or harm, percutaneous approach"	category	3	False	23	"=hyperlink(""https://icd.who.int/browse11/l-m/en#/http%3A%2F%2Fid.who.int%2Ficd%2Fentity%2F1234831002"",""browser"")"	True	True	BlockL1-PK8	BlockL2-PK8			
http://id.who.int/icd/entity/1198932106	http://id.who.int/icd/release/11/mms/1198932106	PK80.52		"- - - - - Gynaecological or breast procedure associated with injury or harm, endoscopic approach"	category	3	False	23	"=hyperlink(""https://icd.who.int/browse11/l-m/en#/http%3A%2F%2Fid.who.int%2Ficd%2Fentity%2F1198932106"",""browser"")"	True	True	BlockL1-PK8	BlockL2-PK8			
http://id.who.int/icd/entity/1755447599	http://id.who.int/icd/release/11/mms/1755447599	PK80.53		"- - - - - Gynaecological or breast procedure associated with injury or harm in therapeutic use, per orifice approach"	category	3	False	23	"=hyperlink(""https://icd.who.int/browse11/l-m/en#/http%3A%2F%2Fid.who.int%2Ficd%2Fentity%2F1755447599"",""browser"")"	True	True	BlockL1-PK8	BlockL2-PK8			
	http://id.who.int/icd/release/11/mms/482432395/other	PK80.5Y		"- - - - - Gynaecological or breast procedure associated with injury or harm in therapeutic use, other specified approach"	category	3	True	23	"=hyperlink(""https://icd.who.int/browse11/l-m/en#/http%3A%2F%2Fid.who.int%2Ficd%2Fentity%2F482432395%2Fmms%2Fother"",""browser"")"	True	True	BlockL1-PK8	BlockL2-PK8			
	http://id.who.int/icd/release/11/mms/482432395/unspecified	PK80.5Z		"- - - - - Gynaecological or breast procedure associated with injury or harm in therapeutic use, unspecified approach"	category	3	True	23	"=hyperlink(""https://icd.who.int/browse11/l-m/en#/http%3A%2F%2Fid.who.int%2Ficd%2Fentity%2F482432395%2Fmms%2Funspecified"",""browser"")"	True	True	BlockL1-PK8	BlockL2-PK8			
http://id.who.int/icd/entity/1348168557	http://id.who.int/icd/release/11/mms/1348168557	PK80.6		"- - - - Urological procedure associated with injury or harm in therapeutic use"	category	2	False	23	"=hyperlink(""https://icd.who.int/browse11/l-m/en#/http%3A%2F%2Fid.who.int%2Ficd%2Fentity%2F1348168557"",""browser"")"	False	True	BlockL1-PK8	BlockL2-PK8			
http://id.who.int/icd/entity/1715405990	http://id.who.int/icd/release/11/mms/1715405990	PK80.60		"- - - - - Urological procedure associated with injury or harm, open approach"	category	3	False	23	"=hyperlink(""https://icd.who.int/browse11/l-m/en#/http%3A%2F%2Fid.who.int%2Ficd%2Fentity%2F1715405990"",""browser"")"	True	True	BlockL1-PK8	BlockL2-PK8			
http://id.who.int/icd/entity/1505060800	http://id.who.int/icd/release/11/mms/1505060800	PK80.61		"- - - - - Urological procedure associated with injury or harm, percutaneous approach"	category	3	False	23	"=hyperlink(""https://icd.who.int/browse11/l-m/en#/http%3A%2F%2Fid.who.int%2Ficd%2Fentity%2F1505060800"",""browser"")"	True	True	BlockL1-PK8	BlockL2-PK8			
http://id.who.int/icd/entity/1494407118	http://id.who.int/icd/release/11/mms/1494407118	PK80.62		"- - - - - Urological procedure associated with injury or harm, endoscopic approach"	category	3	False	23	"=hyperlink(""https://icd.who.int/browse11/l-m/en#/http%3A%2F%2Fid.who.int%2Ficd%2Fentity%2F1494407118"",""browser"")"	True	True	BlockL1-PK8	BlockL2-PK8			
	http://id.who.int/icd/release/11/mms/1348168557/other	PK80.6Y		"- - - - - Urological procedure associated with injury or harm, other specified approach"	category	3	True	23	"=hyperlink(""https://icd.who.int/browse11/l-m/en#/http%3A%2F%2Fid.who.int%2Ficd%2Fentity%2F1348168557%2Fmms%2Fother"",""browser"")"	True	True	BlockL1-PK8	BlockL2-PK8			
	http://id.who.int/icd/release/11/mms/1348168557/unspecified	PK80.6Z		"- - - - - Urological procedure associated with injury or harm, unspecified approach"	category	3	True	23	"=hyperlink(""https://icd.who.int/browse11/l-m/en#/http%3A%2F%2Fid.who.int%2Ficd%2Fentity%2F1348168557%2Fmms%2Funspecified"",""browser"")"	True	True	BlockL1-PK8	BlockL2-PK8			
http://id.who.int/icd/entity/1417248510	http://id.who.int/icd/release/11/mms/1417248510	PK80.7		"- - - - Obstetric procedure associated with injury or harm in therapeutic use"	category	2	False	23	"=hyperlink(""https://icd.who.int/browse11/l-m/en#/http%3A%2F%2Fid.who.int%2Ficd%2Fentity%2F1417248510"",""browser"")"	False	True	BlockL1-PK8	BlockL2-PK8			
http://id.who.int/icd/entity/1820203444	http://id.who.int/icd/release/11/mms/1820203444	PK80.70		"- - - - - Caesarean section or other obstetric procedure associated with injury or harm, open approach"	category	3	False	23	"=hyperlink(""https://icd.who.int/browse11/l-m/en#/http%3A%2F%2Fid.who.int%2Ficd%2Fentity%2F1820203444"",""browser"")"	True	True	BlockL1-PK8	BlockL2-PK8			
http://id.who.int/icd/entity/1408531118	http://id.who.int/icd/release/11/mms/1408531118	PK80.71		"- - - - - Obstetric procedure associated with injury or harm, percutaneous approach"	category	3	False	23	"=hyperlink(""https://icd.who.int/browse11/l-m/en#/http%3A%2F%2Fid.who.int%2Ficd%2Fentity%2F1408531118"",""browser"")"	True	True	BlockL1-PK8	BlockL2-PK8			
http://id.who.int/icd/entity/224029407	http://id.who.int/icd/release/11/mms/224029407	PK80.72		"- - - - - Obstetric procedure associated with injury or harm, endoscopic approach"	category	3	False	23	"=hyperlink(""https://icd.who.int/browse11/l-m/en#/http%3A%2F%2Fid.who.int%2Ficd%2Fentity%2F224029407"",""browser"")"	True	True	BlockL1-PK8	BlockL2-PK8			
http://id.who.int/icd/entity/785688628	http://id.who.int/icd/release/11/mms/785688628	PK80.73		"- - - - - Obstetric procedure associated with injury or harm in therapeutic use, per orifice approach"	category	3	False	23	"=hyperlink(""https://icd.who.int/browse11/l-m/en#/http%3A%2F%2Fid.who.int%2Ficd%2Fentity%2F785688628"",""browser"")"	True	True	BlockL1-PK8	BlockL2-PK8			
	http://id.who.int/icd/release/11/mms/1417248510/other	PK80.7Y		"- - - - - Caesarean section or other obstetric procedure associated with injury or harm, other specified approach"	category	3	True	23	"=hyperlink(""https://icd.who.int/browse11/l-m/en#/http%3A%2F%2Fid.who.int%2Ficd%2Fentity%2F1417248510%2Fmms%2Fother"",""browser"")"	True	True	BlockL1-PK8	BlockL2-PK8			
	http://id.who.int/icd/release/11/mms/1417248510/unspecified	PK80.7Z		"- - - - - Caesarean section or other obstetric procedure associated with injury or harm, unspecified approach"	category	3	True	23	"=hyperlink(""https://icd.who.int/browse11/l-m/en#/http%3A%2F%2Fid.who.int%2Ficd%2Fentity%2F1417248510%2Fmms%2Funspecified"",""browser"")"	True	True	BlockL1-PK8	BlockL2-PK8			
http://id.who.int/icd/entity/344955272	http://id.who.int/icd/release/11/mms/344955272	PK80.8		"- - - - Musculoskeletal procedure associated with injury or harm in therapeutic use"	category	2	False	23	"=hyperlink(""https://icd.who.int/browse11/l-m/en#/http%3A%2F%2Fid.who.int%2Ficd%2Fentity%2F344955272"",""browser"")"	False	True	BlockL1-PK8	BlockL2-PK8			
http://id.who.int/icd/entity/1240534166	http://id.who.int/icd/release/11/mms/1240534166	PK80.80		"- - - - - Musculoskeletal procedure associated with injury or harm, open approach"	category	3	False	23	"=hyperlink(""https://icd.who.int/browse11/l-m/en#/http%3A%2F%2Fid.who.int%2Ficd%2Fentity%2F1240534166"",""browser"")"	True	True	BlockL1-PK8	BlockL2-PK8			
http://id.who.int/icd/entity/674269037	http://id.who.int/icd/release/11/mms/674269037	PK80.81		"- - - - - Musculoskeletal procedure associated with injury or harm, percutaneous approach"	category	3	False	23	"=hyperlink(""https://icd.who.int/browse11/l-m/en#/http%3A%2F%2Fid.who.int%2Ficd%2Fentity%2F674269037"",""browser"")"	True	True	BlockL1-PK8	BlockL2-PK8			
http://id.who.int/icd/entity/2135921783	http://id.who.int/icd/release/11/mms/2135921783	PK80.82		"- - - - - Musculoskeletal procedure associated with injury or harm, endoscopic approach"	category	3	False	23	"=hyperlink(""https://icd.who.int/browse11/l-m/en#/http%3A%2F%2Fid.who.int%2Ficd%2Fentity%2F2135921783"",""browser"")"	True	True	BlockL1-PK8	BlockL2-PK8			
	http://id.who.int/icd/release/11/mms/344955272/other	PK80.8Y		"- - - - - Musculoskeletal procedure associated with injury or harm in therapeutic use, other specified approach"	category	3	True	23	"=hyperlink(""https://icd.who.int/browse11/l-m/en#/http%3A%2F%2Fid.who.int%2Ficd%2Fentity%2F344955272%2Fmms%2Fother"",""browser"")"	True	True	BlockL1-PK8	BlockL2-PK8			
	http://id.who.int/icd/release/11/mms/344955272/unspecified	PK80.8Z		"- - - - - Musculoskeletal procedure associated with injury or harm in therapeutic use, unspecified approach"	category	3	True	23	"=hyperlink(""https://icd.who.int/browse11/l-m/en#/http%3A%2F%2Fid.who.int%2Ficd%2Fentity%2F344955272%2Fmms%2Funspecified"",""browser"")"	True	True	BlockL1-PK8	BlockL2-PK8			
http://id.who.int/icd/entity/1462194336	http://id.who.int/icd/release/11/mms/1462194336	PK80.9		"- - - - Vascular procedure associated with injury or harm in therapeutic use"	category	2	False	23	"=hyperlink(""https://icd.who.int/browse11/l-m/en#/http%3A%2F%2Fid.who.int%2Ficd%2Fentity%2F1462194336"",""browser"")"	False	True	BlockL1-PK8	BlockL2-PK8			
http://id.who.int/icd/entity/1599282907	http://id.who.int/icd/release/11/mms/1599282907	PK80.90		"- - - - - Vascular procedure associated with injury or harm, open approach"	category	3	False	23	"=hyperlink(""https://icd.who.int/browse11/l-m/en#/http%3A%2F%2Fid.who.int%2Ficd%2Fentity%2F1599282907"",""browser"")"	True	True	BlockL1-PK8	BlockL2-PK8			
http://id.who.int/icd/entity/1868625233	http://id.who.int/icd/release/11/mms/1868625233	PK80.91		"- - - - - Vascular procedure associated with injury or harm, percutaneous approach"	category	3	False	23	"=hyperlink(""https://icd.who.int/browse11/l-m/en#/http%3A%2F%2Fid.who.int%2Ficd%2Fentity%2F1868625233"",""browser"")"	True	True	BlockL1-PK8	BlockL2-PK8			
http://id.who.int/icd/entity/1875330337	http://id.who.int/icd/release/11/mms/1875330337	PK80.92		"- - - - - Vascular procedure associated with injury or harm, endoscopic approach"	category	3	False	23	"=hyperlink(""https://icd.who.int/browse11/l-m/en#/http%3A%2F%2Fid.who.int%2Ficd%2Fentity%2F1875330337"",""browser"")"	True	True	BlockL1-PK8	BlockL2-PK8			
	http://id.who.int/icd/release/11/mms/1462194336/other	PK80.9Y		"- - - - - Vascular procedure associated with injury or harm, other specified approach"	category	3	True	23	"=hyperlink(""https://icd.who.int/browse11/l-m/en#/http%3A%2F%2Fid.who.int%2Ficd%2Fentity%2F1462194336%2Fmms%2Fother"",""browser"")"	True	True	BlockL1-PK8	BlockL2-PK8			
	http://id.who.int/icd/release/11/mms/1462194336/unspecified	PK80.9Z		"- - - - - Vascular procedure associated with injury or harm, unspecified approach"	category	3	True	23	"=hyperlink(""https://icd.who.int/browse11/l-m/en#/http%3A%2F%2Fid.who.int%2Ficd%2Fentity%2F1462194336%2Fmms%2Funspecified"",""browser"")"	True	True	BlockL1-PK8	BlockL2-PK8			
http://id.who.int/icd/entity/306922141	http://id.who.int/icd/release/11/mms/306922141	PK80.A		"- - - - Ear, nose, oral, or throat procedure associated with injury or harm in therapeutic use"	category	2	False	23	"=hyperlink(""https://icd.who.int/browse11/l-m/en#/http%3A%2F%2Fid.who.int%2Ficd%2Fentity%2F306922141"",""browser"")"	False	True	BlockL1-PK8	BlockL2-PK8			
http://id.who.int/icd/entity/338360846	http://id.who.int/icd/release/11/mms/338360846	PK80.A0		"- - - - - Ear, nose, oral, or throat procedure associated with injury or harm, open approach"	category	3	False	23	"=hyperlink(""https://icd.who.int/browse11/l-m/en#/http%3A%2F%2Fid.who.int%2Ficd%2Fentity%2F338360846"",""browser"")"	True	True	BlockL1-PK8	BlockL2-PK8			
http://id.who.int/icd/entity/1696720963	http://id.who.int/icd/release/11/mms/1696720963	PK80.A1		"- - - - - Ear, nose, oral, or throat procedure associated with injury or harm, percutaneous approach"	category	3	False	23	"=hyperlink(""https://icd.who.int/browse11/l-m/en#/http%3A%2F%2Fid.who.int%2Ficd%2Fentity%2F1696720963"",""browser"")"	True	True	BlockL1-PK8	BlockL2-PK8			
http://id.who.int/icd/entity/1336984963	http://id.who.int/icd/release/11/mms/1336984963	PK80.A2		"- - - - - Ear, nose, oral, or throat procedure associated with injury or harm, endoscopic approach"	category	3	False	23	"=hyperlink(""https://icd.who.int/browse11/l-m/en#/http%3A%2F%2Fid.who.int%2Ficd%2Fentity%2F1336984963"",""browser"")"	True	True	BlockL1-PK8	BlockL2-PK8			
	http://id.who.int/icd/release/11/mms/306922141/other	PK80.AY		"- - - - - Ear, nose, oral, or throat procedure associated with injury or harm in therapeutic use, other specified approach"	category	3	True	23	"=hyperlink(""https://icd.who.int/browse11/l-m/en#/http%3A%2F%2Fid.who.int%2Ficd%2Fentity%2F306922141%2Fmms%2Fother"",""browser"")"	True	True	BlockL1-PK8	BlockL2-PK8			
	http://id.who.int/icd/release/11/mms/306922141/unspecified	PK80.AZ		"- - - - - Ear, nose, oral, or throat procedure associated with injury or harm in therapeutic use, unspecified approach"	category	3	True	23	"=hyperlink(""https://icd.who.int/browse11/l-m/en#/http%3A%2F%2Fid.who.int%2Ficd%2Fentity%2F306922141%2Fmms%2Funspecified"",""browser"")"	True	True	BlockL1-PK8	BlockL2-PK8			
http://id.who.int/icd/entity/1285078030	http://id.who.int/icd/release/11/mms/1285078030	PK80.B		"- - - - Dental procedure associated with injury or harm in therapeutic use"	category	2	False	23	"=hyperlink(""https://icd.who.int/browse11/l-m/en#/http%3A%2F%2Fid.who.int%2Ficd%2Fentity%2F1285078030"",""browser"")"	False	True	BlockL1-PK8	BlockL2-PK8			
http://id.who.int/icd/entity/2133106297	http://id.who.int/icd/release/11/mms/2133106297	PK80.B0		"- - - - - Dental procedure associated with injury or harm, open approach"	category	3	False	23	"=hyperlink(""https://icd.who.int/browse11/l-m/en#/http%3A%2F%2Fid.who.int%2Ficd%2Fentity%2F2133106297"",""browser"")"	True	True	BlockL1-PK8	BlockL2-PK8			
http://id.who.int/icd/entity/1162271833	http://id.who.int/icd/release/11/mms/1162271833	PK80.B1		"- - - - - Dental procedure associated with injury or harm, percutaneous approach"	category	3	False	23	"=hyperlink(""https://icd.who.int/browse11/l-m/en#/http%3A%2F%2Fid.who.int%2Ficd%2Fentity%2F1162271833"",""browser"")"	True	True	BlockL1-PK8	BlockL2-PK8			
http://id.who.int/icd/entity/716662512	http://id.who.int/icd/release/11/mms/716662512	PK80.B2		"- - - - - Dental procedure associated with injury or harm, endoscopic approach"	category	3	False	23	"=hyperlink(""https://icd.who.int/browse11/l-m/en#/http%3A%2F%2Fid.who.int%2Ficd%2Fentity%2F716662512"",""browser"")"	True	True	BlockL1-PK8	BlockL2-PK8			
	http://id.who.int/icd/release/11/mms/1285078030/other	PK80.BY		"- - - - - Dental procedure associated with injury or harm, other specified approach"	category	3	True	23	"=hyperlink(""https://icd.who.int/browse11/l-m/en#/http%3A%2F%2Fid.who.int%2Ficd%2Fentity%2F1285078030%2Fmms%2Fother"",""browser"")"	True	True	BlockL1-PK8	BlockL2-PK8			
	http://id.who.int/icd/release/11/mms/1285078030/unspecified	PK80.BZ		"- - - - - Dental procedure associated with injury or harm, unspecified approach"	category	3	True	23	"=hyperlink(""https://icd.who.int/browse11/l-m/en#/http%3A%2F%2Fid.who.int%2Ficd%2Fentity%2F1285078030%2Fmms%2Funspecified"",""browser"")"	True	True	BlockL1-PK8	BlockL2-PK8			
http://id.who.int/icd/entity/208558964	http://id.who.int/icd/release/11/mms/208558964	PK80.C		"- - - - Skin or integument procedure associated with injury or harm in therapeutic use"	category	2	False	23	"=hyperlink(""https://icd.who.int/browse11/l-m/en#/http%3A%2F%2Fid.who.int%2Ficd%2Fentity%2F208558964"",""browser"")"	False	True	BlockL1-PK8	BlockL2-PK8			
http://id.who.int/icd/entity/795259294	http://id.who.int/icd/release/11/mms/795259294	PK80.C0		"- - - - - Skin or integument procedure associated with injury or harm, open approach"	category	3	False	23	"=hyperlink(""https://icd.who.int/browse11/l-m/en#/http%3A%2F%2Fid.who.int%2Ficd%2Fentity%2F795259294"",""browser"")"	True	True	BlockL1-PK8	BlockL2-PK8			
http://id.who.int/icd/entity/283955848	http://id.who.int/icd/release/11/mms/283955848	PK80.C1		"- - - - - Skin or integument procedure associated with injury or harm, percutaneous approach"	category	3	False	23	"=hyperlink(""https://icd.who.int/browse11/l-m/en#/http%3A%2F%2Fid.who.int%2Ficd%2Fentity%2F283955848"",""browser"")"	True	True	BlockL1-PK8	BlockL2-PK8			
http://id.who.int/icd/entity/1366530865	http://id.who.int/icd/release/11/mms/1366530865	PK80.C2		"- - - - - Skin or integument procedure associated with injury or harm, endoscopic approach"	category	3	False	23	"=hyperlink(""https://icd.who.int/browse11/l-m/en#/http%3A%2F%2Fid.who.int%2Ficd%2Fentity%2F1366530865"",""browser"")"	True	True	BlockL1-PK8	BlockL2-PK8			
	http://id.who.int/icd/release/11/mms/208558964/other	PK80.CY		"- - - - - Skin or integument procedure associated with injury or harm in therapeutic use, other specified approach"	category	3	True	23	"=hyperlink(""https://icd.who.int/browse11/l-m/en#/http%3A%2F%2Fid.who.int%2Ficd%2Fentity%2F208558964%2Fmms%2Fother"",""browser"")"	True	True	BlockL1-PK8	BlockL2-PK8			
	http://id.who.int/icd/release/11/mms/208558964/unspecified	PK80.CZ		"- - - - - Skin or integument procedure associated with injury or harm in therapeutic use, unspecified approach"	category	3	True	23	"=hyperlink(""https://icd.who.int/browse11/l-m/en#/http%3A%2F%2Fid.who.int%2Ficd%2Fentity%2F208558964%2Fmms%2Funspecified"",""browser"")"	True	True	BlockL1-PK8	BlockL2-PK8			
http://id.who.int/icd/entity/1560462075	http://id.who.int/icd/release/11/mms/1560462075	PK80.D		"- - - - Ophthalmic procedure associated with injury or harm in therapeutic use"	category	2	False	23	"=hyperlink(""https://icd.who.int/browse11/l-m/en#/http%3A%2F%2Fid.who.int%2Ficd%2Fentity%2F1560462075"",""browser"")"	True	True	BlockL1-PK8	BlockL2-PK8			
http://id.who.int/icd/entity/13549609	http://id.who.int/icd/release/11/mms/13549609	PK81		"- - - Certain medical procedures associated with injury or harm in therapeutic use"	category	1	False	23	"=hyperlink(""https://icd.who.int/browse11/l-m/en#/http%3A%2F%2Fid.who.int%2Ficd%2Fentity%2F13549609"",""browser"")"	False	True	BlockL1-PK8	BlockL2-PK8			
http://id.who.int/icd/entity/833290117	http://id.who.int/icd/release/11/mms/833290117	PK81.0		"- - - - Ventilation associated with injury or harm in therapeutic use"	category	2	False	23	"=hyperlink(""https://icd.who.int/browse11/l-m/en#/http%3A%2F%2Fid.who.int%2Ficd%2Fentity%2F833290117"",""browser"")"	True	True	BlockL1-PK8	BlockL2-PK8			
http://id.who.int/icd/entity/1537795472	http://id.who.int/icd/release/11/mms/1537795472	PK81.1		"- - - - Extracorporeal life support procedure associated with injury or harm in therapeutic use"	category	2	False	23	"=hyperlink(""https://icd.who.int/browse11/l-m/en#/http%3A%2F%2Fid.who.int%2Ficd%2Fentity%2F1537795472"",""browser"")"	True	True	BlockL1-PK8	BlockL2-PK8			
http://id.who.int/icd/entity/91307469	http://id.who.int/icd/release/11/mms/91307469	PK81.2		"- - - - Aspiration or drainage of body cavity or fluid collection associated with injury or harm in therapeutic use"	category	2	False	23	"=hyperlink(""https://icd.who.int/browse11/l-m/en#/http%3A%2F%2Fid.who.int%2Ficd%2Fentity%2F91307469"",""browser"")"	True	True	BlockL1-PK8	BlockL2-PK8			
http://id.who.int/icd/entity/1659650734	http://id.who.int/icd/release/11/mms/1659650734	PK81.3		"- - - - Acupuncture or related therapies associated with injury or harm in therapeutic use"	category	2	False	23	"=hyperlink(""https://icd.who.int/browse11/l-m/en#/http%3A%2F%2Fid.who.int%2Ficd%2Fentity%2F1659650734"",""browser"")"	False	True	BlockL1-PK8	BlockL2-PK8			
http://id.who.int/icd/entity/245016386	http://id.who.int/icd/release/11/mms/245016386	PK81.30		"- - - - - Acupuncture cupping associated with injury or harm in therapeutic use"	category	3	False	23	"=hyperlink(""https://icd.who.int/browse11/l-m/en#/http%3A%2F%2Fid.who.int%2Ficd%2Fentity%2F245016386"",""browser"")"	True	True	BlockL1-PK8	BlockL2-PK8			
	http://id.who.int/icd/release/11/mms/1659650734/other	PK81.3Y		"- - - - - Other specified acupuncture or related therapies associated with injury or harm in therapeutic use"	category	3	True	23	"=hyperlink(""https://icd.who.int/browse11/l-m/en#/http%3A%2F%2Fid.who.int%2Ficd%2Fentity%2F1659650734%2Fmms%2Fother"",""browser"")"	True	True	BlockL1-PK8	BlockL2-PK8			
	http://id.who.int/icd/release/11/mms/1659650734/unspecified	PK81.3Z		"- - - - - Acupuncture or related therapies associated with injury or harm in therapeutic use, unspecified"	category	3	True	23	"=hyperlink(""https://icd.who.int/browse11/l-m/en#/http%3A%2F%2Fid.who.int%2Ficd%2Fentity%2F1659650734%2Fmms%2Funspecified"",""browser"")"	True	True	BlockL1-PK8	BlockL2-PK8			
http://id.who.int/icd/entity/1252523367	http://id.who.int/icd/release/11/mms/1252523367	PK81.4		"- - - - Bone marrow aspiration or biopsy associated with injury or harm in therapeutic use"	category	2	False	23	"=hyperlink(""https://icd.who.int/browse11/l-m/en#/http%3A%2F%2Fid.who.int%2Ficd%2Fentity%2F1252523367"",""browser"")"	True	True	BlockL1-PK8	BlockL2-PK8			
http://id.who.int/icd/entity/1352083884	http://id.who.int/icd/release/11/mms/1352083884	PK81.5		"- - - - Biopsy procedure, not elsewhere classified, associated with injury or harm in therapeutic use"	category	2	False	23	"=hyperlink(""https://icd.who.int/browse11/l-m/en#/http%3A%2F%2Fid.who.int%2Ficd%2Fentity%2F1352083884"",""browser"")"	True	True	BlockL1-PK8	BlockL2-PK8			
http://id.who.int/icd/entity/837518665	http://id.who.int/icd/release/11/mms/837518665	PK81.6		"- - - - Dialysis associated with injury or harm in therapeutic use"	category	2	False	23	"=hyperlink(""https://icd.who.int/browse11/l-m/en#/http%3A%2F%2Fid.who.int%2Ficd%2Fentity%2F837518665"",""browser"")"	True	True	BlockL1-PK8	BlockL2-PK8			
http://id.who.int/icd/entity/306614918	http://id.who.int/icd/release/11/mms/306614918	PK81.7		"- - - - Injection or infusion for therapeutic or diagnostic purposes associated with injury or harm in therapeutic use"	category	2	False	23	"=hyperlink(""https://icd.who.int/browse11/l-m/en#/http%3A%2F%2Fid.who.int%2Ficd%2Fentity%2F306614918"",""browser"")"	True	True	BlockL1-PK8	BlockL2-PK8			
http://id.who.int/icd/entity/1865972700	http://id.who.int/icd/release/11/mms/1865972700	PK81.8		"- - - - Insertion of tube associated with injury or harm in therapeutic use"	category	2	False	23	"=hyperlink(""https://icd.who.int/browse11/l-m/en#/http%3A%2F%2Fid.who.int%2Ficd%2Fentity%2F1865972700"",""browser"")"	True	True	BlockL1-PK8	BlockL2-PK8			
http://id.who.int/icd/entity/173087261	http://id.who.int/icd/release/11/mms/173087261	PK81.9		"- - - - Joint aspiration associated with injury or harm in therapeutic use"	category	2	False	23	"=hyperlink(""https://icd.who.int/browse11/l-m/en#/http%3A%2F%2Fid.who.int%2Ficd%2Fentity%2F173087261"",""browser"")"	True	True	BlockL1-PK8	BlockL2-PK8			
http://id.who.int/icd/entity/524413192	http://id.who.int/icd/release/11/mms/524413192	PK81.A		"- - - - Lumbar puncture associated with injury or harm in therapeutic use"	category	2	False	23	"=hyperlink(""https://icd.who.int/browse11/l-m/en#/http%3A%2F%2Fid.who.int%2Ficd%2Fentity%2F524413192"",""browser"")"	True	True	BlockL1-PK8	BlockL2-PK8			
http://id.who.int/icd/entity/710175193	http://id.who.int/icd/release/11/mms/710175193	PK81.B		"- - - - Manipulative therapies associated with injury or harm in therapeutic use"	category	2	False	23	"=hyperlink(""https://icd.who.int/browse11/l-m/en#/http%3A%2F%2Fid.who.int%2Ficd%2Fentity%2F710175193"",""browser"")"	True	True	BlockL1-PK8	BlockL2-PK8			
http://id.who.int/icd/entity/620459604	http://id.who.int/icd/release/11/mms/620459604	PK81.C		"- - - - Radiation therapy associated with injury or harm in therapeutic use"	category	2	False	23	"=hyperlink(""https://icd.who.int/browse11/l-m/en#/http%3A%2F%2Fid.who.int%2Ficd%2Fentity%2F620459604"",""browser"")"	True	True	BlockL1-PK8	BlockL2-PK8			
http://id.who.int/icd/entity/572171732	http://id.who.int/icd/release/11/mms/572171732	PK81.D		"- - - - Other specified medical procedure associated with injury or harm in therapeutic use"	category	2	False	23	"=hyperlink(""https://icd.who.int/browse11/l-m/en#/http%3A%2F%2Fid.who.int%2Ficd%2Fentity%2F572171732"",""browser"")"	True	True	BlockL1-PK8	BlockL2-PK8			
http://id.who.int/icd/entity/2111578657	http://id.who.int/icd/release/11/mms/2111578657	PK81.E		"- - - - Cardiopulmonary resuscitation associated with injury or harm in therapeutic use"	category	2	False	23	"=hyperlink(""https://icd.who.int/browse11/l-m/en#/http%3A%2F%2Fid.who.int%2Ficd%2Fentity%2F2111578657"",""browser"")"	True	True	BlockL1-PK8	BlockL2-PK8			
http://id.who.int/icd/entity/396292097	http://id.who.int/icd/release/11/mms/396292097	PK81.F		"- - - - Needle stick associated with injury or harm in therapeutic use"	category	2	False	23	"=hyperlink(""https://icd.who.int/browse11/l-m/en#/http%3A%2F%2Fid.who.int%2Ficd%2Fentity%2F396292097"",""browser"")"	True	True	BlockL1-PK8	BlockL2-PK8			
	http://id.who.int/icd/release/11/mms/460401849/other	PK8Y		"- - - Other specified surgical or other medical procedures associated with injury or harm in diagnostic or therapeutic use"	category	1	True	23	"=hyperlink(""https://icd.who.int/browse11/l-m/en#/http%3A%2F%2Fid.who.int%2Ficd%2Fentity%2F460401849%2Fmms%2Fother"",""browser"")"	True	True	BlockL1-PK8	BlockL2-PK8			
	http://id.who.int/icd/release/11/mms/460401849/unspecified	PK8Z		"- - - Surgical or other medical procedures associated with injury or harm in diagnostic or therapeutic use, unspecified"	category	1	True	23	"=hyperlink(""https://icd.who.int/browse11/l-m/en#/http%3A%2F%2Fid.who.int%2Ficd%2Fentity%2F460401849%2Fmms%2Funspecified"",""browser"")"	True	True	BlockL1-PK8	BlockL2-PK8			
http://id.who.int/icd/entity/1642025150	http://id.who.int/icd/release/11/mms/1642025150		BlockL2-PK9	"- - Surgical or other medical devices, implants or grafts associated with injury or harm in therapeutic use"	block	2	False	23	"=hyperlink(""https://icd.who.int/browse11/l-m/en#/http%3A%2F%2Fid.who.int%2Ficd%2Fentity%2F1642025150"",""browser"")"	False		BlockL1-PK8				
http://id.who.int/icd/entity/310405692	http://id.who.int/icd/release/11/mms/310405692	PK90		"- - - Anaesthesiology devices associated with injury or harm"	category	1	False	23	"=hyperlink(""https://icd.who.int/browse11/l-m/en#/http%3A%2F%2Fid.who.int%2Ficd%2Fentity%2F310405692"",""browser"")"	False	True	BlockL1-PK8	BlockL2-PK9			
http://id.who.int/icd/entity/1434834647	http://id.who.int/icd/release/11/mms/1434834647	PK90.0		"- - - - Anaesthesiology devices associated with injury or harm, diagnostic or monitoring devices"	category	2	False	23	"=hyperlink(""https://icd.who.int/browse11/l-m/en#/http%3A%2F%2Fid.who.int%2Ficd%2Fentity%2F1434834647"",""browser"")"	True	True	BlockL1-PK8	BlockL2-PK9			
http://id.who.int/icd/entity/818813763	http://id.who.int/icd/release/11/mms/818813763	PK90.1		"- - - - Anaesthesiology devices associated with injury or harm, therapeutic, nonsurgical or rehabilitative devices"	category	2	False	23	"=hyperlink(""https://icd.who.int/browse11/l-m/en#/http%3A%2F%2Fid.who.int%2Ficd%2Fentity%2F818813763"",""browser"")"	True	True	BlockL1-PK8	BlockL2-PK9			
http://id.who.int/icd/entity/1147358140	http://id.who.int/icd/release/11/mms/1147358140	PK90.2		"- - - - Anaesthesiology devices associated with injury or harm, prosthetic or other implants, materials or accessory devices"	category	2	False	23	"=hyperlink(""https://icd.who.int/browse11/l-m/en#/http%3A%2F%2Fid.who.int%2Ficd%2Fentity%2F1147358140"",""browser"")"	True	True	BlockL1-PK8	BlockL2-PK9			
http://id.who.int/icd/entity/556303914	http://id.who.int/icd/release/11/mms/556303914	PK90.3		"- - - - Anaesthesiology devices associated with injury or harm, surgical instruments, materials or devices"	category	2	False	23	"=hyperlink(""https://icd.who.int/browse11/l-m/en#/http%3A%2F%2Fid.who.int%2Ficd%2Fentity%2F556303914"",""browser"")"	True	True	BlockL1-PK8	BlockL2-PK9			
http://id.who.int/icd/entity/1526878209	http://id.who.int/icd/release/11/mms/1526878209	PK90.4		"- - - - Anaesthesiology devices associated with injury or harm, miscellaneous devices, not elsewhere classified"	category	2	False	23	"=hyperlink(""https://icd.who.int/browse11/l-m/en#/http%3A%2F%2Fid.who.int%2Ficd%2Fentity%2F1526878209"",""browser"")"	True	True	BlockL1-PK8	BlockL2-PK9			
	http://id.who.int/icd/release/11/mms/310405692/other	PK90.Y		"- - - - Other specified anaesthesiology devices associated with injury or harm"	category	2	True	23	"=hyperlink(""https://icd.who.int/browse11/l-m/en#/http%3A%2F%2Fid.who.int%2Ficd%2Fentity%2F310405692%2Fmms%2Fother"",""browser"")"	True	True	BlockL1-PK8	BlockL2-PK9			
	http://id.who.int/icd/release/11/mms/310405692/unspecified	PK90.Z		"- - - - Anaesthesiology devices associated with injury or harm, unspecified"	category	2	True	23	"=hyperlink(""https://icd.who.int/browse11/l-m/en#/http%3A%2F%2Fid.who.int%2Ficd%2Fentity%2F310405692%2Fmms%2Funspecified"",""browser"")"	True	True	BlockL1-PK8	BlockL2-PK9			
http://id.who.int/icd/entity/2009835434	http://id.who.int/icd/release/11/mms/2009835434	PK91		"- - - Cardiovascular devices, implants or grafts associated with injury or harm"	category	1	False	23	"=hyperlink(""https://icd.who.int/browse11/l-m/en#/http%3A%2F%2Fid.who.int%2Ficd%2Fentity%2F2009835434"",""browser"")"	False	True	BlockL1-PK8	BlockL2-PK9			
http://id.who.int/icd/entity/1232936534	http://id.who.int/icd/release/11/mms/1232936534	PK91.0		"- - - - Cardiovascular devices associated with injury or harm, diagnostic or monitoring devices"	category	2	False	23	"=hyperlink(""https://icd.who.int/browse11/l-m/en#/http%3A%2F%2Fid.who.int%2Ficd%2Fentity%2F1232936534"",""browser"")"	True	True	BlockL1-PK8	BlockL2-PK9			
http://id.who.int/icd/entity/741790660	http://id.who.int/icd/release/11/mms/741790660	PK91.1		"- - - - Cardiovascular devices associated with injury or harm, therapeutic, nonsurgical or rehabilitative devices"	category	2	False	23	"=hyperlink(""https://icd.who.int/browse11/l-m/en#/http%3A%2F%2Fid.who.int%2Ficd%2Fentity%2F741790660"",""browser"")"	False	True	BlockL1-PK8	BlockL2-PK9			
http://id.who.int/icd/entity/36974655	http://id.who.int/icd/release/11/mms/36974655	PK91.10		"- - - - - Cardiovascular devices associated with injury or harm, pacemaker"	category	3	False	23	"=hyperlink(""https://icd.who.int/browse11/l-m/en#/http%3A%2F%2Fid.who.int%2Ficd%2Fentity%2F36974655"",""browser"")"	True	True	BlockL1-PK8	BlockL2-PK9			
http://id.who.int/icd/entity/2027865166	http://id.who.int/icd/release/11/mms/2027865166	PK91.11		"- - - - - Cardiovascular devices associated with injury or harm, implantable defibrillator"	category	3	False	23	"=hyperlink(""https://icd.who.int/browse11/l-m/en#/http%3A%2F%2Fid.who.int%2Ficd%2Fentity%2F2027865166"",""browser"")"	True	True	BlockL1-PK8	BlockL2-PK9			
http://id.who.int/icd/entity/388988647	http://id.who.int/icd/release/11/mms/388988647	PK91.12		"- - - - - Cardiovascular devices associated with injury or harm, left ventricular assist devices"	category	3	False	23	"=hyperlink(""https://icd.who.int/browse11/l-m/en#/http%3A%2F%2Fid.who.int%2Ficd%2Fentity%2F388988647"",""browser"")"	True	True	BlockL1-PK8	BlockL2-PK9			
http://id.who.int/icd/entity/1928647508	http://id.who.int/icd/release/11/mms/1928647508	PK91.13		"- - - - - Cardiovascular devices associated with injury or harm, intra-aortic balloon pump"	category	3	False	23	"=hyperlink(""https://icd.who.int/browse11/l-m/en#/http%3A%2F%2Fid.who.int%2Ficd%2Fentity%2F1928647508"",""browser"")"	True	True	BlockL1-PK8	BlockL2-PK9			
http://id.who.int/icd/entity/484956725	http://id.who.int/icd/release/11/mms/484956725	PK91.14		"- - - - - Cardiovascular devices associated with injury or harm, IVC filter"	category	3	False	23	"=hyperlink(""https://icd.who.int/browse11/l-m/en#/http%3A%2F%2Fid.who.int%2Ficd%2Fentity%2F484956725"",""browser"")"	True	True	BlockL1-PK8	BlockL2-PK9			
http://id.who.int/icd/entity/190565750	http://id.who.int/icd/release/11/mms/190565750	PK91.15		"- - - - - Cardiovascular devices associated with injury or harm, central venous catheter"	category	3	False	23	"=hyperlink(""https://icd.who.int/browse11/l-m/en#/http%3A%2F%2Fid.who.int%2Ficd%2Fentity%2F190565750"",""browser"")"	True	True	BlockL1-PK8	BlockL2-PK9			
http://id.who.int/icd/entity/297022236	http://id.who.int/icd/release/11/mms/297022236	PK91.16		"- - - - - Cardiovascular devices associated with injury or harm: peripheral venous catheter"	category	3	False	23	"=hyperlink(""https://icd.who.int/browse11/l-m/en#/http%3A%2F%2Fid.who.int%2Ficd%2Fentity%2F297022236"",""browser"")"	True	True	BlockL1-PK8	BlockL2-PK9			
	http://id.who.int/icd/release/11/mms/741790660/other	PK91.1Y		"- - - - - Other specified cardiovascular devices associated with injury or harm, therapeutic, nonsurgical or rehabilitative devices"	category	3	True	23	"=hyperlink(""https://icd.who.int/browse11/l-m/en#/http%3A%2F%2Fid.who.int%2Ficd%2Fentity%2F741790660%2Fmms%2Fother"",""browser"")"	True	True	BlockL1-PK8	BlockL2-PK9			
	http://id.who.int/icd/release/11/mms/741790660/unspecified	PK91.1Z		"- - - - - Cardiovascular devices associated with injury or harm, therapeutic, nonsurgical or rehabilitative devices, unspecified"	category	3	True	23	"=hyperlink(""https://icd.who.int/browse11/l-m/en#/http%3A%2F%2Fid.who.int%2Ficd%2Fentity%2F741790660%2Fmms%2Funspecified"",""browser"")"	True	True	BlockL1-PK8	BlockL2-PK9			
http://id.who.int/icd/entity/1486586685	http://id.who.int/icd/release/11/mms/1486586685	PK91.2		"- - - - Cardiovascular devices associated with injury or harm, prosthetic or other implants, materials or accessory devices"	category	2	False	23	"=hyperlink(""https://icd.who.int/browse11/l-m/en#/http%3A%2F%2Fid.who.int%2Ficd%2Fentity%2F1486586685"",""browser"")"	False	True	BlockL1-PK8	BlockL2-PK9			
http://id.who.int/icd/entity/1702415895	http://id.who.int/icd/release/11/mms/1702415895	PK91.20		"- - - - - Cardiovascular devices associated with injury or harm, grafts"	category	3	False	23	"=hyperlink(""https://icd.who.int/browse11/l-m/en#/http%3A%2F%2Fid.who.int%2Ficd%2Fentity%2F1702415895"",""browser"")"	True	True	BlockL1-PK8	BlockL2-PK9			
http://id.who.int/icd/entity/229292473	http://id.who.int/icd/release/11/mms/229292473	PK91.21		"- - - - - Cardiovascular devices associated with injury or harm, stents"	category	3	False	23	"=hyperlink(""https://icd.who.int/browse11/l-m/en#/http%3A%2F%2Fid.who.int%2Ficd%2Fentity%2F229292473"",""browser"")"	True	True	BlockL1-PK8	BlockL2-PK9			
http://id.who.int/icd/entity/2000702922	http://id.who.int/icd/release/11/mms/2000702922	PK91.22		"- - - - - Cardiovascular devices associated with injury or harm, mechanical or bioprosthetic valves"	category	3	False	23	"=hyperlink(""https://icd.who.int/browse11/l-m/en#/http%3A%2F%2Fid.who.int%2Ficd%2Fentity%2F2000702922"",""browser"")"	True	True	BlockL1-PK8	BlockL2-PK9			
	http://id.who.int/icd/release/11/mms/1486586685/other	PK91.2Y		"- - - - - Other specified cardiovascular devices associated with injury or harm, prosthetic or other implants, materials or accessory devices"	category	3	True	23	"=hyperlink(""https://icd.who.int/browse11/l-m/en#/http%3A%2F%2Fid.who.int%2Ficd%2Fentity%2F1486586685%2Fmms%2Fother"",""browser"")"	True	True	BlockL1-PK8	BlockL2-PK9			
	http://id.who.int/icd/release/11/mms/1486586685/unspecified	PK91.2Z		"- - - - - Cardiovascular devices associated with injury or harm, prosthetic or other implants, materials or accessory devices, unspecified"	category	3	True	23	"=hyperlink(""https://icd.who.int/browse11/l-m/en#/http%3A%2F%2Fid.who.int%2Ficd%2Fentity%2F1486586685%2Fmms%2Funspecified"",""browser"")"	True	True	BlockL1-PK8	BlockL2-PK9			
http://id.who.int/icd/entity/1037061801	http://id.who.int/icd/release/11/mms/1037061801	PK91.3		"- - - - Cardiovascular devices associated with injury or harm, surgical instruments, materials or devices"	category	2	False	23	"=hyperlink(""https://icd.who.int/browse11/l-m/en#/http%3A%2F%2Fid.who.int%2Ficd%2Fentity%2F1037061801"",""browser"")"	True	True	BlockL1-PK8	BlockL2-PK9			
http://id.who.int/icd/entity/1207605376	http://id.who.int/icd/release/11/mms/1207605376	PK91.4		"- - - - Cardiovascular devices associated with injury or harm, miscellaneous devices, not elsewhere classified"	category	2	False	23	"=hyperlink(""https://icd.who.int/browse11/l-m/en#/http%3A%2F%2Fid.who.int%2Ficd%2Fentity%2F1207605376"",""browser"")"	True	True	BlockL1-PK8	BlockL2-PK9			
	http://id.who.int/icd/release/11/mms/2009835434/other	PK91.Y		"- - - - Other specified cardiovascular devices, implants or grafts associated with injury or harm"	category	2	True	23	"=hyperlink(""https://icd.who.int/browse11/l-m/en#/http%3A%2F%2Fid.who.int%2Ficd%2Fentity%2F2009835434%2Fmms%2Fother"",""browser"")"	True	True	BlockL1-PK8	BlockL2-PK9			
	http://id.who.int/icd/release/11/mms/2009835434/unspecified	PK91.Z		"- - - - Cardiovascular devices, implants or grafts associated with injury or harm, unspecified"	category	2	True	23	"=hyperlink(""https://icd.who.int/browse11/l-m/en#/http%3A%2F%2Fid.who.int%2Ficd%2Fentity%2F2009835434%2Fmms%2Funspecified"",""browser"")"	True	True	BlockL1-PK8	BlockL2-PK9			
http://id.who.int/icd/entity/57079639	http://id.who.int/icd/release/11/mms/57079639	PK92		"- - - Otorhinolaryngological devices, implants or grafts associated with injury or harm"	category	1	False	23	"=hyperlink(""https://icd.who.int/browse11/l-m/en#/http%3A%2F%2Fid.who.int%2Ficd%2Fentity%2F57079639"",""browser"")"	False	True	BlockL1-PK8	BlockL2-PK9			
http://id.who.int/icd/entity/1224392298	http://id.who.int/icd/release/11/mms/1224392298	PK92.0		"- - - - Otorhinolaryngological devices associated with injury or harm, diagnostic or monitoring devices"	category	2	False	23	"=hyperlink(""https://icd.who.int/browse11/l-m/en#/http%3A%2F%2Fid.who.int%2Ficd%2Fentity%2F1224392298"",""browser"")"	True	True	BlockL1-PK8	BlockL2-PK9			
http://id.who.int/icd/entity/766604284	http://id.who.int/icd/release/11/mms/766604284	PK92.1		"- - - - Otorhinolaryngological devices associated with injury or harm, therapeutic, nonsurgical or rehabilitative devices"	category	2	False	23	"=hyperlink(""https://icd.who.int/browse11/l-m/en#/http%3A%2F%2Fid.who.int%2Ficd%2Fentity%2F766604284"",""browser"")"	True	True	BlockL1-PK8	BlockL2-PK9			
http://id.who.int/icd/entity/1495016195	http://id.who.int/icd/release/11/mms/1495016195	PK92.2		"- - - - Otorhinolaryngological devices associated with injury or harm, prosthetic or other implants, materials or accessory devices"	category	2	False	23	"=hyperlink(""https://icd.who.int/browse11/l-m/en#/http%3A%2F%2Fid.who.int%2Ficd%2Fentity%2F1495016195"",""browser"")"	True	True	BlockL1-PK8	BlockL2-PK9			
http://id.who.int/icd/entity/1012395671	http://id.who.int/icd/release/11/mms/1012395671	PK92.3		"- - - - Otorhinolaryngological devices associated with injury or harm, surgical instruments, materials or devices"	category	2	False	23	"=hyperlink(""https://icd.who.int/browse11/l-m/en#/http%3A%2F%2Fid.who.int%2Ficd%2Fentity%2F1012395671"",""browser"")"	True	True	BlockL1-PK8	BlockL2-PK9			
http://id.who.int/icd/entity/1182611648	http://id.who.int/icd/release/11/mms/1182611648	PK92.4		"- - - - Otorhinolaryngological devices associated with injury or harm, miscellaneous devices, not elsewhere classified"	category	2	False	23	"=hyperlink(""https://icd.who.int/browse11/l-m/en#/http%3A%2F%2Fid.who.int%2Ficd%2Fentity%2F1182611648"",""browser"")"	True	True	BlockL1-PK8	BlockL2-PK9			
	http://id.who.int/icd/release/11/mms/57079639/other	PK92.Y		"- - - - Other specified otorhinolaryngological devices, implants or grafts associated with injury or harm"	category	2	True	23	"=hyperlink(""https://icd.who.int/browse11/l-m/en#/http%3A%2F%2Fid.who.int%2Ficd%2Fentity%2F57079639%2Fmms%2Fother"",""browser"")"	True	True	BlockL1-PK8	BlockL2-PK9			
	http://id.who.int/icd/release/11/mms/57079639/unspecified	PK92.Z		"- - - - Otorhinolaryngological devices, implants or grafts associated with injury or harm, unspecified"	category	2	True	23	"=hyperlink(""https://icd.who.int/browse11/l-m/en#/http%3A%2F%2Fid.who.int%2Ficd%2Fentity%2F57079639%2Fmms%2Funspecified"",""browser"")"	True	True	BlockL1-PK8	BlockL2-PK9			
http://id.who.int/icd/entity/1714240195	http://id.who.int/icd/release/11/mms/1714240195	PK93		"- - - Gastroenterology or urology devices, implants or grafts associated with injury or harm"	category	1	False	23	"=hyperlink(""https://icd.who.int/browse11/l-m/en#/http%3A%2F%2Fid.who.int%2Ficd%2Fentity%2F1714240195"",""browser"")"	False	True	BlockL1-PK8	BlockL2-PK9			
http://id.who.int/icd/entity/1409447657	http://id.who.int/icd/release/11/mms/1409447657	PK93.0		"- - - - Gastroenterology or urology devices associated with injury or harm, diagnostic or monitoring devices"	category	2	False	23	"=hyperlink(""https://icd.who.int/browse11/l-m/en#/http%3A%2F%2Fid.who.int%2Ficd%2Fentity%2F1409447657"",""browser"")"	True	True	BlockL1-PK8	BlockL2-PK9			
http://id.who.int/icd/entity/826915709	http://id.who.int/icd/release/11/mms/826915709	PK93.1		"- - - - Gastroenterology or urology devices associated with injury or harm, therapeutic, nonsurgical or rehabilitative devices"	category	2	False	23	"=hyperlink(""https://icd.who.int/browse11/l-m/en#/http%3A%2F%2Fid.who.int%2Ficd%2Fentity%2F826915709"",""browser"")"	False	True	BlockL1-PK8	BlockL2-PK9			
http://id.who.int/icd/entity/36166223	http://id.who.int/icd/release/11/mms/36166223	PK93.10		"- - - - - Gastroenterology or urology devices associated with injury or harm, urinary catheter"	category	3	False	23	"=hyperlink(""https://icd.who.int/browse11/l-m/en#/http%3A%2F%2Fid.who.int%2Ficd%2Fentity%2F36166223"",""browser"")"	True	True	BlockL1-PK8	BlockL2-PK9			
	http://id.who.int/icd/release/11/mms/826915709/other	PK93.1Y		"- - - - - Other specified gastroenterology or urology devices associated with injury or harm, therapeutic, nonsurgical or rehabilitative devices"	category	3	True	23	"=hyperlink(""https://icd.who.int/browse11/l-m/en#/http%3A%2F%2Fid.who.int%2Ficd%2Fentity%2F826915709%2Fmms%2Fother"",""browser"")"	True	True	BlockL1-PK8	BlockL2-PK9			
	http://id.who.int/icd/release/11/mms/826915709/unspecified	PK93.1Z		"- - - - - Gastroenterology or urology devices associated with injury or harm, therapeutic, nonsurgical or rehabilitative devices, unspecified"	category	3	True	23	"=hyperlink(""https://icd.who.int/browse11/l-m/en#/http%3A%2F%2Fid.who.int%2Ficd%2Fentity%2F826915709%2Fmms%2Funspecified"",""browser"")"	True	True	BlockL1-PK8	BlockL2-PK9			
http://id.who.int/icd/entity/1172630404	http://id.who.int/icd/release/11/mms/1172630404	PK93.2		"- - - - Gastroenterology or urology devices associated with injury or harm, prosthetic or other implants, materials or accessory devices"	category	2	False	23	"=hyperlink(""https://icd.who.int/browse11/l-m/en#/http%3A%2F%2Fid.who.int%2Ficd%2Fentity%2F1172630404"",""browser"")"	True	True	BlockL1-PK8	BlockL2-PK9			
http://id.who.int/icd/entity/548349462	http://id.who.int/icd/release/11/mms/548349462	PK93.3		"- - - - Gastroenterology or urology devices associated with injury or harm, surgical instruments, materials or devices"	category	2	False	23	"=hyperlink(""https://icd.who.int/browse11/l-m/en#/http%3A%2F%2Fid.who.int%2Ficd%2Fentity%2F548349462"",""browser"")"	True	True	BlockL1-PK8	BlockL2-PK9			
http://id.who.int/icd/entity/1518727231	http://id.who.int/icd/release/11/mms/1518727231	PK93.4		"- - - - Gastroenterology or urology devices associated with injury or harm, miscellaneous devices, not elsewhere classified"	category	2	False	23	"=hyperlink(""https://icd.who.int/browse11/l-m/en#/http%3A%2F%2Fid.who.int%2Ficd%2Fentity%2F1518727231"",""browser"")"	True	True	BlockL1-PK8	BlockL2-PK9			
	http://id.who.int/icd/release/11/mms/1714240195/other	PK93.Y		"- - - - Other specified gastroenterology or urology devices, implants or grafts associated with injury or harm"	category	2	True	23	"=hyperlink(""https://icd.who.int/browse11/l-m/en#/http%3A%2F%2Fid.who.int%2Ficd%2Fentity%2F1714240195%2Fmms%2Fother"",""browser"")"	True	True	BlockL1-PK8	BlockL2-PK9			
	http://id.who.int/icd/release/11/mms/1714240195/unspecified	PK93.Z		"- - - - Gastroenterology or urology devices, implants or grafts associated with injury or harm, unspecified"	category	2	True	23	"=hyperlink(""https://icd.who.int/browse11/l-m/en#/http%3A%2F%2Fid.who.int%2Ficd%2Fentity%2F1714240195%2Fmms%2Funspecified"",""browser"")"	True	True	BlockL1-PK8	BlockL2-PK9			
http://id.who.int/icd/entity/365144407	http://id.who.int/icd/release/11/mms/365144407	PK94		"- - - General hospital or personal use devices associated with injury or harm"	category	1	False	23	"=hyperlink(""https://icd.who.int/browse11/l-m/en#/http%3A%2F%2Fid.who.int%2Ficd%2Fentity%2F365144407"",""browser"")"	False	True	BlockL1-PK8	BlockL2-PK9			
http://id.who.int/icd/entity/1870333865	http://id.who.int/icd/release/11/mms/1870333865	PK94.0		"- - - - General hospital or personal use devices associated with injury or harm, diagnostic or monitoring devices"	category	2	False	23	"=hyperlink(""https://icd.who.int/browse11/l-m/en#/http%3A%2F%2Fid.who.int%2Ficd%2Fentity%2F1870333865"",""browser"")"	True	True	BlockL1-PK8	BlockL2-PK9			
http://id.who.int/icd/entity/170969661	http://id.who.int/icd/release/11/mms/170969661	PK94.1		"- - - - General hospital or personal use devices associated with injury or harm, therapeutic, nonsurgical or rehabilitative devices"	category	2	False	23	"=hyperlink(""https://icd.who.int/browse11/l-m/en#/http%3A%2F%2Fid.who.int%2Ficd%2Fentity%2F170969661"",""browser"")"	True	True	BlockL1-PK8	BlockL2-PK9			
http://id.who.int/icd/entity/2124257986	http://id.who.int/icd/release/11/mms/2124257986	PK94.2		"- - - - General hospital or personal use devices associated with injury or harm, prosthetic or other implants, materials or accessory devices"	category	2	False	23	"=hyperlink(""https://icd.who.int/browse11/l-m/en#/http%3A%2F%2Fid.who.int%2Ficd%2Fentity%2F2124257986"",""browser"")"	True	True	BlockL1-PK8	BlockL2-PK9			
http://id.who.int/icd/entity/467031896	http://id.who.int/icd/release/11/mms/467031896	PK94.3		"- - - - General hospital or personal use devices associated with injury or harm, surgical instruments, materials or devices"	category	2	False	23	"=hyperlink(""https://icd.who.int/browse11/l-m/en#/http%3A%2F%2Fid.who.int%2Ficd%2Fentity%2F467031896"",""browser"")"	True	True	BlockL1-PK8	BlockL2-PK9			
http://id.who.int/icd/entity/1643938175	http://id.who.int/icd/release/11/mms/1643938175	PK94.4		"- - - - General hospital or personal use devices associated with injury or harm, miscellaneous devices, not elsewhere classified"	category	2	False	23	"=hyperlink(""https://icd.who.int/browse11/l-m/en#/http%3A%2F%2Fid.who.int%2Ficd%2Fentity%2F1643938175"",""browser"")"	True	True	BlockL1-PK8	BlockL2-PK9			
	http://id.who.int/icd/release/11/mms/365144407/other	PK94.Y		"- - - - Other specified general hospital or personal use devices associated with injury or harm"	category	2	True	23	"=hyperlink(""https://icd.who.int/browse11/l-m/en#/http%3A%2F%2Fid.who.int%2Ficd%2Fentity%2F365144407%2Fmms%2Fother"",""browser"")"	True	True	BlockL1-PK8	BlockL2-PK9			
	http://id.who.int/icd/release/11/mms/365144407/unspecified	PK94.Z		"- - - - General hospital or personal use devices associated with injury or harm, unspecified"	category	2	True	23	"=hyperlink(""https://icd.who.int/browse11/l-m/en#/http%3A%2F%2Fid.who.int%2Ficd%2Fentity%2F365144407%2Fmms%2Funspecified"",""browser"")"	True	True	BlockL1-PK8	BlockL2-PK9			
http://id.who.int/icd/entity/1887986883	http://id.who.int/icd/release/11/mms/1887986883	PK95		"- - - Neurological devices, implants or grafts associated with injury or harm"	category	1	False	23	"=hyperlink(""https://icd.who.int/browse11/l-m/en#/http%3A%2F%2Fid.who.int%2Ficd%2Fentity%2F1887986883"",""browser"")"	False	True	BlockL1-PK8	BlockL2-PK9			
http://id.who.int/icd/entity/1938018088	http://id.who.int/icd/release/11/mms/1938018088	PK95.0		"- - - - Neurological devices associated with injury or harm, diagnostic or monitoring devices"	category	2	False	23	"=hyperlink(""https://icd.who.int/browse11/l-m/en#/http%3A%2F%2Fid.who.int%2Ficd%2Fentity%2F1938018088"",""browser"")"	True	True	BlockL1-PK8	BlockL2-PK9			
http://id.who.int/icd/entity/382206654	http://id.who.int/icd/release/11/mms/382206654	PK95.1		"- - - - Neurological devices associated with injury or harm, therapeutic, nonsurgical or rehabilitative devices"	category	2	False	23	"=hyperlink(""https://icd.who.int/browse11/l-m/en#/http%3A%2F%2Fid.who.int%2Ficd%2Fentity%2F382206654"",""browser"")"	True	True	BlockL1-PK8	BlockL2-PK9			
http://id.who.int/icd/entity/1650807363	http://id.who.int/icd/release/11/mms/1650807363	PK95.2		"- - - - Neurological devices associated with injury or harm, prosthetic or other implants, materials or accessory devices"	category	2	False	23	"=hyperlink(""https://icd.who.int/browse11/l-m/en#/http%3A%2F%2Fid.who.int%2Ficd%2Fentity%2F1650807363"",""browser"")"	False	True	BlockL1-PK8	BlockL2-PK9			
http://id.who.int/icd/entity/626856748	http://id.who.int/icd/release/11/mms/626856748	PK95.20		"- - - - - Neurological devices associated with injury or harm, ventricular shunt"	category	3	False	23	"=hyperlink(""https://icd.who.int/browse11/l-m/en#/http%3A%2F%2Fid.who.int%2Ficd%2Fentity%2F626856748"",""browser"")"	True	True	BlockL1-PK8	BlockL2-PK9			
	http://id.who.int/icd/release/11/mms/1650807363/other	PK95.2Y		"- - - - - Other specified neurological devices associated with injury or harm, prosthetic or other implants, materials or accessory devices"	category	3	True	23	"=hyperlink(""https://icd.who.int/browse11/l-m/en#/http%3A%2F%2Fid.who.int%2Ficd%2Fentity%2F1650807363%2Fmms%2Fother"",""browser"")"	True	True	BlockL1-PK8	BlockL2-PK9			
	http://id.who.int/icd/release/11/mms/1650807363/unspecified	PK95.2Z		"- - - - - Neurological devices associated with injury or harm, prosthetic or other implants, materials or accessory devices, unspecified"	category	3	True	23	"=hyperlink(""https://icd.who.int/browse11/l-m/en#/http%3A%2F%2Fid.who.int%2Ficd%2Fentity%2F1650807363%2Fmms%2Funspecified"",""browser"")"	True	True	BlockL1-PK8	BlockL2-PK9			
http://id.who.int/icd/entity/120496087	http://id.who.int/icd/release/11/mms/120496087	PK95.3		"- - - - Neurological devices associated with injury or harm, surgical instruments, materials or devices"	category	2	False	23	"=hyperlink(""https://icd.who.int/browse11/l-m/en#/http%3A%2F%2Fid.who.int%2Ficd%2Fentity%2F120496087"",""browser"")"	True	True	BlockL1-PK8	BlockL2-PK9			
http://id.who.int/icd/entity/2097433086	http://id.who.int/icd/release/11/mms/2097433086	PK95.4		"- - - - Neurological devices associated with injury or harm, miscellaneous devices, not elsewhere classified"	category	2	False	23	"=hyperlink(""https://icd.who.int/browse11/l-m/en#/http%3A%2F%2Fid.who.int%2Ficd%2Fentity%2F2097433086"",""browser"")"	True	True	BlockL1-PK8	BlockL2-PK9			
	http://id.who.int/icd/release/11/mms/1887986883/other	PK95.Y		"- - - - Other specified neurological devices, implants or grafts associated with injury or harm"	category	2	True	23	"=hyperlink(""https://icd.who.int/browse11/l-m/en#/http%3A%2F%2Fid.who.int%2Ficd%2Fentity%2F1887986883%2Fmms%2Fother"",""browser"")"	True	True	BlockL1-PK8	BlockL2-PK9			
	http://id.who.int/icd/release/11/mms/1887986883/unspecified	PK95.Z		"- - - - Neurological devices, implants or grafts associated with injury or harm, unspecified"	category	2	True	23	"=hyperlink(""https://icd.who.int/browse11/l-m/en#/http%3A%2F%2Fid.who.int%2Ficd%2Fentity%2F1887986883%2Fmms%2Funspecified"",""browser"")"	True	True	BlockL1-PK8	BlockL2-PK9			
http://id.who.int/icd/entity/69547070	http://id.who.int/icd/release/11/mms/69547070	PK96		"- - - Obstetric or gynaecological devices, implants or grafts associated with injury or harm"	category	1	False	23	"=hyperlink(""https://icd.who.int/browse11/l-m/en#/http%3A%2F%2Fid.who.int%2Ficd%2Fentity%2F69547070"",""browser"")"	False	True	BlockL1-PK8	BlockL2-PK9			
http://id.who.int/icd/entity/1912893208	http://id.who.int/icd/release/11/mms/1912893208	PK96.0		"- - - - Obstetric or gynaecological devices associated with injury or harm, diagnostic or monitoring devices"	category	2	False	23	"=hyperlink(""https://icd.who.int/browse11/l-m/en#/http%3A%2F%2Fid.who.int%2Ficd%2Fentity%2F1912893208"",""browser"")"	True	True	BlockL1-PK8	BlockL2-PK9			
http://id.who.int/icd/entity/391094914	http://id.who.int/icd/release/11/mms/391094914	PK96.1		"- - - - Obstetric or gynaecological devices associated with injury or harm, therapeutic, nonsurgical or rehabilitative devices"	category	2	False	23	"=hyperlink(""https://icd.who.int/browse11/l-m/en#/http%3A%2F%2Fid.who.int%2Ficd%2Fentity%2F391094914"",""browser"")"	True	True	BlockL1-PK8	BlockL2-PK9			
http://id.who.int/icd/entity/1675817597	http://id.who.int/icd/release/11/mms/1675817597	PK96.2		"- - - - Obstetric or gynaecological devices associated with injury or harm, prosthetic or other implants, materials or accessory devices"	category	2	False	23	"=hyperlink(""https://icd.who.int/browse11/l-m/en#/http%3A%2F%2Fid.who.int%2Ficd%2Fentity%2F1675817597"",""browser"")"	True	True	BlockL1-PK8	BlockL2-PK9			
http://id.who.int/icd/entity/111755241	http://id.who.int/icd/release/11/mms/111755241	PK96.3		"- - - - Obstetric or gynaecological devices associated with injury or harm, surgical instruments, materials or devices"	category	2	False	23	"=hyperlink(""https://icd.who.int/browse11/l-m/en#/http%3A%2F%2Fid.who.int%2Ficd%2Fentity%2F111755241"",""browser"")"	True	True	BlockL1-PK8	BlockL2-PK9			
http://id.who.int/icd/entity/2089019842	http://id.who.int/icd/release/11/mms/2089019842	PK96.4		"- - - - Obstetric or gynaecological devices associated with injury or harm, miscellaneous devices, not elsewhere classified"	category	2	False	23	"=hyperlink(""https://icd.who.int/browse11/l-m/en#/http%3A%2F%2Fid.who.int%2Ficd%2Fentity%2F2089019842"",""browser"")"	True	True	BlockL1-PK8	BlockL2-PK9			
	http://id.who.int/icd/release/11/mms/69547070/other	PK96.Y		"- - - - Other specified obstetric or gynaecological devices, implants or grafts associated with injury or harm"	category	2	True	23	"=hyperlink(""https://icd.who.int/browse11/l-m/en#/http%3A%2F%2Fid.who.int%2Ficd%2Fentity%2F69547070%2Fmms%2Fother"",""browser"")"	True	True	BlockL1-PK8	BlockL2-PK9			
	http://id.who.int/icd/release/11/mms/69547070/unspecified	PK96.Z		"- - - - Obstetric or gynaecological devices, implants or grafts associated with injury or harm, unspecified"	category	2	True	23	"=hyperlink(""https://icd.who.int/browse11/l-m/en#/http%3A%2F%2Fid.who.int%2Ficd%2Fentity%2F69547070%2Fmms%2Funspecified"",""browser"")"	True	True	BlockL1-PK8	BlockL2-PK9			
http://id.who.int/icd/entity/1634662824	http://id.who.int/icd/release/11/mms/1634662824	PK97		"- - - Ophthalmic devices, implants or grafts associated with injury or harm"	category	1	False	23	"=hyperlink(""https://icd.who.int/browse11/l-m/en#/http%3A%2F%2Fid.who.int%2Ficd%2Fentity%2F1634662824"",""browser"")"	False	True	BlockL1-PK8	BlockL2-PK9			
http://id.who.int/icd/entity/1862051735	http://id.who.int/icd/release/11/mms/1862051735	PK97.0		"- - - - Ophthalmic devices associated with injury or harm, diagnostic or monitoring devices"	category	2	False	23	"=hyperlink(""https://icd.who.int/browse11/l-m/en#/http%3A%2F%2Fid.who.int%2Ficd%2Fentity%2F1862051735"",""browser"")"	True	True	BlockL1-PK8	BlockL2-PK9			
http://id.who.int/icd/entity/196569603	http://id.who.int/icd/release/11/mms/196569603	PK97.1		"- - - - Ophthalmic devices associated with injury or harm, therapeutic, nonsurgical or rehabilitative devices"	category	2	False	23	"=hyperlink(""https://icd.who.int/browse11/l-m/en#/http%3A%2F%2Fid.who.int%2Ficd%2Fentity%2F196569603"",""browser"")"	True	True	BlockL1-PK8	BlockL2-PK9			
http://id.who.int/icd/entity/2132425470	http://id.who.int/icd/release/11/mms/2132425470	PK97.2		"- - - - Ophthalmic devices associated with injury or harm, prosthetic or other implants, materials or accessory devices"	category	2	False	23	"=hyperlink(""https://icd.who.int/browse11/l-m/en#/http%3A%2F%2Fid.who.int%2Ficd%2Fentity%2F2132425470"",""browser"")"	True	True	BlockL1-PK8	BlockL2-PK9			
http://id.who.int/icd/entity/441579368	http://id.who.int/icd/release/11/mms/441579368	PK97.3		"- - - - Ophthalmic devices associated with injury or harm, surgical instruments, materials or devices"	category	2	False	23	"=hyperlink(""https://icd.who.int/browse11/l-m/en#/http%3A%2F%2Fid.who.int%2Ficd%2Fentity%2F441579368"",""browser"")"	True	True	BlockL1-PK8	BlockL2-PK9			
http://id.who.int/icd/entity/1618682177	http://id.who.int/icd/release/11/mms/1618682177	PK97.4		"- - - - Ophthalmic devices associated with injury or harm, miscellaneous devices, not elsewhere classified"	category	2	False	23	"=hyperlink(""https://icd.who.int/browse11/l-m/en#/http%3A%2F%2Fid.who.int%2Ficd%2Fentity%2F1618682177"",""browser"")"	True	True	BlockL1-PK8	BlockL2-PK9			
	http://id.who.int/icd/release/11/mms/1634662824/other	PK97.Y		"- - - - Other specified ophthalmic devices, implants or grafts associated with injury or harm"	category	2	True	23	"=hyperlink(""https://icd.who.int/browse11/l-m/en#/http%3A%2F%2Fid.who.int%2Ficd%2Fentity%2F1634662824%2Fmms%2Fother"",""browser"")"	True	True	BlockL1-PK8	BlockL2-PK9			
	http://id.who.int/icd/release/11/mms/1634662824/unspecified	PK97.Z		"- - - - Ophthalmic devices, implants or grafts associated with injury or harm, unspecified"	category	2	True	23	"=hyperlink(""https://icd.who.int/browse11/l-m/en#/http%3A%2F%2Fid.who.int%2Ficd%2Fentity%2F1634662824%2Fmms%2Funspecified"",""browser"")"	True	True	BlockL1-PK8	BlockL2-PK9			
http://id.who.int/icd/entity/470281450	http://id.who.int/icd/release/11/mms/470281450	PK98		"- - - Radiological devices associated with injury or harm"	category	1	False	23	"=hyperlink(""https://icd.who.int/browse11/l-m/en#/http%3A%2F%2Fid.who.int%2Ficd%2Fentity%2F470281450"",""browser"")"	False	True	BlockL1-PK8	BlockL2-PK9			
http://id.who.int/icd/entity/544764971	http://id.who.int/icd/release/11/mms/544764971	PK98.0		"- - - - Radiological devices associated with injury or harm, diagnostic or monitoring devices"	category	2	False	23	"=hyperlink(""https://icd.who.int/browse11/l-m/en#/http%3A%2F%2Fid.who.int%2Ficd%2Fentity%2F544764971"",""browser"")"	True	True	BlockL1-PK8	BlockL2-PK9			
http://id.who.int/icd/entity/1161017791	http://id.who.int/icd/release/11/mms/1161017791	PK98.1		"- - - - Radiological devices associated with injury or harm, therapeutic, nonsurgical or rehabilitative devices"	category	2	False	23	"=hyperlink(""https://icd.who.int/browse11/l-m/en#/http%3A%2F%2Fid.who.int%2Ficd%2Fentity%2F1161017791"",""browser"")"	True	True	BlockL1-PK8	BlockL2-PK9			
http://id.who.int/icd/entity/832497984	http://id.who.int/icd/release/11/mms/832497984	PK98.2		"- - - - Radiological devices associated with injury or harm, prosthetic or other implants, materials or accessory devices"	category	2	False	23	"=hyperlink(""https://icd.who.int/browse11/l-m/en#/http%3A%2F%2Fid.who.int%2Ficd%2Fentity%2F832497984"",""browser"")"	True	True	BlockL1-PK8	BlockL2-PK9			
http://id.who.int/icd/entity/1423254742	http://id.who.int/icd/release/11/mms/1423254742	PK98.3		"- - - - Radiological devices associated with injury or harm, surgical instruments, materials or devices"	category	2	False	23	"=hyperlink(""https://icd.who.int/browse11/l-m/en#/http%3A%2F%2Fid.who.int%2Ficd%2Fentity%2F1423254742"",""browser"")"	True	True	BlockL1-PK8	BlockL2-PK9			
http://id.who.int/icd/entity/788525821	http://id.who.int/icd/release/11/mms/788525821	PK98.4		"- - - - Radiological devices associated with injury or harm, miscellaneous devices, not elsewhere classified"	category	2	False	23	"=hyperlink(""https://icd.who.int/browse11/l-m/en#/http%3A%2F%2Fid.who.int%2Ficd%2Fentity%2F788525821"",""browser"")"	True	True	BlockL1-PK8	BlockL2-PK9			
	http://id.who.int/icd/release/11/mms/470281450/other	PK98.Y		"- - - - Other specified radiological devices associated with injury or harm"	category	2	True	23	"=hyperlink(""https://icd.who.int/browse11/l-m/en#/http%3A%2F%2Fid.who.int%2Ficd%2Fentity%2F470281450%2Fmms%2Fother"",""browser"")"	True	True	BlockL1-PK8	BlockL2-PK9			
	http://id.who.int/icd/release/11/mms/470281450/unspecified	PK98.Z		"- - - - Radiological devices associated with injury or harm, unspecified"	category	2	True	23	"=hyperlink(""https://icd.who.int/browse11/l-m/en#/http%3A%2F%2Fid.who.int%2Ficd%2Fentity%2F470281450%2Fmms%2Funspecified"",""browser"")"	True	True	BlockL1-PK8	BlockL2-PK9			
http://id.who.int/icd/entity/2035032448	http://id.who.int/icd/release/11/mms/2035032448	PK99		"- - - Orthopaedic devices, implants or grafts associated with injury or harm"	category	1	False	23	"=hyperlink(""https://icd.who.int/browse11/l-m/en#/http%3A%2F%2Fid.who.int%2Ficd%2Fentity%2F2035032448"",""browser"")"	False	True	BlockL1-PK8	BlockL2-PK9			
http://id.who.int/icd/entity/1015069866	http://id.who.int/icd/release/11/mms/1015069866	PK99.0		"- - - - Orthopaedic devices associated with injury or harm, diagnostic or monitoring devices"	category	2	False	23	"=hyperlink(""https://icd.who.int/browse11/l-m/en#/http%3A%2F%2Fid.who.int%2Ficd%2Fentity%2F1015069866"",""browser"")"	True	True	BlockL1-PK8	BlockL2-PK9			
http://id.who.int/icd/entity/1506505024	http://id.who.int/icd/release/11/mms/1506505024	PK99.1		"- - - - Orthopaedic devices associated with injury or harm, therapeutic, nonsurgical or rehabilitative devices"	category	2	False	23	"=hyperlink(""https://icd.who.int/browse11/l-m/en#/http%3A%2F%2Fid.who.int%2Ficd%2Fentity%2F1506505024"",""browser"")"	True	True	BlockL1-PK8	BlockL2-PK9			
http://id.who.int/icd/entity/761668033	http://id.who.int/icd/release/11/mms/761668033	PK99.2		"- - - - Orthopaedic devices associated with injury or harm, prosthetic or other implants, materials or accessory devices"	category	2	False	23	"=hyperlink(""https://icd.who.int/browse11/l-m/en#/http%3A%2F%2Fid.who.int%2Ficd%2Fentity%2F761668033"",""browser"")"	True	True	BlockL1-PK8	BlockL2-PK9			
http://id.who.int/icd/entity/1210969173	http://id.who.int/icd/release/11/mms/1210969173	PK99.3		"- - - - Orthopaedic devices associated with injury or harm, surgical instruments, materials or devices"	category	2	False	23	"=hyperlink(""https://icd.who.int/browse11/l-m/en#/http%3A%2F%2Fid.who.int%2Ficd%2Fentity%2F1210969173"",""browser"")"	True	True	BlockL1-PK8	BlockL2-PK9			
http://id.who.int/icd/entity/839334524	http://id.who.int/icd/release/11/mms/839334524	PK99.4		"- - - - Orthopaedic devices associated with injury or harm, miscellaneous devices, not elsewhere classified"	category	2	False	23	"=hyperlink(""https://icd.who.int/browse11/l-m/en#/http%3A%2F%2Fid.who.int%2Ficd%2Fentity%2F839334524"",""browser"")"	True	True	BlockL1-PK8	BlockL2-PK9			
	http://id.who.int/icd/release/11/mms/2035032448/other	PK99.Y		"- - - - Other specified orthopaedic devices, implants or grafts associated with injury or harm"	category	2	True	23	"=hyperlink(""https://icd.who.int/browse11/l-m/en#/http%3A%2F%2Fid.who.int%2Ficd%2Fentity%2F2035032448%2Fmms%2Fother"",""browser"")"	True	True	BlockL1-PK8	BlockL2-PK9			
	http://id.who.int/icd/release/11/mms/2035032448/unspecified	PK99.Z		"- - - - Orthopaedic devices, implants or grafts associated with injury or harm, unspecified"	category	2	True	23	"=hyperlink(""https://icd.who.int/browse11/l-m/en#/http%3A%2F%2Fid.who.int%2Ficd%2Fentity%2F2035032448%2Fmms%2Funspecified"",""browser"")"	True	True	BlockL1-PK8	BlockL2-PK9			
http://id.who.int/icd/entity/1122836935	http://id.who.int/icd/release/11/mms/1122836935	PK9A		"- - - Physical medicine devices associated with injury or harm"	category	1	False	23	"=hyperlink(""https://icd.who.int/browse11/l-m/en#/http%3A%2F%2Fid.who.int%2Ficd%2Fentity%2F1122836935"",""browser"")"	False	True	BlockL1-PK8	BlockL2-PK9			
http://id.who.int/icd/entity/1525537078	http://id.who.int/icd/release/11/mms/1525537078	PK9A.0		"- - - - Physical medicine devices associated with injury or harm, diagnostic or monitoring devices"	category	2	False	23	"=hyperlink(""https://icd.who.int/browse11/l-m/en#/http%3A%2F%2Fid.who.int%2Ficd%2Fentity%2F1525537078"",""browser"")"	True	True	BlockL1-PK8	BlockL2-PK9			
http://id.who.int/icd/entity/1067848868	http://id.who.int/icd/release/11/mms/1067848868	PK9A.1		"- - - - Physical medicine devices associated with injury or harm, therapeutic, nonsurgical or rehabilitative devices"	category	2	False	23	"=hyperlink(""https://icd.who.int/browse11/l-m/en#/http%3A%2F%2Fid.who.int%2Ficd%2Fentity%2F1067848868"",""browser"")"	True	True	BlockL1-PK8	BlockL2-PK9			
http://id.who.int/icd/entity/1259029597	http://id.who.int/icd/release/11/mms/1259029597	PK9A.2		"- - - - Physical medicine devices associated with injury or harm, prosthetic or other implants, materials or accessory devices"	category	2	False	23	"=hyperlink(""https://icd.who.int/browse11/l-m/en#/http%3A%2F%2Fid.who.int%2Ficd%2Fentity%2F1259029597"",""browser"")"	False	True	BlockL1-PK8	BlockL2-PK9			
http://id.who.int/icd/entity/532500734	http://id.who.int/icd/release/11/mms/532500734	PK9A.20		"- - - - - Communication system devices associated with adverse incidents"	category	3	False	23	"=hyperlink(""https://icd.who.int/browse11/l-m/en#/http%3A%2F%2Fid.who.int%2Ficd%2Fentity%2F532500734"",""browser"")"	True	True	BlockL1-PK8	BlockL2-PK9			
http://id.who.int/icd/entity/74700774	http://id.who.int/icd/release/11/mms/74700774	PK9A.21		"- - - - - Communication system devices associated with adverse incidents in a physical medicine care environment"	category	3	False	23	"=hyperlink(""https://icd.who.int/browse11/l-m/en#/http%3A%2F%2Fid.who.int%2Ficd%2Fentity%2F74700774"",""browser"")"	True	True	BlockL1-PK8	BlockL2-PK9			
http://id.who.int/icd/entity/982906286	http://id.who.int/icd/release/11/mms/982906286	PK9A.22		"- - - - - Environmental control system devices associated with adverse incidents"	category	3	False	23	"=hyperlink(""https://icd.who.int/browse11/l-m/en#/http%3A%2F%2Fid.who.int%2Ficd%2Fentity%2F982906286"",""browser"")"	True	True	BlockL1-PK8	BlockL2-PK9			
http://id.who.int/icd/entity/965417291	http://id.who.int/icd/release/11/mms/965417291	PK9A.23		"- - - - - Mobility aids associated with adverse incidents"	category	3	False	23	"=hyperlink(""https://icd.who.int/browse11/l-m/en#/http%3A%2F%2Fid.who.int%2Ficd%2Fentity%2F965417291"",""browser"")"	True	True	BlockL1-PK8	BlockL2-PK9			
http://id.who.int/icd/entity/692158717	http://id.who.int/icd/release/11/mms/692158717	PK9A.24		"- - - - - Orthotic devices associated with adverse incidents"	category	3	False	23	"=hyperlink(""https://icd.who.int/browse11/l-m/en#/http%3A%2F%2Fid.who.int%2Ficd%2Fentity%2F692158717"",""browser"")"	True	True	BlockL1-PK8	BlockL2-PK9			
	http://id.who.int/icd/release/11/mms/1259029597/other	PK9A.2Y		"- - - - - Other specified physical medicine devices associated with injury or harm, prosthetic or other implants, materials or accessory devices"	category	3	True	23	"=hyperlink(""https://icd.who.int/browse11/l-m/en#/http%3A%2F%2Fid.who.int%2Ficd%2Fentity%2F1259029597%2Fmms%2Fother"",""browser"")"	True	True	BlockL1-PK8	BlockL2-PK9			
	http://id.who.int/icd/release/11/mms/1259029597/unspecified	PK9A.2Z		"- - - - - Physical medicine devices associated with injury or harm, prosthetic or other implants, materials or accessory devices, unspecified"	category	3	True	23	"=hyperlink(""https://icd.who.int/browse11/l-m/en#/http%3A%2F%2Fid.who.int%2Ficd%2Fentity%2F1259029597%2Fmms%2Funspecified"",""browser"")"	True	True	BlockL1-PK8	BlockL2-PK9			
http://id.who.int/icd/entity/775981513	http://id.who.int/icd/release/11/mms/775981513	PK9A.3		"- - - - Physical medicine devices associated with injury or harm, surgical instruments, materials or devices"	category	2	False	23	"=hyperlink(""https://icd.who.int/browse11/l-m/en#/http%3A%2F%2Fid.who.int%2Ficd%2Fentity%2F775981513"",""browser"")"	True	True	BlockL1-PK8	BlockL2-PK9			
http://id.who.int/icd/entity/1416257504	http://id.who.int/icd/release/11/mms/1416257504	PK9A.4		"- - - - Physical medicine devices associated with injury or harm, miscellaneous devices, not elsewhere classified"	category	2	False	23	"=hyperlink(""https://icd.who.int/browse11/l-m/en#/http%3A%2F%2Fid.who.int%2Ficd%2Fentity%2F1416257504"",""browser"")"	True	True	BlockL1-PK8	BlockL2-PK9			
	http://id.who.int/icd/release/11/mms/1122836935/other	PK9A.Y		"- - - - Other specified physical medicine devices associated with injury or harm"	category	2	True	23	"=hyperlink(""https://icd.who.int/browse11/l-m/en#/http%3A%2F%2Fid.who.int%2Ficd%2Fentity%2F1122836935%2Fmms%2Fother"",""browser"")"	True	True	BlockL1-PK8	BlockL2-PK9			
	http://id.who.int/icd/release/11/mms/1122836935/unspecified	PK9A.Z		"- - - - Physical medicine devices associated with injury or harm, unspecified"	category	2	True	23	"=hyperlink(""https://icd.who.int/browse11/l-m/en#/http%3A%2F%2Fid.who.int%2Ficd%2Fentity%2F1122836935%2Fmms%2Funspecified"",""browser"")"	True	True	BlockL1-PK8	BlockL2-PK9			
http://id.who.int/icd/entity/665250899	http://id.who.int/icd/release/11/mms/665250899	PK9B		"- - - General or plastic surgery devices, implants or grafts associated with injury or harm"	category	1	False	23	"=hyperlink(""https://icd.who.int/browse11/l-m/en#/http%3A%2F%2Fid.who.int%2Ficd%2Fentity%2F665250899"",""browser"")"	False	True	BlockL1-PK8	BlockL2-PK9			
http://id.who.int/icd/entity/1175785911	http://id.who.int/icd/release/11/mms/1175785911	PK9B.0		"- - - - General or plastic surgery devices associated with injury or harm, diagnostic or monitoring devices"	category	2	False	23	"=hyperlink(""https://icd.who.int/browse11/l-m/en#/http%3A%2F%2Fid.who.int%2Ficd%2Fentity%2F1175785911"",""browser"")"	True	True	BlockL1-PK8	BlockL2-PK9			
http://id.who.int/icd/entity/593419299	http://id.who.int/icd/release/11/mms/593419299	PK9B.1		"- - - - General or plastic surgery devices associated with injury or harm, therapeutic, nonsurgical or rehabilitative devices"	category	2	False	23	"=hyperlink(""https://icd.who.int/browse11/l-m/en#/http%3A%2F%2Fid.who.int%2Ficd%2Fentity%2F593419299"",""browser"")"	True	True	BlockL1-PK8	BlockL2-PK9			
http://id.who.int/icd/entity/1475579100	http://id.who.int/icd/release/11/mms/1475579100	PK9B.2		"- - - - General or plastic surgery devices associated with injury or harm, prosthetic or other implants, materials or accessory devices"	category	2	False	23	"=hyperlink(""https://icd.who.int/browse11/l-m/en#/http%3A%2F%2Fid.who.int%2Ficd%2Fentity%2F1475579100"",""browser"")"	True	True	BlockL1-PK8	BlockL2-PK9			
http://id.who.int/icd/entity/850936138	http://id.who.int/icd/release/11/mms/850936138	PK9B.3		"- - - - General or plastic surgery devices associated with injury or harm, surgical instruments, materials or devices"	category	2	False	23	"=hyperlink(""https://icd.who.int/browse11/l-m/en#/http%3A%2F%2Fid.who.int%2Ficd%2Fentity%2F850936138"",""browser"")"	True	True	BlockL1-PK8	BlockL2-PK9			
http://id.who.int/icd/entity/1217566561	http://id.who.int/icd/release/11/mms/1217566561	PK9B.4		"- - - - General or plastic surgery devices associated with injury or harm, miscellaneous devices, not elsewhere classified"	category	2	False	23	"=hyperlink(""https://icd.who.int/browse11/l-m/en#/http%3A%2F%2Fid.who.int%2Ficd%2Fentity%2F1217566561"",""browser"")"	True	True	BlockL1-PK8	BlockL2-PK9			
	http://id.who.int/icd/release/11/mms/665250899/other	PK9B.Y		"- - - - Other specified general or plastic surgery devices, implants or grafts associated with injury or harm"	category	2	True	23	"=hyperlink(""https://icd.who.int/browse11/l-m/en#/http%3A%2F%2Fid.who.int%2Ficd%2Fentity%2F665250899%2Fmms%2Fother"",""browser"")"	True	True	BlockL1-PK8	BlockL2-PK9			
	http://id.who.int/icd/release/11/mms/665250899/unspecified	PK9B.Z		"- - - - General or plastic surgery devices, implants or grafts associated with injury or harm, unspecified"	category	2	True	23	"=hyperlink(""https://icd.who.int/browse11/l-m/en#/http%3A%2F%2Fid.who.int%2Ficd%2Fentity%2F665250899%2Fmms%2Funspecified"",""browser"")"	True	True	BlockL1-PK8	BlockL2-PK9			
http://id.who.int/icd/entity/1393278124	http://id.who.int/icd/release/11/mms/1393278124	PK9C		"- - - Other or unspecified medical devices, implants or grafts associated with injury or harm"	category	1	False	23	"=hyperlink(""https://icd.who.int/browse11/l-m/en#/http%3A%2F%2Fid.who.int%2Ficd%2Fentity%2F1393278124"",""browser"")"	False	True	BlockL1-PK8	BlockL2-PK9			
http://id.who.int/icd/entity/1200796041	http://id.who.int/icd/release/11/mms/1200796041	PK9C.0		"- - - - Other or unspecified medical devices associated with injury or harm, diagnostic or monitoring devices"	category	2	False	23	"=hyperlink(""https://icd.who.int/browse11/l-m/en#/http%3A%2F%2Fid.who.int%2Ficd%2Fentity%2F1200796041"",""browser"")"	True	True	BlockL1-PK8	BlockL2-PK9			
http://id.who.int/icd/entity/584678429	http://id.who.int/icd/release/11/mms/584678429	PK9C.1		"- - - - Other or unspecified medical devices associated with injury or harm, therapeutic, nonsurgical or rehabilitative devices"	category	2	False	23	"=hyperlink(""https://icd.who.int/browse11/l-m/en#/http%3A%2F%2Fid.who.int%2Ficd%2Fentity%2F584678429"",""browser"")"	True	True	BlockL1-PK8	BlockL2-PK9			
http://id.who.int/icd/entity/1450454244	http://id.who.int/icd/release/11/mms/1450454244	PK9C.2		"- - - - Other or unspecified medical devices associated with injury or harm, prosthetic or other implants, materials or accessory devices"	category	2	False	23	"=hyperlink(""https://icd.who.int/browse11/l-m/en#/http%3A%2F%2Fid.who.int%2Ficd%2Fentity%2F1450454244"",""browser"")"	True	True	BlockL1-PK8	BlockL2-PK9			
http://id.who.int/icd/entity/859824502	http://id.who.int/icd/release/11/mms/859824502	PK9C.3		"- - - - Other or unspecified medical devices associated with injury or harm, surgical instruments, materials or devices"	category	2	False	23	"=hyperlink(""https://icd.who.int/browse11/l-m/en#/http%3A%2F%2Fid.who.int%2Ficd%2Fentity%2F859824502"",""browser"")"	False	True	BlockL1-PK8	BlockL2-PK9			
http://id.who.int/icd/entity/47938444	http://id.who.int/icd/release/11/mms/47938444	PK9C.30		"- - - - - Mechanical complication of nonabsorbable surgical material, not otherwise specified"	category	3	False	23	"=hyperlink(""https://icd.who.int/browse11/l-m/en#/http%3A%2F%2Fid.who.int%2Ficd%2Fentity%2F47938444"",""browser"")"	True	True	BlockL1-PK8	BlockL2-PK9			
http://id.who.int/icd/entity/1276658233	http://id.who.int/icd/release/11/mms/1276658233	PK9C.31		"- - - - - Mechanical complication of permanent sutures"	category	3	False	23	"=hyperlink(""https://icd.who.int/browse11/l-m/en#/http%3A%2F%2Fid.who.int%2Ficd%2Fentity%2F1276658233"",""browser"")"	True	True	BlockL1-PK8	BlockL2-PK9			
	http://id.who.int/icd/release/11/mms/859824502/other	PK9C.3Y		"- - - - - Other specified other or unspecified medical devices associated with injury or harm, surgical instruments, materials or devices"	category	3	True	23	"=hyperlink(""https://icd.who.int/browse11/l-m/en#/http%3A%2F%2Fid.who.int%2Ficd%2Fentity%2F859824502%2Fmms%2Fother"",""browser"")"	True	True	BlockL1-PK8	BlockL2-PK9			
	http://id.who.int/icd/release/11/mms/859824502/unspecified	PK9C.3Z		"- - - - - Other or unspecified medical devices associated with injury or harm, surgical instruments, materials or devices, unspecified"	category	3	True	23	"=hyperlink(""https://icd.who.int/browse11/l-m/en#/http%3A%2F%2Fid.who.int%2Ficd%2Fentity%2F859824502%2Fmms%2Funspecified"",""browser"")"	True	True	BlockL1-PK8	BlockL2-PK9			
http://id.who.int/icd/entity/1226127199	http://id.who.int/icd/release/11/mms/1226127199	PK9C.4		"- - - - Other or unspecified medical devices associated with injury or harm, miscellaneous devices, not elsewhere classified"	category	2	False	23	"=hyperlink(""https://icd.who.int/browse11/l-m/en#/http%3A%2F%2Fid.who.int%2Ficd%2Fentity%2F1226127199"",""browser"")"	True	True	BlockL1-PK8	BlockL2-PK9			
http://id.who.int/icd/entity/1583926619	http://id.who.int/icd/release/11/mms/1583926619		BlockL2-PL0	"- - Substances associated with injury or harm in therapeutic use"	block	2	False	23	"=hyperlink(""https://icd.who.int/browse11/l-m/en#/http%3A%2F%2Fid.who.int%2Ficd%2Fentity%2F1583926619"",""browser"")"	False		BlockL1-PK8				
http://id.who.int/icd/entity/1158914813	http://id.who.int/icd/release/11/mms/1158914813	PL00		"- - - Drugs, medicaments or biological substances associated with injury or harm in therapeutic use"	category	1	False	23	"=hyperlink(""https://icd.who.int/browse11/l-m/en#/http%3A%2F%2Fid.who.int%2Ficd%2Fentity%2F1158914813"",""browser"")"	True	True	BlockL1-PK8	BlockL2-PL0			
http://id.who.int/icd/entity/1612209162	http://id.who.int/icd/release/11/mms/1612209162	PL01		"- - - Complementary or traditional medicines associated with injury or harm in therapeutic use"	category	1	False	23	"=hyperlink(""https://icd.who.int/browse11/l-m/en#/http%3A%2F%2Fid.who.int%2Ficd%2Fentity%2F1612209162"",""browser"")"	False	True	BlockL1-PK8	BlockL2-PL0			
http://id.who.int/icd/entity/552516464	http://id.who.int/icd/release/11/mms/552516464	PL01.0		"- - - - Complementary or traditional medicines associated with injury or harm in therapeutic use, Herbal Preparations or Formulas"	category	2	False	23	"=hyperlink(""https://icd.who.int/browse11/l-m/en#/http%3A%2F%2Fid.who.int%2Ficd%2Fentity%2F552516464"",""browser"")"	True	True	BlockL1-PK8	BlockL2-PL0			
http://id.who.int/icd/entity/1750503431	http://id.who.int/icd/release/11/mms/1750503431	PL01.1		"- - - - Complementary or traditional medicines associated with injury or harm in therapeutic use, Dietary Supplements, Vitamins or Minerals"	category	2	False	23	"=hyperlink(""https://icd.who.int/browse11/l-m/en#/http%3A%2F%2Fid.who.int%2Ficd%2Fentity%2F1750503431"",""browser"")"	True	True	BlockL1-PK8	BlockL2-PL0			
http://id.who.int/icd/entity/83756438	http://id.who.int/icd/release/11/mms/83756438	PL01.2		"- - - - Complementary or traditional medicines associated with injury or harm in therapeutic use, Complementary or Traditional Medicines, not elsewhere classified"	category	2	False	23	"=hyperlink(""https://icd.who.int/browse11/l-m/en#/http%3A%2F%2Fid.who.int%2Ficd%2Fentity%2F83756438"",""browser"")"	True	True	BlockL1-PK8	BlockL2-PL0			
	http://id.who.int/icd/release/11/mms/1612209162/other	PL01.Y		"- - - - Other specified complementary or traditional medicines associated with injury or harm in therapeutic use"	category	2	True	23	"=hyperlink(""https://icd.who.int/browse11/l-m/en#/http%3A%2F%2Fid.who.int%2Ficd%2Fentity%2F1612209162%2Fmms%2Fother"",""browser"")"	True	True	BlockL1-PK8	BlockL2-PL0			
	http://id.who.int/icd/release/11/mms/1612209162/unspecified	PL01.Z		"- - - - Complementary or traditional medicines associated with injury or harm in therapeutic use, unspecified"	category	2	True	23	"=hyperlink(""https://icd.who.int/browse11/l-m/en#/http%3A%2F%2Fid.who.int%2Ficd%2Fentity%2F1612209162%2Fmms%2Funspecified"",""browser"")"	True	True	BlockL1-PK8	BlockL2-PL0			
	http://id.who.int/icd/release/11/mms/1583926619/unspecified	PL0Z		"- - - Substances associated with injury or harm in therapeutic use, unspecified"	category	1	True	23	"=hyperlink(""https://icd.who.int/browse11/l-m/en#/http%3A%2F%2Fid.who.int%2Ficd%2Fentity%2F1583926619%2Fmms%2Funspecified"",""browser"")"	True	True	BlockL1-PK8	BlockL2-PL0			
http://id.who.int/icd/entity/2024436666	http://id.who.int/icd/release/11/mms/2024436666	PL10		"- - Other health care related causes of injury or harm"	category	1	False	23	"=hyperlink(""https://icd.who.int/browse11/l-m/en#/http%3A%2F%2Fid.who.int%2Ficd%2Fentity%2F2024436666"",""browser"")"	True	True	BlockL1-PK8				
http://id.who.int/icd/entity/1162198017	http://id.who.int/icd/release/11/mms/1162198017	PL11		"- - Mode of injury or harm associated with a surgical or other medical procedure"	category	1	False	23	"=hyperlink(""https://icd.who.int/browse11/l-m/en#/http%3A%2F%2Fid.who.int%2Ficd%2Fentity%2F1162198017"",""browser"")"	False	True	BlockL1-PK8				
http://id.who.int/icd/entity/279160930	http://id.who.int/icd/release/11/mms/279160930	PL11.0		"- - - Cut, puncture or tear, as mode of injury or harm"	category	2	False	23	"=hyperlink(""https://icd.who.int/browse11/l-m/en#/http%3A%2F%2Fid.who.int%2Ficd%2Fentity%2F279160930"",""browser"")"	True	True	BlockL1-PK8				
http://id.who.int/icd/entity/387174738	http://id.who.int/icd/release/11/mms/387174738	PL11.1		"- - - Burn arising during procedure, as mode of injury or harm"	category	2	False	23	"=hyperlink(""https://icd.who.int/browse11/l-m/en#/http%3A%2F%2Fid.who.int%2Ficd%2Fentity%2F387174738"",""browser"")"	True	True	BlockL1-PK8				
http://id.who.int/icd/entity/1474639400	http://id.who.int/icd/release/11/mms/1474639400	PL11.2		"- - - Embolisation, as mode of injury or harm"	category	2	False	23	"=hyperlink(""https://icd.who.int/browse11/l-m/en#/http%3A%2F%2Fid.who.int%2Ficd%2Fentity%2F1474639400"",""browser"")"	False	True	BlockL1-PK8				
http://id.who.int/icd/entity/357537129	http://id.who.int/icd/release/11/mms/357537129	PL11.20		"- - - - Air embolism, as mode of injury"	category	3	False	23	"=hyperlink(""https://icd.who.int/browse11/l-m/en#/http%3A%2F%2Fid.who.int%2Ficd%2Fentity%2F357537129"",""browser"")"	True	True	BlockL1-PK8				
	http://id.who.int/icd/release/11/mms/1474639400/other	PL11.2Y		"- - - - Other specified embolisation, as mode of injury or harm"	category	3	True	23	"=hyperlink(""https://icd.who.int/browse11/l-m/en#/http%3A%2F%2Fid.who.int%2Ficd%2Fentity%2F1474639400%2Fmms%2Fother"",""browser"")"	True	True	BlockL1-PK8				
	http://id.who.int/icd/release/11/mms/1474639400/unspecified	PL11.2Z		"- - - - Embolisation, as mode of injury or harm, unspecified"	category	3	True	23	"=hyperlink(""https://icd.who.int/browse11/l-m/en#/http%3A%2F%2Fid.who.int%2Ficd%2Fentity%2F1474639400%2Fmms%2Funspecified"",""browser"")"	True	True	BlockL1-PK8				
http://id.who.int/icd/entity/33759817	http://id.who.int/icd/release/11/mms/33759817	PL11.3		"- - - Foreign body accidentally left in body, as mode of injury or harm"	category	2	False	23	"=hyperlink(""https://icd.who.int/browse11/l-m/en#/http%3A%2F%2Fid.who.int%2Ficd%2Fentity%2F33759817"",""browser"")"	True	True	BlockL1-PK8				
http://id.who.int/icd/entity/1281022650	http://id.who.int/icd/release/11/mms/1281022650	PL11.4		"- - - Failure of sterile precautions, as mode of injury or harm"	category	2	False	23	"=hyperlink(""https://icd.who.int/browse11/l-m/en#/http%3A%2F%2Fid.who.int%2Ficd%2Fentity%2F1281022650"",""browser"")"	True	True	BlockL1-PK8				
http://id.who.int/icd/entity/40498080	http://id.who.int/icd/release/11/mms/40498080	PL11.5		"- - - Procedure undertaken at wrong site or wrong side, as mode of injury or harm"	category	2	False	23	"=hyperlink(""https://icd.who.int/browse11/l-m/en#/http%3A%2F%2Fid.who.int%2Ficd%2Fentity%2F40498080"",""browser"")"	True	True	BlockL1-PK8				
http://id.who.int/icd/entity/972666616	http://id.who.int/icd/release/11/mms/972666616	PL11.6		"- - - Pressure, as mode of injury or harm"	category	2	False	23	"=hyperlink(""https://icd.who.int/browse11/l-m/en#/http%3A%2F%2Fid.who.int%2Ficd%2Fentity%2F972666616"",""browser"")"	True	True	BlockL1-PK8				
	http://id.who.int/icd/release/11/mms/1162198017/other	PL11.Y		"- - - Other specified mode of injury or harm associated with a surgical or other medical procedure"	category	2	True	23	"=hyperlink(""https://icd.who.int/browse11/l-m/en#/http%3A%2F%2Fid.who.int%2Ficd%2Fentity%2F1162198017%2Fmms%2Fother"",""browser"")"	True	True	BlockL1-PK8				
	http://id.who.int/icd/release/11/mms/1162198017/unspecified	PL11.Z		"- - - Unspecified mode of injury or harm associated with a surgical or other medical procedure"	category	2	True	23	"=hyperlink(""https://icd.who.int/browse11/l-m/en#/http%3A%2F%2Fid.who.int%2Ficd%2Fentity%2F1162198017%2Fmms%2Funspecified"",""browser"")"	True	True	BlockL1-PK8				
http://id.who.int/icd/entity/431804121	http://id.who.int/icd/release/11/mms/431804121	PL12		"- - Mode of injury or harm associated with a surgical or other medical device, implant or graft"	category	1	False	23	"=hyperlink(""https://icd.who.int/browse11/l-m/en#/http%3A%2F%2Fid.who.int%2Ficd%2Fentity%2F431804121"",""browser"")"	False	True	BlockL1-PK8				
http://id.who.int/icd/entity/1498032547	http://id.who.int/icd/release/11/mms/1498032547	PL12.0		"- - - Structural device failure, as mode of injury or harm"	category	2	False	23	"=hyperlink(""https://icd.who.int/browse11/l-m/en#/http%3A%2F%2Fid.who.int%2Ficd%2Fentity%2F1498032547"",""browser"")"	True	True	BlockL1-PK8				
http://id.who.int/icd/entity/229358592	http://id.who.int/icd/release/11/mms/229358592	PL12.1		"- - - Functional device failure, as mode of injury or harm"	category	2	False	23	"=hyperlink(""https://icd.who.int/browse11/l-m/en#/http%3A%2F%2Fid.who.int%2Ficd%2Fentity%2F229358592"",""browser"")"	True	True	BlockL1-PK8				
http://id.who.int/icd/entity/189059931	http://id.who.int/icd/release/11/mms/189059931	PL12.2		"- - - Perforation or protrusion by device, as mode of injury or harm"	category	2	False	23	"=hyperlink(""https://icd.who.int/browse11/l-m/en#/http%3A%2F%2Fid.who.int%2Ficd%2Fentity%2F189059931"",""browser"")"	True	True	BlockL1-PK8				
http://id.who.int/icd/entity/920519112	http://id.who.int/icd/release/11/mms/920519112	PL12.3		"- - - Obstruction of device, as mode of injury or harm"	category	2	False	23	"=hyperlink(""https://icd.who.int/browse11/l-m/en#/http%3A%2F%2Fid.who.int%2Ficd%2Fentity%2F920519112"",""browser"")"	True	True	BlockL1-PK8				
http://id.who.int/icd/entity/1842385191	http://id.who.int/icd/release/11/mms/1842385191	PL12.4		"- - - Dislodgement, misconnection or de-attachment, as mode of injury or harm"	category	2	False	23	"=hyperlink(""https://icd.who.int/browse11/l-m/en#/http%3A%2F%2Fid.who.int%2Ficd%2Fentity%2F1842385191"",""browser"")"	True	True	BlockL1-PK8				
http://id.who.int/icd/entity/301073110	http://id.who.int/icd/release/11/mms/301073110	PL12.5		"- - - Operator error, as mode of injury or harm"	category	2	False	23	"=hyperlink(""https://icd.who.int/browse11/l-m/en#/http%3A%2F%2Fid.who.int%2Ficd%2Fentity%2F301073110"",""browser"")"	True	True	BlockL1-PK8				
http://id.who.int/icd/entity/943097158	http://id.who.int/icd/release/11/mms/943097158	PL12.6		"- - - Combination or interaction of operator error and device failure, as mode of injury or harm"	category	2	False	23	"=hyperlink(""https://icd.who.int/browse11/l-m/en#/http%3A%2F%2Fid.who.int%2Ficd%2Fentity%2F943097158"",""browser"")"	True	True	BlockL1-PK8				
	http://id.who.int/icd/release/11/mms/431804121/other	PL12.Y		"- - - Other specified mode of injury or harm associated with a surgical or other medical device, implant or graft"	category	2	True	23	"=hyperlink(""https://icd.who.int/browse11/l-m/en#/http%3A%2F%2Fid.who.int%2Ficd%2Fentity%2F431804121%2Fmms%2Fother"",""browser"")"	True	True	BlockL1-PK8				
	http://id.who.int/icd/release/11/mms/431804121/unspecified	PL12.Z		"- - - Mode of injury or harm associated with a surgical or other medical device, implant or graft, unspecified"	category	2	True	23	"=hyperlink(""https://icd.who.int/browse11/l-m/en#/http%3A%2F%2Fid.who.int%2Ficd%2Fentity%2F431804121%2Fmms%2Funspecified"",""browser"")"	True	True	BlockL1-PK8				
http://id.who.int/icd/entity/1323892810	http://id.who.int/icd/release/11/mms/1323892810	PL13		"- - Mode of injury or harm associated with exposure to a drug, medicament or biological substance"	category	1	False	23	"=hyperlink(""https://icd.who.int/browse11/l-m/en#/http%3A%2F%2Fid.who.int%2Ficd%2Fentity%2F1323892810"",""browser"")"	False	True	BlockL1-PK8				
http://id.who.int/icd/entity/11598009	http://id.who.int/icd/release/11/mms/11598009	PL13.0		"- - - Overdose of substance, as mode of injury or harm"	category	2	False	23	"=hyperlink(""https://icd.who.int/browse11/l-m/en#/http%3A%2F%2Fid.who.int%2Ficd%2Fentity%2F11598009"",""browser"")"	True	True	BlockL1-PK8				
http://id.who.int/icd/entity/482307355	http://id.who.int/icd/release/11/mms/482307355	PL13.1		"- - - Underdosing, as mode of injury or harm"	category	2	False	23	"=hyperlink(""https://icd.who.int/browse11/l-m/en#/http%3A%2F%2Fid.who.int%2Ficd%2Fentity%2F482307355"",""browser"")"	True	True	BlockL1-PK8				
http://id.who.int/icd/entity/117473675	http://id.who.int/icd/release/11/mms/117473675	PL13.2		"- - - Drug-related injury or harm in the context of correct administration or dosage, as mode of injury or harm"	category	2	False	23	"=hyperlink(""https://icd.who.int/browse11/l-m/en#/http%3A%2F%2Fid.who.int%2Ficd%2Fentity%2F117473675"",""browser"")"	True	True	BlockL1-PK8				
http://id.who.int/icd/entity/1561862357	http://id.who.int/icd/release/11/mms/1561862357	PL13.3		"- - - Incorrect substance, as mode of injury or harm"	category	2	False	23	"=hyperlink(""https://icd.who.int/browse11/l-m/en#/http%3A%2F%2Fid.who.int%2Ficd%2Fentity%2F1561862357"",""browser"")"	True	True	BlockL1-PK8				
http://id.who.int/icd/entity/1614632087	http://id.who.int/icd/release/11/mms/1614632087	PL13.5		"- - - Incorrect administration of drug or medicament, as mode of injury"	category	2	False	23	"=hyperlink(""https://icd.who.int/browse11/l-m/en#/http%3A%2F%2Fid.who.int%2Ficd%2Fentity%2F1614632087"",""browser"")"	False	True	BlockL1-PK8				
http://id.who.int/icd/entity/1591777504	http://id.who.int/icd/release/11/mms/1591777504	PL13.50		"- - - - Incorrect route of drug or medicament, as mode of injury"	category	3	False	23	"=hyperlink(""https://icd.who.int/browse11/l-m/en#/http%3A%2F%2Fid.who.int%2Ficd%2Fentity%2F1591777504"",""browser"")"	True	True	BlockL1-PK8				
http://id.who.int/icd/entity/1265968280	http://id.who.int/icd/release/11/mms/1265968280	PL13.51		"- - - - Incorrect rate of drug or medicament, as mode of injury"	category	3	False	23	"=hyperlink(""https://icd.who.int/browse11/l-m/en#/http%3A%2F%2Fid.who.int%2Ficd%2Fentity%2F1265968280"",""browser"")"	True	True	BlockL1-PK8				
http://id.who.int/icd/entity/1876178954	http://id.who.int/icd/release/11/mms/1876178954	PL13.52		"- - - - Incorrect timing of drug or medicament, as mode of injury"	category	3	False	23	"=hyperlink(""https://icd.who.int/browse11/l-m/en#/http%3A%2F%2Fid.who.int%2Ficd%2Fentity%2F1876178954"",""browser"")"	True	True	BlockL1-PK8				
http://id.who.int/icd/entity/193342591	http://id.who.int/icd/release/11/mms/193342591	PL13.53		"- - - - Incorrect duration of drug or medicament, as mode of injury"	category	3	False	23	"=hyperlink(""https://icd.who.int/browse11/l-m/en#/http%3A%2F%2Fid.who.int%2Ficd%2Fentity%2F193342591"",""browser"")"	True	True	BlockL1-PK8				
	http://id.who.int/icd/release/11/mms/1614632087/other	PL13.5Y		"- - - - Other specified incorrect administration of drug or medicament, as mode of injury"	category	3	True	23	"=hyperlink(""https://icd.who.int/browse11/l-m/en#/http%3A%2F%2Fid.who.int%2Ficd%2Fentity%2F1614632087%2Fmms%2Fother"",""browser"")"	True	True	BlockL1-PK8				
	http://id.who.int/icd/release/11/mms/1614632087/unspecified	PL13.5Z		"- - - - Incorrect administration of drug or medicament, as mode of injury, unspecified"	category	3	True	23	"=hyperlink(""https://icd.who.int/browse11/l-m/en#/http%3A%2F%2Fid.who.int%2Ficd%2Fentity%2F1614632087%2Fmms%2Funspecified"",""browser"")"	True	True	BlockL1-PK8				
http://id.who.int/icd/entity/351379734	http://id.who.int/icd/release/11/mms/351379734	PL13.6		"- - - Medication or substance that is known to be an allergen, as mode of injury or harm"	category	2	False	23	"=hyperlink(""https://icd.who.int/browse11/l-m/en#/http%3A%2F%2Fid.who.int%2Ficd%2Fentity%2F351379734"",""browser"")"	True	True	BlockL1-PK8				
http://id.who.int/icd/entity/504149995	http://id.who.int/icd/release/11/mms/504149995	PL13.7		"- - - Medication or substance that is known to be contraindicated for the patient, as mode of injury or harm"	category	2	False	23	"=hyperlink(""https://icd.who.int/browse11/l-m/en#/http%3A%2F%2Fid.who.int%2Ficd%2Fentity%2F504149995"",""browser"")"	True	True	BlockL1-PK8				
http://id.who.int/icd/entity/550220781	http://id.who.int/icd/release/11/mms/550220781	PL13.8		"- - - Expired or deteriorated medication or substance, as mode of injury or harm"	category	2	False	23	"=hyperlink(""https://icd.who.int/browse11/l-m/en#/http%3A%2F%2Fid.who.int%2Ficd%2Fentity%2F550220781"",""browser"")"	True	True	BlockL1-PK8				
http://id.who.int/icd/entity/1207330545	http://id.who.int/icd/release/11/mms/1207330545	PL13.9		"- - - Drug or substance interactions, as mode of injury or harm"	category	2	False	23	"=hyperlink(""https://icd.who.int/browse11/l-m/en#/http%3A%2F%2Fid.who.int%2Ficd%2Fentity%2F1207330545"",""browser"")"	True	True	BlockL1-PK8				
http://id.who.int/icd/entity/1925323459	http://id.who.int/icd/release/11/mms/1925323459	PL13.A		"- - - Inappropriate stoppage or discontinuation of drug, as mode of injury or harm"	category	2	False	23	"=hyperlink(""https://icd.who.int/browse11/l-m/en#/http%3A%2F%2Fid.who.int%2Ficd%2Fentity%2F1925323459"",""browser"")"	True	True	BlockL1-PK8				
	http://id.who.int/icd/release/11/mms/1323892810/other	PL13.Y		"- - - Other specified mode of injury or harm associated with exposure to a drug, medicament or biological substance"	category	2	True	23	"=hyperlink(""https://icd.who.int/browse11/l-m/en#/http%3A%2F%2Fid.who.int%2Ficd%2Fentity%2F1323892810%2Fmms%2Fother"",""browser"")"	True	True	BlockL1-PK8				
	http://id.who.int/icd/release/11/mms/1323892810/unspecified	PL13.Z		"- - - Mode of injury or harm associated with exposure to a drug, medicament or biological substance, unspecified"	category	2	True	23	"=hyperlink(""https://icd.who.int/browse11/l-m/en#/http%3A%2F%2Fid.who.int%2Ficd%2Fentity%2F1323892810%2Fmms%2Funspecified"",""browser"")"	True	True	BlockL1-PK8				
http://id.who.int/icd/entity/1669303982	http://id.who.int/icd/release/11/mms/1669303982	PL14		"- - Mode of injury or harm associated with other health care related causes"	category	1	False	23	"=hyperlink(""https://icd.who.int/browse11/l-m/en#/http%3A%2F%2Fid.who.int%2Ficd%2Fentity%2F1669303982"",""browser"")"	False	True	BlockL1-PK8				
http://id.who.int/icd/entity/734504411	http://id.who.int/icd/release/11/mms/734504411	PL14.0		"- - - Non-administration of necessary drug"	category	2	False	23	"=hyperlink(""https://icd.who.int/browse11/l-m/en#/http%3A%2F%2Fid.who.int%2Ficd%2Fentity%2F734504411"",""browser"")"	True	True	BlockL1-PK8				
http://id.who.int/icd/entity/1798390433	http://id.who.int/icd/release/11/mms/1798390433	PL14.1		"- - - Non provision of necessary procedure"	category	2	False	23	"=hyperlink(""https://icd.who.int/browse11/l-m/en#/http%3A%2F%2Fid.who.int%2Ficd%2Fentity%2F1798390433"",""browser"")"	True	True	BlockL1-PK8				
http://id.who.int/icd/entity/884151944	http://id.who.int/icd/release/11/mms/884151944	PL14.2		"- - - Problem associated with physical transfer of patient"	category	2	False	23	"=hyperlink(""https://icd.who.int/browse11/l-m/en#/http%3A%2F%2Fid.who.int%2Ficd%2Fentity%2F884151944"",""browser"")"	True	True	BlockL1-PK8				
http://id.who.int/icd/entity/1910441093	http://id.who.int/icd/release/11/mms/1910441093	PL14.3		"- - - Mismatched blood used in transfusion"	category	2	False	23	"=hyperlink(""https://icd.who.int/browse11/l-m/en#/http%3A%2F%2Fid.who.int%2Ficd%2Fentity%2F1910441093"",""browser"")"	True	True	BlockL1-PK8				
http://id.who.int/icd/entity/789379606	http://id.who.int/icd/release/11/mms/789379606	PL14.4		"- - - Other problem associated with transfusion"	category	2	False	23	"=hyperlink(""https://icd.who.int/browse11/l-m/en#/http%3A%2F%2Fid.who.int%2Ficd%2Fentity%2F789379606"",""browser"")"	True	True	BlockL1-PK8				
http://id.who.int/icd/entity/1486758389	http://id.who.int/icd/release/11/mms/1486758389	PL14.5		"- - - Problem associated with physical restraints"	category	2	False	23	"=hyperlink(""https://icd.who.int/browse11/l-m/en#/http%3A%2F%2Fid.who.int%2Ficd%2Fentity%2F1486758389"",""browser"")"	True	True	BlockL1-PK8				
http://id.who.int/icd/entity/225981844	http://id.who.int/icd/release/11/mms/225981844	PL14.6		"- - - Problem associated with isolation protocol"	category	2	False	23	"=hyperlink(""https://icd.who.int/browse11/l-m/en#/http%3A%2F%2Fid.who.int%2Ficd%2Fentity%2F225981844"",""browser"")"	True	True	BlockL1-PK8				
http://id.who.int/icd/entity/1301205742	http://id.who.int/icd/release/11/mms/1301205742	PL14.7		"- - - Problem associated with clinical documentation"	category	2	False	23	"=hyperlink(""https://icd.who.int/browse11/l-m/en#/http%3A%2F%2Fid.who.int%2Ficd%2Fentity%2F1301205742"",""browser"")"	True	True	BlockL1-PK8				
http://id.who.int/icd/entity/1260776611	http://id.who.int/icd/release/11/mms/1260776611	PL14.8		"- - - Problem associated with clinical software"	category	2	False	23	"=hyperlink(""https://icd.who.int/browse11/l-m/en#/http%3A%2F%2Fid.who.int%2Ficd%2Fentity%2F1260776611"",""browser"")"	True	True	BlockL1-PK8				
http://id.who.int/icd/entity/728620698	http://id.who.int/icd/release/11/mms/728620698	PL14.9		"- - - Incorrect diagnosis"	category	2	False	23	"=hyperlink(""https://icd.who.int/browse11/l-m/en#/http%3A%2F%2Fid.who.int%2Ficd%2Fentity%2F728620698"",""browser"")"	True	True	BlockL1-PK8				
http://id.who.int/icd/entity/174474279	http://id.who.int/icd/release/11/mms/174474279	PL14.A		"- - - Delayed diagnosis"	category	2	False	23	"=hyperlink(""https://icd.who.int/browse11/l-m/en#/http%3A%2F%2Fid.who.int%2Ficd%2Fentity%2F174474279"",""browser"")"	True	True	BlockL1-PK8				
http://id.who.int/icd/entity/2024424767	http://id.who.int/icd/release/11/mms/2024424767	PL14.B		"- - - Delayed treatment"	category	2	False	23	"=hyperlink(""https://icd.who.int/browse11/l-m/en#/http%3A%2F%2Fid.who.int%2Ficd%2Fentity%2F2024424767"",""browser"")"	True	True	BlockL1-PK8				
http://id.who.int/icd/entity/1756963641	http://id.who.int/icd/release/11/mms/1756963641	PL14.C		"- - - Patient received diagnostic test or treatment intended for another patient"	category	2	False	23	"=hyperlink(""https://icd.who.int/browse11/l-m/en#/http%3A%2F%2Fid.who.int%2Ficd%2Fentity%2F1756963641"",""browser"")"	True	True	BlockL1-PK8				
http://id.who.int/icd/entity/417494788	http://id.who.int/icd/release/11/mms/417494788	PL14.D		"- - - Problem associated with transitions of care, hand offs, or handovers"	category	2	False	23	"=hyperlink(""https://icd.who.int/browse11/l-m/en#/http%3A%2F%2Fid.who.int%2Ficd%2Fentity%2F417494788"",""browser"")"	True	True	BlockL1-PK8				
http://id.who.int/icd/entity/1363622909	http://id.who.int/icd/release/11/mms/1363622909	PL14.E		"- - - Fall in health care"	category	2	False	23	"=hyperlink(""https://icd.who.int/browse11/l-m/en#/http%3A%2F%2Fid.who.int%2Ficd%2Fentity%2F1363622909"",""browser"")"	True	True	BlockL1-PK8				
	http://id.who.int/icd/release/11/mms/1669303982/other	PL14.Y		"- - - Other specified aspects of care associated with injury or harm"	category	2	True	23	"=hyperlink(""https://icd.who.int/browse11/l-m/en#/http%3A%2F%2Fid.who.int%2Ficd%2Fentity%2F1669303982%2Fmms%2Fother"",""browser"")"	True	True	BlockL1-PK8				
	http://id.who.int/icd/release/11/mms/1669303982/unspecified	PL14.Z		"- - - Mode of injury or harm associated with other health care related causes, unspecified"	category	2	True	23	"=hyperlink(""https://icd.who.int/browse11/l-m/en#/http%3A%2F%2Fid.who.int%2Ficd%2Fentity%2F1669303982%2Fmms%2Funspecified"",""browser"")"	True	True	BlockL1-PK8				
	http://id.who.int/icd/release/11/mms/850137482/other	PL2Y		"- Other specified external causes of morbidity or mortality"	category	1	True	23	"=hyperlink(""https://icd.who.int/browse11/l-m/en#/http%3A%2F%2Fid.who.int%2Ficd%2Fentity%2F850137482%2Fmms%2Fother"",""browser"")"	True	True					
	http://id.who.int/icd/release/11/mms/850137482/unspecified	PL2Z		"- External causes of morbidity or mortality, unspecified"	category	1	True	23	"=hyperlink(""https://icd.who.int/browse11/l-m/en#/http%3A%2F%2Fid.who.int%2Ficd%2Fentity%2F850137482%2Fmms%2Funspecified"",""browser"")"	True	True					
