http://id.who.int/icd/entity/1004338415	http://id.who.int/icd/release/11/mms/1004338415			"- Dimensions of external causes"	block	1	False	X	"=hyperlink(""https://icd.who.int/browse11/l-m/en#/http%3A%2F%2Fid.who.int%2Ficd%2Fentity%2F1004338415"",""browser"")"	False						
http://id.who.int/icd/entity/847623771	http://id.who.int/icd/release/11/mms/847623771			"- - Additional aspects of mechanism"	block	2	False	X	"=hyperlink(""https://icd.who.int/browse11/l-m/en#/http%3A%2F%2Fid.who.int%2Ficd%2Fentity%2F847623771"",""browser"")"	False						
http://id.who.int/icd/entity/1851145654	http://id.who.int/icd/release/11/mms/1851145654	XE72E		"- - - Exposure to injurious transport event"	category	1	False	X	"=hyperlink(""https://icd.who.int/browse11/l-m/en#/http%3A%2F%2Fid.who.int%2Ficd%2Fentity%2F1851145654"",""browser"")"	False	False					
http://id.who.int/icd/entity/341389655	http://id.who.int/icd/release/11/mms/341389655	XE9S7		"- - - - Exposure to land transport injury event"	category	2	False	X	"=hyperlink(""https://icd.who.int/browse11/l-m/en#/http%3A%2F%2Fid.who.int%2Ficd%2Fentity%2F341389655"",""browser"")"	False	False					
http://id.who.int/icd/entity/1857275174	http://id.who.int/icd/release/11/mms/1857275174	XE9EE		"- - - - - Exposure to land transport on-road injury event"	category	3	False	X	"=hyperlink(""https://icd.who.int/browse11/l-m/en#/http%3A%2F%2Fid.who.int%2Ficd%2Fentity%2F1857275174"",""browser"")"	True	False					
http://id.who.int/icd/entity/565906867	http://id.who.int/icd/release/11/mms/565906867	XE8TM		"- - - - - Exposure to land transport off-road injury event"	category	3	False	X	"=hyperlink(""https://icd.who.int/browse11/l-m/en#/http%3A%2F%2Fid.who.int%2Ficd%2Fentity%2F565906867"",""browser"")"	True	False					
http://id.who.int/icd/entity/555531715	http://id.who.int/icd/release/11/mms/555531715	XE3S3		"- - - - Exposure to railway transport injury event"	category	2	False	X	"=hyperlink(""https://icd.who.int/browse11/l-m/en#/http%3A%2F%2Fid.who.int%2Ficd%2Fentity%2F555531715"",""browser"")"	True	False					
http://id.who.int/icd/entity/1800097958	http://id.who.int/icd/release/11/mms/1800097958	XE85L		"- - - - Exposure to water transport injury event"	category	2	False	X	"=hyperlink(""https://icd.who.int/browse11/l-m/en#/http%3A%2F%2Fid.who.int%2Ficd%2Fentity%2F1800097958"",""browser"")"	True	False					
http://id.who.int/icd/entity/608409651	http://id.who.int/icd/release/11/mms/608409651	XE5XH		"- - - - Exposure to air or space transport injury event"	category	2	False	X	"=hyperlink(""https://icd.who.int/browse11/l-m/en#/http%3A%2F%2Fid.who.int%2Ficd%2Fentity%2F608409651"",""browser"")"	True	False					
http://id.who.int/icd/entity/1511324284	http://id.who.int/icd/release/11/mms/1511324284	XE3Y8		"- - - Exposure to fall"	category	1	False	X	"=hyperlink(""https://icd.who.int/browse11/l-m/en#/http%3A%2F%2Fid.who.int%2Ficd%2Fentity%2F1511324284"",""browser"")"	False	False					
http://id.who.int/icd/entity/1855621064	http://id.who.int/icd/release/11/mms/1855621064	XE8J4		"- - - - Exposure to fall on the same level or from less than 1 metre"	category	2	False	X	"=hyperlink(""https://icd.who.int/browse11/l-m/en#/http%3A%2F%2Fid.who.int%2Ficd%2Fentity%2F1855621064"",""browser"")"	True	False					
http://id.who.int/icd/entity/1321485700	http://id.who.int/icd/release/11/mms/1321485700	XE3QG		"- - - - Exposure to fall from a height of 1 metre or more"	category	2	False	X	"=hyperlink(""https://icd.who.int/browse11/l-m/en#/http%3A%2F%2Fid.who.int%2Ficd%2Fentity%2F1321485700"",""browser"")"	True	False					
http://id.who.int/icd/entity/1294344097	http://id.who.int/icd/release/11/mms/1294344097	XE4U1		"- - - Exposure to person, animal or plant"	category	1	False	X	"=hyperlink(""https://icd.who.int/browse11/l-m/en#/http%3A%2F%2Fid.who.int%2Ficd%2Fentity%2F1294344097"",""browser"")"	False	False					
http://id.who.int/icd/entity/36624182	http://id.who.int/icd/release/11/mms/36624182	XE1TU		"- - - - Exposure to being struck, kicked, or bumped"	category	2	False	X	"=hyperlink(""https://icd.who.int/browse11/l-m/en#/http%3A%2F%2Fid.who.int%2Ficd%2Fentity%2F36624182"",""browser"")"	True	False					
http://id.who.int/icd/entity/644494136	http://id.who.int/icd/release/11/mms/644494136	XE0VW		"- - - - Exposure to being stepped on or crushed"	category	2	False	X	"=hyperlink(""https://icd.who.int/browse11/l-m/en#/http%3A%2F%2Fid.who.int%2Ficd%2Fentity%2F644494136"",""browser"")"	True	False					
http://id.who.int/icd/entity/1652759967	http://id.who.int/icd/release/11/mms/1652759967	XE359		"- - - - Exposure to being bitten"	category	2	False	X	"=hyperlink(""https://icd.who.int/browse11/l-m/en#/http%3A%2F%2Fid.who.int%2Ficd%2Fentity%2F1652759967"",""browser"")"	True	False					
http://id.who.int/icd/entity/764138762	http://id.who.int/icd/release/11/mms/764138762	XE9PG		"- - - - Exposure to being scratched or clawed"	category	2	False	X	"=hyperlink(""https://icd.who.int/browse11/l-m/en#/http%3A%2F%2Fid.who.int%2Ficd%2Fentity%2F764138762"",""browser"")"	True	False					
http://id.who.int/icd/entity/953340724	http://id.who.int/icd/release/11/mms/953340724	XE972		"- - - - Exposure to being stung or envenomated"	category	2	False	X	"=hyperlink(""https://icd.who.int/browse11/l-m/en#/http%3A%2F%2Fid.who.int%2Ficd%2Fentity%2F953340724"",""browser"")"	True	False					
http://id.who.int/icd/entity/922767790	http://id.who.int/icd/release/11/mms/922767790	XE214		"- - - Exposure to object, not elsewhere classified"	category	1	False	X	"=hyperlink(""https://icd.who.int/browse11/l-m/en#/http%3A%2F%2Fid.who.int%2Ficd%2Fentity%2F922767790"",""browser"")"	False	False					
http://id.who.int/icd/entity/959471870	http://id.who.int/icd/release/11/mms/959471870	XE2YW		"- - - - Exposure to being struck by projectile from firearm"	category	2	False	X	"=hyperlink(""https://icd.who.int/browse11/l-m/en#/http%3A%2F%2Fid.who.int%2Ficd%2Fentity%2F959471870"",""browser"")"	True	False					
http://id.who.int/icd/entity/2111393365	http://id.who.int/icd/release/11/mms/2111393365	XE4UV		"- - - - Exposure to being struck by moving object"	category	2	False	X	"=hyperlink(""https://icd.who.int/browse11/l-m/en#/http%3A%2F%2Fid.who.int%2Ficd%2Fentity%2F2111393365"",""browser"")"	True	False					
http://id.who.int/icd/entity/852592320	http://id.who.int/icd/release/11/mms/852592320	XE6LQ		"- - - - Exposure to being struck against stationary object"	category	2	False	X	"=hyperlink(""https://icd.who.int/browse11/l-m/en#/http%3A%2F%2Fid.who.int%2Ficd%2Fentity%2F852592320"",""browser"")"	True	False					
http://id.who.int/icd/entity/663257338	http://id.who.int/icd/release/11/mms/663257338	XE20S		"- - - - Exposure to being cut or pierced by sharp object"	category	2	False	X	"=hyperlink(""https://icd.who.int/browse11/l-m/en#/http%3A%2F%2Fid.who.int%2Ficd%2Fentity%2F663257338"",""browser"")"	True	False					
http://id.who.int/icd/entity/1016754338	http://id.who.int/icd/release/11/mms/1016754338	XE59C		"- - - - Exposure to being struck by blunt object"	category	2	False	X	"=hyperlink(""https://icd.who.int/browse11/l-m/en#/http%3A%2F%2Fid.who.int%2Ficd%2Fentity%2F1016754338"",""browser"")"	True	False					
http://id.who.int/icd/entity/417240228	http://id.who.int/icd/release/11/mms/417240228	XE4FE		"- - - - Exposure to being caught, crushed, jammed or pinched between objects"	category	2	False	X	"=hyperlink(""https://icd.who.int/browse11/l-m/en#/http%3A%2F%2Fid.who.int%2Ficd%2Fentity%2F417240228"",""browser"")"	True	False					
http://id.who.int/icd/entity/743500056	http://id.who.int/icd/release/11/mms/743500056	XE64Q		"- - - Exposure to immersion, submersion or falling into water"	category	1	False	X	"=hyperlink(""https://icd.who.int/browse11/l-m/en#/http%3A%2F%2Fid.who.int%2Ficd%2Fentity%2F743500056"",""browser"")"	False	False					
http://id.who.int/icd/entity/322925214	http://id.who.int/icd/release/11/mms/322925214	XE72F		"- - - - Exposure to drowning or submersion, while in body of water"	category	2	False	X	"=hyperlink(""https://icd.who.int/browse11/l-m/en#/http%3A%2F%2Fid.who.int%2Ficd%2Fentity%2F322925214"",""browser"")"	True	False					
http://id.who.int/icd/entity/1764785791	http://id.who.int/icd/release/11/mms/1764785791	XE1AF		"- - - - Exposure to drowning or submersion, following fall into body of water"	category	2	False	X	"=hyperlink(""https://icd.who.int/browse11/l-m/en#/http%3A%2F%2Fid.who.int%2Ficd%2Fentity%2F1764785791"",""browser"")"	True	False					
http://id.who.int/icd/entity/1231993907	http://id.who.int/icd/release/11/mms/1231993907	XE8NX		"- - - Exposure to threat to breathing"	category	1	False	X	"=hyperlink(""https://icd.who.int/browse11/l-m/en#/http%3A%2F%2Fid.who.int%2Ficd%2Fentity%2F1231993907"",""browser"")"	False	False					
http://id.who.int/icd/entity/126142314	http://id.who.int/icd/release/11/mms/126142314	XE9N2		"- - - - Exposure to threat to breathing by suffocation from object covering mouth or nose"	category	2	False	X	"=hyperlink(""https://icd.who.int/browse11/l-m/en#/http%3A%2F%2Fid.who.int%2Ficd%2Fentity%2F126142314"",""browser"")"	True	False					
http://id.who.int/icd/entity/856341214	http://id.who.int/icd/release/11/mms/856341214	XE9LA		"- - - - Exposure to threat to breathing by hanging"	category	2	False	X	"=hyperlink(""https://icd.who.int/browse11/l-m/en#/http%3A%2F%2Fid.who.int%2Ficd%2Fentity%2F856341214"",""browser"")"	True	False					
http://id.who.int/icd/entity/207954260	http://id.who.int/icd/release/11/mms/207954260	XE17S		"- - - - Exposure to threat to breathing by strangulation"	category	2	False	X	"=hyperlink(""https://icd.who.int/browse11/l-m/en#/http%3A%2F%2Fid.who.int%2Ficd%2Fentity%2F207954260"",""browser"")"	True	False					
http://id.who.int/icd/entity/1986670005	http://id.who.int/icd/release/11/mms/1986670005	XE2NR		"- - - - Exposure to threat to breathing by external compression of airways or chest"	category	2	False	X	"=hyperlink(""https://icd.who.int/browse11/l-m/en#/http%3A%2F%2Fid.who.int%2Ficd%2Fentity%2F1986670005"",""browser"")"	True	False					
http://id.who.int/icd/entity/1446309881	http://id.who.int/icd/release/11/mms/1446309881	XE33X		"- - - - Exposure to threat to breathing by inhalation or ingestion of gastric contents"	category	2	False	X	"=hyperlink(""https://icd.who.int/browse11/l-m/en#/http%3A%2F%2Fid.who.int%2Ficd%2Fentity%2F1446309881"",""browser"")"	True	False					
http://id.who.int/icd/entity/1919945723	http://id.who.int/icd/release/11/mms/1919945723	XE2PV		"- - - - Exposure to threat to breathing by inhalation or ingestion of liquids"	category	2	False	X	"=hyperlink(""https://icd.who.int/browse11/l-m/en#/http%3A%2F%2Fid.who.int%2Ficd%2Fentity%2F1919945723"",""browser"")"	True	False					
http://id.who.int/icd/entity/100035293	http://id.who.int/icd/release/11/mms/100035293	XE5QH		"- - - - Exposure to threat to breathing by inhalation or ingestion of food"	category	2	False	X	"=hyperlink(""https://icd.who.int/browse11/l-m/en#/http%3A%2F%2Fid.who.int%2Ficd%2Fentity%2F100035293"",""browser"")"	True	False					
http://id.who.int/icd/entity/1258201672	http://id.who.int/icd/release/11/mms/1258201672	XE9RJ		"- - - - Exposure to threat to breathing by inhalation or ingestion of other objects or materials"	category	2	False	X	"=hyperlink(""https://icd.who.int/browse11/l-m/en#/http%3A%2F%2Fid.who.int%2Ficd%2Fentity%2F1258201672"",""browser"")"	True	False					
http://id.who.int/icd/entity/1083637172	http://id.who.int/icd/release/11/mms/1083637172	XE2DJ		"- - - - Exposure to threat to breathing from low oxygen environment"	category	2	False	X	"=hyperlink(""https://icd.who.int/browse11/l-m/en#/http%3A%2F%2Fid.who.int%2Ficd%2Fentity%2F1083637172"",""browser"")"	True	False					
http://id.who.int/icd/entity/262026529	http://id.who.int/icd/release/11/mms/262026529	XE6JM		"- - - Exposure to thermal mechanism"	category	1	False	X	"=hyperlink(""https://icd.who.int/browse11/l-m/en#/http%3A%2F%2Fid.who.int%2Ficd%2Fentity%2F262026529"",""browser"")"	False	False					
http://id.who.int/icd/entity/1861750444	http://id.who.int/icd/release/11/mms/1861750444	XE0S0		"- - - - Exposure to uncontrolled fire"	category	2	False	X	"=hyperlink(""https://icd.who.int/browse11/l-m/en#/http%3A%2F%2Fid.who.int%2Ficd%2Fentity%2F1861750444"",""browser"")"	True	False					
http://id.who.int/icd/entity/447494423	http://id.who.int/icd/release/11/mms/447494423	XE5WP		"- - - - Exposure to controlled fire"	category	2	False	X	"=hyperlink(""https://icd.who.int/browse11/l-m/en#/http%3A%2F%2Fid.who.int%2Ficd%2Fentity%2F447494423"",""browser"")"	True	False					
http://id.who.int/icd/entity/1436873090	http://id.who.int/icd/release/11/mms/1436873090	XE9T8		"- - - - Exposure to ignition, or melting of material"	category	2	False	X	"=hyperlink(""https://icd.who.int/browse11/l-m/en#/http%3A%2F%2Fid.who.int%2Ficd%2Fentity%2F1436873090"",""browser"")"	True	False					
http://id.who.int/icd/entity/1607249534	http://id.who.int/icd/release/11/mms/1607249534	XE494		"- - - - Exposure to hot object or liquid"	category	2	False	X	"=hyperlink(""https://icd.who.int/browse11/l-m/en#/http%3A%2F%2Fid.who.int%2Ficd%2Fentity%2F1607249534"",""browser"")"	True	False					
http://id.who.int/icd/entity/281306859	http://id.who.int/icd/release/11/mms/281306859	XE515		"- - - - Exposure to steam, hot vapour, air or gases"	category	2	False	X	"=hyperlink(""https://icd.who.int/browse11/l-m/en#/http%3A%2F%2Fid.who.int%2Ficd%2Fentity%2F281306859"",""browser"")"	True	False					
http://id.who.int/icd/entity/880837353	http://id.who.int/icd/release/11/mms/880837353	XE00Z		"- - - - Exposure to excessive heat"	category	2	False	X	"=hyperlink(""https://icd.who.int/browse11/l-m/en#/http%3A%2F%2Fid.who.int%2Ficd%2Fentity%2F880837353"",""browser"")"	True	False					
http://id.who.int/icd/entity/1868100996	http://id.who.int/icd/release/11/mms/1868100996	XE4AY		"- - - - Exposure to excessive cold"	category	2	False	X	"=hyperlink(""https://icd.who.int/browse11/l-m/en#/http%3A%2F%2Fid.who.int%2Ficd%2Fentity%2F1868100996"",""browser"")"	True	False					
http://id.who.int/icd/entity/864114369	http://id.who.int/icd/release/11/mms/864114369	XE3SH		"- - - Exposure to or harmful effects of substances"	category	1	False	X	"=hyperlink(""https://icd.who.int/browse11/l-m/en#/http%3A%2F%2Fid.who.int%2Ficd%2Fentity%2F864114369"",""browser"")"	False	False					
http://id.who.int/icd/entity/1234065952	http://id.who.int/icd/release/11/mms/1234065952	XE13E		"- - - - Poisoning or toxic effect of exposure to substance"	category	2	False	X	"=hyperlink(""https://icd.who.int/browse11/l-m/en#/http%3A%2F%2Fid.who.int%2Ficd%2Fentity%2F1234065952"",""browser"")"	True	False					
http://id.who.int/icd/entity/1994506666	http://id.who.int/icd/release/11/mms/1994506666	XE1SS		"- - - - Corrosion due to exposure to substance"	category	2	False	X	"=hyperlink(""https://icd.who.int/browse11/l-m/en#/http%3A%2F%2Fid.who.int%2Ficd%2Fentity%2F1994506666"",""browser"")"	True	False					
http://id.who.int/icd/entity/2027024634	http://id.who.int/icd/release/11/mms/2027024634			"- - - Exposure to other mechanism"	block	3	False	X	"=hyperlink(""https://icd.who.int/browse11/l-m/en#/http%3A%2F%2Fid.who.int%2Ficd%2Fentity%2F2027024634"",""browser"")"	False						
http://id.who.int/icd/entity/1546822794	http://id.who.int/icd/release/11/mms/1546822794	XE202		"- - - - Foreign body in orifice"	category	1	False	X	"=hyperlink(""https://icd.who.int/browse11/l-m/en#/http%3A%2F%2Fid.who.int%2Ficd%2Fentity%2F1546822794"",""browser"")"	True	False					
http://id.who.int/icd/entity/1161373428	http://id.who.int/icd/release/11/mms/1161373428	XE8A0		"- - - - Exposure to electric current"	category	1	False	X	"=hyperlink(""https://icd.who.int/browse11/l-m/en#/http%3A%2F%2Fid.who.int%2Ficd%2Fentity%2F1161373428"",""browser"")"	True	False					
http://id.who.int/icd/entity/246468916	http://id.who.int/icd/release/11/mms/246468916	XE8DS		"- - - - Exposure to sunlight"	category	1	False	X	"=hyperlink(""https://icd.who.int/browse11/l-m/en#/http%3A%2F%2Fid.who.int%2Ficd%2Fentity%2F246468916"",""browser"")"	True	False					
http://id.who.int/icd/entity/59113228	http://id.who.int/icd/release/11/mms/59113228	XE60C		"- - - - Exposure to radiation"	category	1	False	X	"=hyperlink(""https://icd.who.int/browse11/l-m/en#/http%3A%2F%2Fid.who.int%2Ficd%2Fentity%2F59113228"",""browser"")"	False	False					
http://id.who.int/icd/entity/2084670388	http://id.who.int/icd/release/11/mms/2084670388	XE82Y		"- - - - - Exposure to welding light"	category	2	False	X	"=hyperlink(""https://icd.who.int/browse11/l-m/en#/http%3A%2F%2Fid.who.int%2Ficd%2Fentity%2F2084670388"",""browser"")"	True	False					
http://id.who.int/icd/entity/1802104692	http://id.who.int/icd/release/11/mms/1802104692	XE436		"- - - - - Exposure to other visible and ultraviolet light of man-made sources"	category	2	False	X	"=hyperlink(""https://icd.who.int/browse11/l-m/en#/http%3A%2F%2Fid.who.int%2Ficd%2Fentity%2F1802104692"",""browser"")"	False	False					
http://id.who.int/icd/entity/1438948339	http://id.who.int/icd/release/11/mms/1438948339	XE500		"- - - - - - Exposure to ultraviolet radiation"	category	3	False	X	"=hyperlink(""https://icd.who.int/browse11/l-m/en#/http%3A%2F%2Fid.who.int%2Ficd%2Fentity%2F1438948339"",""browser"")"	True	False					
http://id.who.int/icd/entity/429438452	http://id.who.int/icd/release/11/mms/429438452	XE6JQ		"- - - - - Exposure to other non-ionizing radiation"	category	2	False	X	"=hyperlink(""https://icd.who.int/browse11/l-m/en#/http%3A%2F%2Fid.who.int%2Ficd%2Fentity%2F429438452"",""browser"")"	False	False					
http://id.who.int/icd/entity/2142260899	http://id.who.int/icd/release/11/mms/2142260899	XE6VK		"- - - - - - Exposure to microwave radiation"	category	3	False	X	"=hyperlink(""https://icd.who.int/browse11/l-m/en#/http%3A%2F%2Fid.who.int%2Ficd%2Fentity%2F2142260899"",""browser"")"	True	False					
http://id.who.int/icd/entity/89832148	http://id.who.int/icd/release/11/mms/89832148	XE9G0		"- - - - - - Exposure to infrared radiation"	category	3	False	X	"=hyperlink(""https://icd.who.int/browse11/l-m/en#/http%3A%2F%2Fid.who.int%2Ficd%2Fentity%2F89832148"",""browser"")"	True	False					
http://id.who.int/icd/entity/551557300	http://id.who.int/icd/release/11/mms/551557300	XE5PJ		"- - - - - Exposure to ionizing radiation"	category	2	False	X	"=hyperlink(""https://icd.who.int/browse11/l-m/en#/http%3A%2F%2Fid.who.int%2Ficd%2Fentity%2F551557300"",""browser"")"	True	False					
http://id.who.int/icd/entity/2144490277	http://id.who.int/icd/release/11/mms/2144490277	XE5DF		"- - - - Exposure to high or low air pressure or changes in air pressure"	category	1	False	X	"=hyperlink(""https://icd.who.int/browse11/l-m/en#/http%3A%2F%2Fid.who.int%2Ficd%2Fentity%2F2144490277"",""browser"")"	False	False					
http://id.who.int/icd/entity/1134515717	http://id.who.int/icd/release/11/mms/1134515717	XE4ZB		"- - - - - Exposure to changes in air pressure"	category	2	False	X	"=hyperlink(""https://icd.who.int/browse11/l-m/en#/http%3A%2F%2Fid.who.int%2Ficd%2Fentity%2F1134515717"",""browser"")"	True	False					
http://id.who.int/icd/entity/742325659	http://id.who.int/icd/release/11/mms/742325659	XE07M		"- - - - - Exposure to high air pressure"	category	2	False	X	"=hyperlink(""https://icd.who.int/browse11/l-m/en#/http%3A%2F%2Fid.who.int%2Ficd%2Fentity%2F742325659"",""browser"")"	True	False					
http://id.who.int/icd/entity/1664496912	http://id.who.int/icd/release/11/mms/1664496912	XE67J		"- - - - - Exposure to low air pressure"	category	2	False	X	"=hyperlink(""https://icd.who.int/browse11/l-m/en#/http%3A%2F%2Fid.who.int%2Ficd%2Fentity%2F1664496912"",""browser"")"	True	False					
http://id.who.int/icd/entity/1407198740	http://id.who.int/icd/release/11/mms/1407198740	XE9Y8		"- - - - Exposure to explosion"	category	1	False	X	"=hyperlink(""https://icd.who.int/browse11/l-m/en#/http%3A%2F%2Fid.who.int%2Ficd%2Fentity%2F1407198740"",""browser"")"	False	False					
http://id.who.int/icd/entity/1737204528	http://id.who.int/icd/release/11/mms/1737204528	XE22U		"- - - - - Exposure to chemical explosion"	category	2	False	X	"=hyperlink(""https://icd.who.int/browse11/l-m/en#/http%3A%2F%2Fid.who.int%2Ficd%2Fentity%2F1737204528"",""browser"")"	True	False					
http://id.who.int/icd/entity/1012126813	http://id.who.int/icd/release/11/mms/1012126813	XE27P		"- - - - - Exposure to explosion or rupture of pressurised materials or object"	category	2	False	X	"=hyperlink(""https://icd.who.int/browse11/l-m/en#/http%3A%2F%2Fid.who.int%2Ficd%2Fentity%2F1012126813"",""browser"")"	True	False					
http://id.who.int/icd/entity/1574666141	http://id.who.int/icd/release/11/mms/1574666141	XE7Y1		"- - - - Exposure to noise"	category	1	False	X	"=hyperlink(""https://icd.who.int/browse11/l-m/en#/http%3A%2F%2Fid.who.int%2Ficd%2Fentity%2F1574666141"",""browser"")"	True	False					
http://id.who.int/icd/entity/1688457949	http://id.who.int/icd/release/11/mms/1688457949	XE3RX		"- - - - Exposure to vibration"	category	1	False	X	"=hyperlink(""https://icd.who.int/browse11/l-m/en#/http%3A%2F%2Fid.who.int%2Ficd%2Fentity%2F1688457949"",""browser"")"	True	False					
http://id.who.int/icd/entity/2062023493	http://id.who.int/icd/release/11/mms/2062023493	XE7BT		"- - - - Exposure to suction"	category	1	False	X	"=hyperlink(""https://icd.who.int/browse11/l-m/en#/http%3A%2F%2Fid.who.int%2Ficd%2Fentity%2F2062023493"",""browser"")"	True	False					
http://id.who.int/icd/entity/1873653802	http://id.who.int/icd/release/11/mms/1873653802	XE7SS		"- - - - Lack of food"	category	1	False	X	"=hyperlink(""https://icd.who.int/browse11/l-m/en#/http%3A%2F%2Fid.who.int%2Ficd%2Fentity%2F1873653802"",""browser"")"	True	False					
http://id.who.int/icd/entity/1456807274	http://id.who.int/icd/release/11/mms/1456807274	XE3WS		"- - - - Lack of water"	category	1	False	X	"=hyperlink(""https://icd.who.int/browse11/l-m/en#/http%3A%2F%2Fid.who.int%2Ficd%2Fentity%2F1456807274"",""browser"")"	True	False					
http://id.who.int/icd/entity/1556582692	http://id.who.int/icd/release/11/mms/1556582692	XE4TW		"- - - - Exposure to physical overexertion"	category	1	False	X	"=hyperlink(""https://icd.who.int/browse11/l-m/en#/http%3A%2F%2Fid.who.int%2Ficd%2Fentity%2F1556582692"",""browser"")"	True	False					
http://id.who.int/icd/entity/1991459958	http://id.who.int/icd/release/11/mms/1991459958	XE67Q		"- - - - Exposure to other specified privation"	category	1	False	X	"=hyperlink(""https://icd.who.int/browse11/l-m/en#/http%3A%2F%2Fid.who.int%2Ficd%2Fentity%2F1991459958"",""browser"")"	True	False					
http://id.who.int/icd/entity/844786397	http://id.who.int/icd/release/11/mms/844786397	XE42R		"- - - - Abandonment"	category	1	False	X	"=hyperlink(""https://icd.who.int/browse11/l-m/en#/http%3A%2F%2Fid.who.int%2Ficd%2Fentity%2F844786397"",""browser"")"	True	False					
http://id.who.int/icd/entity/2102567496	http://id.who.int/icd/release/11/mms/2102567496	XE00G		"- - - - Neglect"	category	1	False	X	"=hyperlink(""https://icd.who.int/browse11/l-m/en#/http%3A%2F%2Fid.who.int%2Ficd%2Fentity%2F2102567496"",""browser"")"	True	False					
http://id.who.int/icd/entity/1465681947	http://id.who.int/icd/release/11/mms/1465681947			"- - Activity when injured"	block	2	False	X	"=hyperlink(""https://icd.who.int/browse11/l-m/en#/http%3A%2F%2Fid.who.int%2Ficd%2Fentity%2F1465681947"",""browser"")"	False						
http://id.who.int/icd/entity/2071638841	http://id.who.int/icd/release/11/mms/2071638841	XE545		"- - - Paid work"	category	1	False	X	"=hyperlink(""https://icd.who.int/browse11/l-m/en#/http%3A%2F%2Fid.who.int%2Ficd%2Fentity%2F2071638841"",""browser"")"	False	False					
http://id.who.int/icd/entity/1468452550	http://id.who.int/icd/release/11/mms/1468452550	XE7NW		"- - - - Travelling to or from paid work"	category	2	False	X	"=hyperlink(""https://icd.who.int/browse11/l-m/en#/http%3A%2F%2Fid.who.int%2Ficd%2Fentity%2F1468452550"",""browser"")"	True	False					
http://id.who.int/icd/entity/1862165382	http://id.who.int/icd/release/11/mms/1862165382	XE9Q2		"- - - - Travelling in the course of paid work"	category	2	False	X	"=hyperlink(""https://icd.who.int/browse11/l-m/en#/http%3A%2F%2Fid.who.int%2Ficd%2Fentity%2F1862165382"",""browser"")"	True	False					
http://id.who.int/icd/entity/1667452226	http://id.who.int/icd/release/11/mms/1667452226	XE2QJ		"- - - - Repetitive forceful work"	category	2	False	X	"=hyperlink(""https://icd.who.int/browse11/l-m/en#/http%3A%2F%2Fid.who.int%2Ficd%2Fentity%2F1667452226"",""browser"")"	True	False					
http://id.who.int/icd/entity/2096473334	http://id.who.int/icd/release/11/mms/2096473334	XE88E		"- - - - Extended periods of work in a kneeling position"	category	2	False	X	"=hyperlink(""https://icd.who.int/browse11/l-m/en#/http%3A%2F%2Fid.who.int%2Ficd%2Fentity%2F2096473334"",""browser"")"	True	False					
http://id.who.int/icd/entity/1987576730	http://id.who.int/icd/release/11/mms/1987576730	XE714		"- - - - Extended periods of work in a squatting position"	category	2	False	X	"=hyperlink(""https://icd.who.int/browse11/l-m/en#/http%3A%2F%2Fid.who.int%2Ficd%2Fentity%2F1987576730"",""browser"")"	True	False					
http://id.who.int/icd/entity/1107435129	http://id.who.int/icd/release/11/mms/1107435129	XE8VF		"- - - Unpaid work"	category	1	False	X	"=hyperlink(""https://icd.who.int/browse11/l-m/en#/http%3A%2F%2Fid.who.int%2Ficd%2Fentity%2F1107435129"",""browser"")"	False	False					
http://id.who.int/icd/entity/1513020610	http://id.who.int/icd/release/11/mms/1513020610	XE1C6		"- - - - Travelling to or from unpaid work"	category	2	False	X	"=hyperlink(""https://icd.who.int/browse11/l-m/en#/http%3A%2F%2Fid.who.int%2Ficd%2Fentity%2F1513020610"",""browser"")"	True	False					
http://id.who.int/icd/entity/1666609538	http://id.who.int/icd/release/11/mms/1666609538	XE3RL		"- - - - Travelling in the course of unpaid work"	category	2	False	X	"=hyperlink(""https://icd.who.int/browse11/l-m/en#/http%3A%2F%2Fid.who.int%2Ficd%2Fentity%2F1666609538"",""browser"")"	True	False					
http://id.who.int/icd/entity/1348253932	http://id.who.int/icd/release/11/mms/1348253932	XE9ME		"- - - - Unpaid cleaning, cooking or maintenance at own place of residence"	category	2	False	X	"=hyperlink(""https://icd.who.int/browse11/l-m/en#/http%3A%2F%2Fid.who.int%2Ficd%2Fentity%2F1348253932"",""browser"")"	True	False					
http://id.who.int/icd/entity/1428847289	http://id.who.int/icd/release/11/mms/1428847289	XE729		"- - - Educational activity"	category	1	False	X	"=hyperlink(""https://icd.who.int/browse11/l-m/en#/http%3A%2F%2Fid.who.int%2Ficd%2Fentity%2F1428847289"",""browser"")"	False	False					
http://id.who.int/icd/entity/1120699819	http://id.who.int/icd/release/11/mms/1120699819	XE3HD		"- - - - Physical education class, school sports"	category	2	False	X	"=hyperlink(""https://icd.who.int/browse11/l-m/en#/http%3A%2F%2Fid.who.int%2Ficd%2Fentity%2F1120699819"",""browser"")"	True	False					
http://id.who.int/icd/entity/436950409	http://id.who.int/icd/release/11/mms/436950409	XE4SM		"- - - - Travelling to or from educational activity"	category	2	False	X	"=hyperlink(""https://icd.who.int/browse11/l-m/en#/http%3A%2F%2Fid.who.int%2Ficd%2Fentity%2F436950409"",""browser"")"	True	False					
http://id.who.int/icd/entity/821249273	http://id.who.int/icd/release/11/mms/821249273			"- - - Sports, recreation or leisure activity"	block	3	False	X	"=hyperlink(""https://icd.who.int/browse11/l-m/en#/http%3A%2F%2Fid.who.int%2Ficd%2Fentity%2F821249273"",""browser"")"	False						
http://id.who.int/icd/entity/1710227827	http://id.who.int/icd/release/11/mms/1710227827	XE5UF		"- - - - Organised sports and exercise during leisure time"	category	1	False	X	"=hyperlink(""https://icd.who.int/browse11/l-m/en#/http%3A%2F%2Fid.who.int%2Ficd%2Fentity%2F1710227827"",""browser"")"	True	False					
http://id.who.int/icd/entity/668672057	http://id.who.int/icd/release/11/mms/668672057	XE617		"- - - - Leisure or play"	category	1	False	X	"=hyperlink(""https://icd.who.int/browse11/l-m/en#/http%3A%2F%2Fid.who.int%2Ficd%2Fentity%2F668672057"",""browser"")"	True	False					
http://id.who.int/icd/entity/879017037	http://id.who.int/icd/release/11/mms/879017037	XE5C9		"- - - - Other specified sports and exercise during leisure time"	category	1	False	X	"=hyperlink(""https://icd.who.int/browse11/l-m/en#/http%3A%2F%2Fid.who.int%2Ficd%2Fentity%2F879017037"",""browser"")"	True	False					
http://id.who.int/icd/entity/160164281	http://id.who.int/icd/release/11/mms/160164281			"- - - Being taken care of"	block	3	False	X	"=hyperlink(""https://icd.who.int/browse11/l-m/en#/http%3A%2F%2Fid.who.int%2Ficd%2Fentity%2F160164281"",""browser"")"	False						
http://id.who.int/icd/entity/1750602613	http://id.who.int/icd/release/11/mms/1750602613	XE245		"- - - - Being taken care of by health care professional"	category	1	False	X	"=hyperlink(""https://icd.who.int/browse11/l-m/en#/http%3A%2F%2Fid.who.int%2Ficd%2Fentity%2F1750602613"",""browser"")"	True	False					
http://id.who.int/icd/entity/1361100341	http://id.who.int/icd/release/11/mms/1361100341	XE2EZ		"- - - - Being taken care of by non health care person"	category	1	False	X	"=hyperlink(""https://icd.who.int/browse11/l-m/en#/http%3A%2F%2Fid.who.int%2Ficd%2Fentity%2F1361100341"",""browser"")"	True	False					
http://id.who.int/icd/entity/786745995	http://id.who.int/icd/release/11/mms/786745995	XE643		"- - - - Being taken care of by a person, not specified as a health care professional or non health care person"	category	1	False	X	"=hyperlink(""https://icd.who.int/browse11/l-m/en#/http%3A%2F%2Fid.who.int%2Ficd%2Fentity%2F786745995"",""browser"")"	True	False					
http://id.who.int/icd/entity/1241761605	http://id.who.int/icd/release/11/mms/1241761605			"- - Aspects of place of injury occurrence"	block	2	False	X	"=hyperlink(""https://icd.who.int/browse11/l-m/en#/http%3A%2F%2Fid.who.int%2Ficd%2Fentity%2F1241761605"",""browser"")"	False						
http://id.who.int/icd/entity/1081404635	http://id.who.int/icd/release/11/mms/1081404635			"- - - Type of place"	block	3	False	X	"=hyperlink(""https://icd.who.int/browse11/l-m/en#/http%3A%2F%2Fid.who.int%2Ficd%2Fentity%2F1081404635"",""browser"")"	False						
http://id.who.int/icd/entity/1670965842	http://id.who.int/icd/release/11/mms/1670965842	XE266		"- - - - Home"	category	1	False	X	"=hyperlink(""https://icd.who.int/browse11/l-m/en#/http%3A%2F%2Fid.who.int%2Ficd%2Fentity%2F1670965842"",""browser"")"	False	False					
http://id.who.int/icd/entity/1894348690	http://id.who.int/icd/release/11/mms/1894348690	XE9XY		"- - - - - Detached house"	category	2	False	X	"=hyperlink(""https://icd.who.int/browse11/l-m/en#/http%3A%2F%2Fid.who.int%2Ficd%2Fentity%2F1894348690"",""browser"")"	True	False					
http://id.who.int/icd/entity/1234295506	http://id.who.int/icd/release/11/mms/1234295506	XE9P0		"- - - - - Terrace house or row house"	category	2	False	X	"=hyperlink(""https://icd.who.int/browse11/l-m/en#/http%3A%2F%2Fid.who.int%2Ficd%2Fentity%2F1234295506"",""browser"")"	True	False					
http://id.who.int/icd/entity/1589231122	http://id.who.int/icd/release/11/mms/1589231122	XE7DU		"- - - - - Apartment or flat"	category	2	False	X	"=hyperlink(""https://icd.who.int/browse11/l-m/en#/http%3A%2F%2Fid.who.int%2Ficd%2Fentity%2F1589231122"",""browser"")"	True	False					
http://id.who.int/icd/entity/996180050	http://id.who.int/icd/release/11/mms/996180050	XE7F8		"- - - - - Farmhouse"	category	2	False	X	"=hyperlink(""https://icd.who.int/browse11/l-m/en#/http%3A%2F%2Fid.who.int%2Ficd%2Fentity%2F996180050"",""browser"")"	True	False					
http://id.who.int/icd/entity/742974610	http://id.who.int/icd/release/11/mms/742974610	XE1LE		"- - - - - Residential caravan, mobile home, houseboat or motor home"	category	2	False	X	"=hyperlink(""https://icd.who.int/browse11/l-m/en#/http%3A%2F%2Fid.who.int%2Ficd%2Fentity%2F742974610"",""browser"")"	True	False					
http://id.who.int/icd/entity/355486162	http://id.who.int/icd/release/11/mms/355486162	XE3ZC		"- - - - - Hut"	category	2	False	X	"=hyperlink(""https://icd.who.int/browse11/l-m/en#/http%3A%2F%2Fid.who.int%2Ficd%2Fentity%2F355486162"",""browser"")"	True	False					
http://id.who.int/icd/entity/35138834	http://id.who.int/icd/release/11/mms/35138834	XE6X4		"- - - - - Boarding house or hotel"	category	2	False	X	"=hyperlink(""https://icd.who.int/browse11/l-m/en#/http%3A%2F%2Fid.who.int%2Ficd%2Fentity%2F35138834"",""browser"")"	True	False					
http://id.who.int/icd/entity/1524647698	http://id.who.int/icd/release/11/mms/1524647698	XE9DC		"- - - - Residential institution"	category	1	False	X	"=hyperlink(""https://icd.who.int/browse11/l-m/en#/http%3A%2F%2Fid.who.int%2Ficd%2Fentity%2F1524647698"",""browser"")"	False	False					
http://id.who.int/icd/entity/1716404170	http://id.who.int/icd/release/11/mms/1716404170	XE8PL		"- - - - - Home for the elderly"	category	2	False	X	"=hyperlink(""https://icd.who.int/browse11/l-m/en#/http%3A%2F%2Fid.who.int%2Ficd%2Fentity%2F1716404170"",""browser"")"	True	False					
http://id.who.int/icd/entity/1597411978	http://id.who.int/icd/release/11/mms/1597411978	XE498		"- - - - - Nursing home"	category	2	False	X	"=hyperlink(""https://icd.who.int/browse11/l-m/en#/http%3A%2F%2Fid.who.int%2Ficd%2Fentity%2F1597411978"",""browser"")"	True	False					
http://id.who.int/icd/entity/1209988682	http://id.who.int/icd/release/11/mms/1209988682	XE30E		"- - - - - Prison"	category	2	False	X	"=hyperlink(""https://icd.who.int/browse11/l-m/en#/http%3A%2F%2Fid.who.int%2Ficd%2Fentity%2F1209988682"",""browser"")"	True	False					
http://id.who.int/icd/entity/768067594	http://id.who.int/icd/release/11/mms/768067594	XE8BC		"- - - - - Shelter for battered women and their children"	category	2	False	X	"=hyperlink(""https://icd.who.int/browse11/l-m/en#/http%3A%2F%2Fid.who.int%2Ficd%2Fentity%2F768067594"",""browser"")"	True	False					
http://id.who.int/icd/entity/988785866	http://id.who.int/icd/release/11/mms/988785866	XE138		"- - - - - Military institution"	category	2	False	X	"=hyperlink(""https://icd.who.int/browse11/l-m/en#/http%3A%2F%2Fid.who.int%2Ficd%2Fentity%2F988785866"",""browser"")"	True	False					
http://id.who.int/icd/entity/1304962002	http://id.who.int/icd/release/11/mms/1304962002	XE9VC		"- - - - Medical service area"	category	1	False	X	"=hyperlink(""https://icd.who.int/browse11/l-m/en#/http%3A%2F%2Fid.who.int%2Ficd%2Fentity%2F1304962002"",""browser"")"	False	False					
http://id.who.int/icd/entity/2125227683	http://id.who.int/icd/release/11/mms/2125227683	XE28K		"- - - - - Hospital"	category	2	False	X	"=hyperlink(""https://icd.who.int/browse11/l-m/en#/http%3A%2F%2Fid.who.int%2Ficd%2Fentity%2F2125227683"",""browser"")"	True	False					
http://id.who.int/icd/entity/1205128163	http://id.who.int/icd/release/11/mms/1205128163	XE8DZ		"- - - - - Outpatient clinic or health centre"	category	2	False	X	"=hyperlink(""https://icd.who.int/browse11/l-m/en#/http%3A%2F%2Fid.who.int%2Ficd%2Fentity%2F1205128163"",""browser"")"	True	False					
http://id.who.int/icd/entity/1358737187	http://id.who.int/icd/release/11/mms/1358737187	XE86F		"- - - - - Health professionals' office"	category	2	False	X	"=hyperlink(""https://icd.who.int/browse11/l-m/en#/http%3A%2F%2Fid.who.int%2Ficd%2Fentity%2F1358737187"",""browser"")"	True	False					
http://id.who.int/icd/entity/237419259	http://id.who.int/icd/release/11/mms/237419259	XE9ZD		"- - - - - Hospice"	category	2	False	X	"=hyperlink(""https://icd.who.int/browse11/l-m/en#/http%3A%2F%2Fid.who.int%2Ficd%2Fentity%2F237419259"",""browser"")"	True	False					
http://id.who.int/icd/entity/672210322	http://id.who.int/icd/release/11/mms/672210322	XE6TU		"- - - - School or educational area"	category	1	False	X	"=hyperlink(""https://icd.who.int/browse11/l-m/en#/http%3A%2F%2Fid.who.int%2Ficd%2Fentity%2F672210322"",""browser"")"	False	False					
http://id.who.int/icd/entity/1117763621	http://id.who.int/icd/release/11/mms/1117763621	XE3JM		"- - - - - Child centre or day care centre"	category	2	False	X	"=hyperlink(""https://icd.who.int/browse11/l-m/en#/http%3A%2F%2Fid.who.int%2Ficd%2Fentity%2F1117763621"",""browser"")"	True	False					
http://id.who.int/icd/entity/2078741861	http://id.who.int/icd/release/11/mms/2078741861	XE9LH		"- - - - - Preschool or kindergarten"	category	2	False	X	"=hyperlink(""https://icd.who.int/browse11/l-m/en#/http%3A%2F%2Fid.who.int%2Ficd%2Fentity%2F2078741861"",""browser"")"	True	False					
http://id.who.int/icd/entity/1825534373	http://id.who.int/icd/release/11/mms/1825534373	XE1ZF		"- - - - - Primary school"	category	2	False	X	"=hyperlink(""https://icd.who.int/browse11/l-m/en#/http%3A%2F%2Fid.who.int%2Ficd%2Fentity%2F1825534373"",""browser"")"	True	False					
http://id.who.int/icd/entity/152457189	http://id.who.int/icd/release/11/mms/152457189	XE3CZ		"- - - - - Secondary school"	category	2	False	X	"=hyperlink(""https://icd.who.int/browse11/l-m/en#/http%3A%2F%2Fid.who.int%2Ficd%2Fentity%2F152457189"",""browser"")"	True	False					
http://id.who.int/icd/entity/507390757	http://id.who.int/icd/release/11/mms/507390757	XE9BK		"- - - - - College or university"	category	2	False	X	"=hyperlink(""https://icd.who.int/browse11/l-m/en#/http%3A%2F%2Fid.who.int%2Ficd%2Fentity%2F507390757"",""browser"")"	True	False					
http://id.who.int/icd/entity/658933349	http://id.who.int/icd/release/11/mms/658933349	XE1JM		"- - - - - Adult education institution"	category	2	False	X	"=hyperlink(""https://icd.who.int/browse11/l-m/en#/http%3A%2F%2Fid.who.int%2Ficd%2Fentity%2F658933349"",""browser"")"	True	False					
http://id.who.int/icd/entity/1060731218	http://id.who.int/icd/release/11/mms/1060731218	XE7K0		"- - - - Sports and athletics area"	category	1	False	X	"=hyperlink(""https://icd.who.int/browse11/l-m/en#/http%3A%2F%2Fid.who.int%2Ficd%2Fentity%2F1060731218"",""browser"")"	False	False					
http://id.who.int/icd/entity/1098038036	http://id.who.int/icd/release/11/mms/1098038036	XE9WC		"- - - - - Outdoor sporting grounds"	category	2	False	X	"=hyperlink(""https://icd.who.int/browse11/l-m/en#/http%3A%2F%2Fid.who.int%2Ficd%2Fentity%2F1098038036"",""browser"")"	True	False					
http://id.who.int/icd/entity/2013926996	http://id.who.int/icd/release/11/mms/2013926996	XE1CY		"- - - - - Indoor sporting hall"	category	2	False	X	"=hyperlink(""https://icd.who.int/browse11/l-m/en#/http%3A%2F%2Fid.who.int%2Ficd%2Fentity%2F2013926996"",""browser"")"	True	False					
http://id.who.int/icd/entity/1864528532	http://id.who.int/icd/release/11/mms/1864528532	XE3YG		"- - - - - Public swimming centre"	category	2	False	X	"=hyperlink(""https://icd.who.int/browse11/l-m/en#/http%3A%2F%2Fid.who.int%2Ficd%2Fentity%2F1864528532"",""browser"")"	True	False					
http://id.who.int/icd/entity/184241364	http://id.who.int/icd/release/11/mms/184241364	XE8BN		"- - - - - Racetrack or racecourse"	category	2	False	X	"=hyperlink(""https://icd.who.int/browse11/l-m/en#/http%3A%2F%2Fid.who.int%2Ficd%2Fentity%2F184241364"",""browser"")"	True	False					
http://id.who.int/icd/entity/500377620	http://id.who.int/icd/release/11/mms/500377620	XE2LU		"- - - - - Equestrian facility"	category	2	False	X	"=hyperlink(""https://icd.who.int/browse11/l-m/en#/http%3A%2F%2Fid.who.int%2Ficd%2Fentity%2F500377620"",""browser"")"	True	False					
http://id.who.int/icd/entity/615220564	http://id.who.int/icd/release/11/mms/615220564	XE7QG		"- - - - - Skating rink or ice palace"	category	2	False	X	"=hyperlink(""https://icd.who.int/browse11/l-m/en#/http%3A%2F%2Fid.who.int%2Ficd%2Fentity%2F615220564"",""browser"")"	True	False					
http://id.who.int/icd/entity/864280980	http://id.who.int/icd/release/11/mms/864280980	XE7WU		"- - - - - Skiing or snowboarding area"	category	2	False	X	"=hyperlink(""https://icd.who.int/browse11/l-m/en#/http%3A%2F%2Fid.who.int%2Ficd%2Fentity%2F864280980"",""browser"")"	True	False					
http://id.who.int/icd/entity/713258542	http://id.who.int/icd/release/11/mms/713258542	XE5NE		"- - - - Public highway, street or road"	category	1	False	X	"=hyperlink(""https://icd.who.int/browse11/l-m/en#/http%3A%2F%2Fid.who.int%2Ficd%2Fentity%2F713258542"",""browser"")"	False	False					
http://id.who.int/icd/entity/1289398548	http://id.who.int/icd/release/11/mms/1289398548	XE6NQ		"- - - - - Roadway"	category	2	False	X	"=hyperlink(""https://icd.who.int/browse11/l-m/en#/http%3A%2F%2Fid.who.int%2Ficd%2Fentity%2F1289398548"",""browser"")"	True	False					
http://id.who.int/icd/entity/1973552212	http://id.who.int/icd/release/11/mms/1973552212	XE53A		"- - - - - Sidewalk"	category	2	False	X	"=hyperlink(""https://icd.who.int/browse11/l-m/en#/http%3A%2F%2Fid.who.int%2Ficd%2Fentity%2F1973552212"",""browser"")"	True	False					
http://id.who.int/icd/entity/1653235860	http://id.who.int/icd/release/11/mms/1653235860	XE4U4		"- - - - - Cycleway"	category	2	False	X	"=hyperlink(""https://icd.who.int/browse11/l-m/en#/http%3A%2F%2Fid.who.int%2Ficd%2Fentity%2F1653235860"",""browser"")"	True	False					
http://id.who.int/icd/entity/292139218	http://id.who.int/icd/release/11/mms/292139218	XE5KY		"- - - - Transport area other than highway, street or road"	category	1	False	X	"=hyperlink(""https://icd.who.int/browse11/l-m/en#/http%3A%2F%2Fid.who.int%2Ficd%2Fentity%2F292139218"",""browser"")"	False	False					
http://id.who.int/icd/entity/1413017725	http://id.who.int/icd/release/11/mms/1413017725	XE3NV		"- - - - - Parking area"	category	2	False	X	"=hyperlink(""https://icd.who.int/browse11/l-m/en#/http%3A%2F%2Fid.who.int%2Ficd%2Fentity%2F1413017725"",""browser"")"	True	False					
http://id.who.int/icd/entity/2053650941	http://id.who.int/icd/release/11/mms/2053650941	XE4N9		"- - - - - Public transport area or facility"	category	2	False	X	"=hyperlink(""https://icd.who.int/browse11/l-m/en#/http%3A%2F%2Fid.who.int%2Ficd%2Fentity%2F2053650941"",""browser"")"	True	False					
http://id.who.int/icd/entity/839669614	http://id.who.int/icd/release/11/mms/839669614	XE7T4		"- - - - Industrial or construction area"	category	1	False	X	"=hyperlink(""https://icd.who.int/browse11/l-m/en#/http%3A%2F%2Fid.who.int%2Ficd%2Fentity%2F839669614"",""browser"")"	False	False					
http://id.who.int/icd/entity/640506137	http://id.who.int/icd/release/11/mms/640506137	XE11T		"- - - - - Building under construction"	category	2	False	X	"=hyperlink(""https://icd.who.int/browse11/l-m/en#/http%3A%2F%2Fid.who.int%2Ficd%2Fentity%2F640506137"",""browser"")"	True	False					
http://id.who.int/icd/entity/525726809	http://id.who.int/icd/release/11/mms/525726809	XE0Z7		"- - - - - Demolition site"	category	2	False	X	"=hyperlink(""https://icd.who.int/browse11/l-m/en#/http%3A%2F%2Fid.who.int%2Ficd%2Fentity%2F525726809"",""browser"")"	True	False					
http://id.who.int/icd/entity/142446745	http://id.who.int/icd/release/11/mms/142446745	XE3U5		"- - - - - Factory or plant"	category	2	False	X	"=hyperlink(""https://icd.who.int/browse11/l-m/en#/http%3A%2F%2Fid.who.int%2Ficd%2Fentity%2F142446745"",""browser"")"	True	False					
http://id.who.int/icd/entity/1839509209	http://id.who.int/icd/release/11/mms/1839509209	XE0Y1		"- - - - - Mine or quarry"	category	2	False	X	"=hyperlink(""https://icd.who.int/browse11/l-m/en#/http%3A%2F%2Fid.who.int%2Ficd%2Fentity%2F1839509209"",""browser"")"	True	False					
http://id.who.int/icd/entity/2056047129	http://id.who.int/icd/release/11/mms/2056047129	XE7GD		"- - - - - Oil or gas extraction facility"	category	2	False	X	"=hyperlink(""https://icd.who.int/browse11/l-m/en#/http%3A%2F%2Fid.who.int%2Ficd%2Fentity%2F2056047129"",""browser"")"	True	False					
http://id.who.int/icd/entity/1140090713	http://id.who.int/icd/release/11/mms/1140090713	XE7MT		"- - - - - Shipyard"	category	2	False	X	"=hyperlink(""https://icd.who.int/browse11/l-m/en#/http%3A%2F%2Fid.who.int%2Ficd%2Fentity%2F1140090713"",""browser"")"	True	False					
http://id.who.int/icd/entity/1423704985	http://id.who.int/icd/release/11/mms/1423704985	XE8Q1		"- - - - - Power station"	category	2	False	X	"=hyperlink(""https://icd.who.int/browse11/l-m/en#/http%3A%2F%2Fid.who.int%2Ficd%2Fentity%2F1423704985"",""browser"")"	True	False					
http://id.who.int/icd/entity/623129518	http://id.who.int/icd/release/11/mms/623129518	XE9CS		"- - - - Farm or other place of primary production"	category	1	False	X	"=hyperlink(""https://icd.who.int/browse11/l-m/en#/http%3A%2F%2Fid.who.int%2Ficd%2Fentity%2F623129518"",""browser"")"	False	False					
http://id.who.int/icd/entity/1053753458	http://id.who.int/icd/release/11/mms/1053753458	XE1ES		"- - - - - Area for growing crops, market gardening, horticulture"	category	2	False	X	"=hyperlink(""https://icd.who.int/browse11/l-m/en#/http%3A%2F%2Fid.who.int%2Ficd%2Fentity%2F1053753458"",""browser"")"	True	False					
http://id.who.int/icd/entity/129477938	http://id.who.int/icd/release/11/mms/129477938	XE54N		"- - - - - Area for raising or care of animals"	category	2	False	X	"=hyperlink(""https://icd.who.int/browse11/l-m/en#/http%3A%2F%2Fid.who.int%2Ficd%2Fentity%2F129477938"",""browser"")"	False	False					
http://id.who.int/icd/entity/210958315	http://id.who.int/icd/release/11/mms/210958315	XE9WB		"- - - - - - Animal stables"	category	3	False	X	"=hyperlink(""https://icd.who.int/browse11/l-m/en#/http%3A%2F%2Fid.who.int%2Ficd%2Fentity%2F210958315"",""browser"")"	True	False					
http://id.who.int/icd/entity/278907378	http://id.who.int/icd/release/11/mms/278907378	XE9C6		"- - - - - Area for growing crops combined with raising and care of animals"	category	2	False	X	"=hyperlink(""https://icd.who.int/browse11/l-m/en#/http%3A%2F%2Fid.who.int%2Ficd%2Fentity%2F278907378"",""browser"")"	True	False					
http://id.who.int/icd/entity/278563516	http://id.who.int/icd/release/11/mms/278563516	XE1WL		"- - - - Place for socialising and consumption of alcoholic drinks"	category	1	False	X	"=hyperlink(""https://icd.who.int/browse11/l-m/en#/http%3A%2F%2Fid.who.int%2Ficd%2Fentity%2F278563516"",""browser"")"	False	False					
http://id.who.int/icd/entity/479878845	http://id.who.int/icd/release/11/mms/479878845	XE03P		"- - - - - Bar, pub, saloon or other commercial place primarily for provision of alcoholic drinks"	category	2	False	X	"=hyperlink(""https://icd.who.int/browse11/l-m/en#/http%3A%2F%2Fid.who.int%2Ficd%2Fentity%2F479878845"",""browser"")"	True	False					
http://id.who.int/icd/entity/1721061982	http://id.who.int/icd/release/11/mms/1721061982	XE7Y2		"- - - - - Nightclub, restaurant or other commercial place for socialising and recreation"	category	2	False	X	"=hyperlink(""https://icd.who.int/browse11/l-m/en#/http%3A%2F%2Fid.who.int%2Ficd%2Fentity%2F1721061982"",""browser"")"	True	False					
http://id.who.int/icd/entity/1231726668	http://id.who.int/icd/release/11/mms/1231726668	XE7GY		"- - - - Recreational area, cultural area, or public building"	category	1	False	X	"=hyperlink(""https://icd.who.int/browse11/l-m/en#/http%3A%2F%2Fid.who.int%2Ficd%2Fentity%2F1231726668"",""browser"")"	False	False					
http://id.who.int/icd/entity/630355598	http://id.who.int/icd/release/11/mms/630355598	XE0AJ		"- - - - - Public playground"	category	2	False	X	"=hyperlink(""https://icd.who.int/browse11/l-m/en#/http%3A%2F%2Fid.who.int%2Ficd%2Fentity%2F630355598"",""browser"")"	True	False					
http://id.who.int/icd/entity/485153742	http://id.who.int/icd/release/11/mms/485153742	XE35Q		"- - - - - Amusement park or theme park"	category	2	False	X	"=hyperlink(""https://icd.who.int/browse11/l-m/en#/http%3A%2F%2Fid.who.int%2Ficd%2Fentity%2F485153742"",""browser"")"	True	False					
http://id.who.int/icd/entity/197312270	http://id.who.int/icd/release/11/mms/197312270	XE5C2		"- - - - - Public park"	category	2	False	X	"=hyperlink(""https://icd.who.int/browse11/l-m/en#/http%3A%2F%2Fid.who.int%2Ficd%2Fentity%2F197312270"",""browser"")"	True	False					
http://id.who.int/icd/entity/1847296334	http://id.who.int/icd/release/11/mms/1847296334	XE774		"- - - - - Non-cultural public building"	category	2	False	X	"=hyperlink(""https://icd.who.int/browse11/l-m/en#/http%3A%2F%2Fid.who.int%2Ficd%2Fentity%2F1847296334"",""browser"")"	True	False					
http://id.who.int/icd/entity/2033444238	http://id.who.int/icd/release/11/mms/2033444238	XE4TG		"- - - - - Holiday park or campground"	category	2	False	X	"=hyperlink(""https://icd.who.int/browse11/l-m/en#/http%3A%2F%2Fid.who.int%2Ficd%2Fentity%2F2033444238"",""browser"")"	True	False					
http://id.who.int/icd/entity/1078675662	http://id.who.int/icd/release/11/mms/1078675662	XE0ES		"- - - - - Public religious place"	category	2	False	X	"=hyperlink(""https://icd.who.int/browse11/l-m/en#/http%3A%2F%2Fid.who.int%2Ficd%2Fentity%2F1078675662"",""browser"")"	True	False					
http://id.who.int/icd/entity/1581436044	http://id.who.int/icd/release/11/mms/1581436044	XE48U		"- - - - Commercial area (non-recreational)"	category	1	False	X	"=hyperlink(""https://icd.who.int/browse11/l-m/en#/http%3A%2F%2Fid.who.int%2Ficd%2Fentity%2F1581436044"",""browser"")"	False	False					
http://id.who.int/icd/entity/1030762471	http://id.who.int/icd/release/11/mms/1030762471	XE319		"- - - - - Shop or store"	category	2	False	X	"=hyperlink(""https://icd.who.int/browse11/l-m/en#/http%3A%2F%2Fid.who.int%2Ficd%2Fentity%2F1030762471"",""browser"")"	True	False					
http://id.who.int/icd/entity/2016260698	http://id.who.int/icd/release/11/mms/2016260698	XE058		"- - - - - Café or fast food outlet"	category	2	False	X	"=hyperlink(""https://icd.who.int/browse11/l-m/en#/http%3A%2F%2Fid.who.int%2Ficd%2Fentity%2F2016260698"",""browser"")"	True	False					
http://id.who.int/icd/entity/67666599	http://id.who.int/icd/release/11/mms/67666599	XE543		"- - - - - Commercial garage"	category	2	False	X	"=hyperlink(""https://icd.who.int/browse11/l-m/en#/http%3A%2F%2Fid.who.int%2Ficd%2Fentity%2F67666599"",""browser"")"	True	False					
http://id.who.int/icd/entity/320923239	http://id.who.int/icd/release/11/mms/320923239	XE58T		"- - - - - Office building"	category	2	False	X	"=hyperlink(""https://icd.who.int/browse11/l-m/en#/http%3A%2F%2Fid.who.int%2Ficd%2Fentity%2F320923239"",""browser"")"	True	False					
http://id.who.int/icd/entity/1731879372	http://id.who.int/icd/release/11/mms/1731879372	XE5JL		"- - - - Countryside"	category	1	False	X	"=hyperlink(""https://icd.who.int/browse11/l-m/en#/http%3A%2F%2Fid.who.int%2Ficd%2Fentity%2F1731879372"",""browser"")"	False	False					
http://id.who.int/icd/entity/819477985	http://id.who.int/icd/release/11/mms/819477985	XE0ZP		"- - - - - Area of still water"	category	2	False	X	"=hyperlink(""https://icd.who.int/browse11/l-m/en#/http%3A%2F%2Fid.who.int%2Ficd%2Fentity%2F819477985"",""browser"")"	True	False					
http://id.who.int/icd/entity/161517729	http://id.who.int/icd/release/11/mms/161517729	XE17F		"- - - - - Stream of water"	category	2	False	X	"=hyperlink(""https://icd.who.int/browse11/l-m/en#/http%3A%2F%2Fid.who.int%2Ficd%2Fentity%2F161517729"",""browser"")"	True	False					
http://id.who.int/icd/entity/512291937	http://id.who.int/icd/release/11/mms/512291937	XE93X		"- - - - - Large area of water"	category	2	False	X	"=hyperlink(""https://icd.who.int/browse11/l-m/en#/http%3A%2F%2Fid.who.int%2Ficd%2Fentity%2F512291937"",""browser"")"	True	False					
http://id.who.int/icd/entity/2068957729	http://id.who.int/icd/release/11/mms/2068957729	XE5TX		"- - - - - Marsh or swamp"	category	2	False	X	"=hyperlink(""https://icd.who.int/browse11/l-m/en#/http%3A%2F%2Fid.who.int%2Ficd%2Fentity%2F2068957729"",""browser"")"	True	False					
http://id.who.int/icd/entity/1819913953	http://id.who.int/icd/release/11/mms/1819913953	XE010		"- - - - - Beach, shore or bank of a body of water"	category	2	False	X	"=hyperlink(""https://icd.who.int/browse11/l-m/en#/http%3A%2F%2Fid.who.int%2Ficd%2Fentity%2F1819913953"",""browser"")"	True	False					
http://id.who.int/icd/entity/1426129825	http://id.who.int/icd/release/11/mms/1426129825	XE6AV		"- - - - - Forest"	category	2	False	X	"=hyperlink(""https://icd.who.int/browse11/l-m/en#/http%3A%2F%2Fid.who.int%2Ficd%2Fentity%2F1426129825"",""browser"")"	True	False					
http://id.who.int/icd/entity/1110009697	http://id.who.int/icd/release/11/mms/1110009697	XE601		"- - - - - Desert"	category	2	False	X	"=hyperlink(""https://icd.who.int/browse11/l-m/en#/http%3A%2F%2Fid.who.int%2Ficd%2Fentity%2F1110009697"",""browser"")"	True	False					
http://id.who.int/icd/entity/391771100	http://id.who.int/icd/release/11/mms/391771100	XE2BE		"- - - - Out-of-hospital"	category	1	False	X	"=hyperlink(""https://icd.who.int/browse11/l-m/en#/http%3A%2F%2Fid.who.int%2Ficd%2Fentity%2F391771100"",""browser"")"	True	False					
http://id.who.int/icd/entity/53410898	http://id.who.int/icd/release/11/mms/53410898	XE36S		"- - - - In-hospital"	category	1	False	X	"=hyperlink(""https://icd.who.int/browse11/l-m/en#/http%3A%2F%2Fid.who.int%2Ficd%2Fentity%2F53410898"",""browser"")"	True	False					
http://id.who.int/icd/entity/1786773723	http://id.who.int/icd/release/11/mms/1786773723			"- - - Part of place"	block	3	False	X	"=hyperlink(""https://icd.who.int/browse11/l-m/en#/http%3A%2F%2Fid.who.int%2Ficd%2Fentity%2F1786773723"",""browser"")"	False						
http://id.who.int/icd/entity/1745563387	http://id.who.int/icd/release/11/mms/1745563387	XE2XM		"- - - - Part of building or grounds, bathroom, toilet"	category	1	False	X	"=hyperlink(""https://icd.who.int/browse11/l-m/en#/http%3A%2F%2Fid.who.int%2Ficd%2Fentity%2F1745563387"",""browser"")"	True	False					
http://id.who.int/icd/entity/1366524859	http://id.who.int/icd/release/11/mms/1366524859	XE4XM		"- - - - Part of building or grounds, kitchen"	category	1	False	X	"=hyperlink(""https://icd.who.int/browse11/l-m/en#/http%3A%2F%2Fid.who.int%2Ficd%2Fentity%2F1366524859"",""browser"")"	True	False					
http://id.who.int/icd/entity/1180428155	http://id.who.int/icd/release/11/mms/1180428155	XE1M5		"- - - - Part of building or grounds, living room"	category	1	False	X	"=hyperlink(""https://icd.who.int/browse11/l-m/en#/http%3A%2F%2Fid.who.int%2Ficd%2Fentity%2F1180428155"",""browser"")"	True	False					
http://id.who.int/icd/entity/595777851	http://id.who.int/icd/release/11/mms/595777851	XE8RZ		"- - - - Part of building or grounds, bedroom"	category	1	False	X	"=hyperlink(""https://icd.who.int/browse11/l-m/en#/http%3A%2F%2Fid.who.int%2Ficd%2Fentity%2F595777851"",""browser"")"	True	False					
http://id.who.int/icd/entity/883604987	http://id.who.int/icd/release/11/mms/883604987	XE45Z		"- - - - Part of building or grounds, playroom or family room"	category	1	False	X	"=hyperlink(""https://icd.who.int/browse11/l-m/en#/http%3A%2F%2Fid.who.int%2Ficd%2Fentity%2F883604987"",""browser"")"	True	False					
http://id.who.int/icd/entity/231870651	http://id.who.int/icd/release/11/mms/231870651	XE051		"- - - - Part of building or grounds, office or home office"	category	1	False	X	"=hyperlink(""https://icd.who.int/browse11/l-m/en#/http%3A%2F%2Fid.who.int%2Ficd%2Fentity%2F231870651"",""browser"")"	True	False					
http://id.who.int/icd/entity/452621435	http://id.who.int/icd/release/11/mms/452621435	XE115		"- - - - Part of building or grounds, classroom"	category	1	False	X	"=hyperlink(""https://icd.who.int/browse11/l-m/en#/http%3A%2F%2Fid.who.int%2Ficd%2Fentity%2F452621435"",""browser"")"	True	False					
http://id.who.int/icd/entity/966759365	http://id.who.int/icd/release/11/mms/966759365	XE70Z		"- - - - Part of building or grounds, canteen or cafeteria"	category	1	False	X	"=hyperlink(""https://icd.who.int/browse11/l-m/en#/http%3A%2F%2Fid.who.int%2Ficd%2Fentity%2F966759365"",""browser"")"	True	False					
http://id.who.int/icd/entity/783808261	http://id.who.int/icd/release/11/mms/783808261	XE4U5		"- - - - Part of building or grounds, balcony"	category	1	False	X	"=hyperlink(""https://icd.who.int/browse11/l-m/en#/http%3A%2F%2Fid.who.int%2Ficd%2Fentity%2F783808261"",""browser"")"	True	False					
http://id.who.int/icd/entity/1735344044	http://id.who.int/icd/release/11/mms/1735344044	XE2NQ		"- - - - Part of building or grounds, stairs"	category	1	False	X	"=hyperlink(""https://icd.who.int/browse11/l-m/en#/http%3A%2F%2Fid.who.int%2Ficd%2Fentity%2F1735344044"",""browser"")"	True	False					
http://id.who.int/icd/entity/1883724652	http://id.who.int/icd/release/11/mms/1883724652	XE9L8		"- - - - Part of building or grounds, elevator"	category	1	False	X	"=hyperlink(""https://icd.who.int/browse11/l-m/en#/http%3A%2F%2Fid.who.int%2Ficd%2Fentity%2F1883724652"",""browser"")"	True	False					
http://id.who.int/icd/entity/1228928556	http://id.who.int/icd/release/11/mms/1228928556	XE6ZJ		"- - - - Part of building or grounds, corridor"	category	1	False	X	"=hyperlink(""https://icd.who.int/browse11/l-m/en#/http%3A%2F%2Fid.who.int%2Ficd%2Fentity%2F1228928556"",""browser"")"	True	False					
http://id.who.int/icd/entity/1578603244	http://id.who.int/icd/release/11/mms/1578603244	XE3R6		"- - - - Part of building or grounds, lobby"	category	1	False	X	"=hyperlink(""https://icd.who.int/browse11/l-m/en#/http%3A%2F%2Fid.who.int%2Ficd%2Fentity%2F1578603244"",""browser"")"	True	False					
http://id.who.int/icd/entity/1003400364	http://id.who.int/icd/release/11/mms/1003400364	XE3DE		"- - - - Part of building or grounds, garden or yard"	category	1	False	X	"=hyperlink(""https://icd.who.int/browse11/l-m/en#/http%3A%2F%2Fid.who.int%2Ficd%2Fentity%2F1003400364"",""browser"")"	True	False					
http://id.who.int/icd/entity/753322092	http://id.who.int/icd/release/11/mms/753322092	XE2Q4		"- - - - Part of building or grounds, garage"	category	1	False	X	"=hyperlink(""https://icd.who.int/browse11/l-m/en#/http%3A%2F%2Fid.who.int%2Ficd%2Fentity%2F753322092"",""browser"")"	True	False					
http://id.who.int/icd/entity/362702124	http://id.who.int/icd/release/11/mms/362702124	XE65J		"- - - - Part of building or grounds, driveway"	category	1	False	X	"=hyperlink(""https://icd.who.int/browse11/l-m/en#/http%3A%2F%2Fid.who.int%2Ficd%2Fentity%2F362702124"",""browser"")"	True	False					
http://id.who.int/icd/entity/45482476	http://id.who.int/icd/release/11/mms/45482476	XE4PW		"- - - - Part of building or grounds, swimming pool"	category	1	False	X	"=hyperlink(""https://icd.who.int/browse11/l-m/en#/http%3A%2F%2Fid.who.int%2Ficd%2Fentity%2F45482476"",""browser"")"	True	False					
http://id.who.int/icd/entity/567535188	http://id.who.int/icd/release/11/mms/567535188	XE7DE		"- - - - Part of building or grounds, tennis court"	category	1	False	X	"=hyperlink(""https://icd.who.int/browse11/l-m/en#/http%3A%2F%2Fid.who.int%2Ficd%2Fentity%2F567535188"",""browser"")"	True	False					
http://id.who.int/icd/entity/922452628	http://id.who.int/icd/release/11/mms/922452628	XE9DN		"- - - - Part of building or grounds, other specified sporting facility"	category	1	False	X	"=hyperlink(""https://icd.who.int/browse11/l-m/en#/http%3A%2F%2Fid.who.int%2Ficd%2Fentity%2F922452628"",""browser"")"	True	False					
http://id.who.int/icd/entity/1064408708	http://id.who.int/icd/release/11/mms/1064408708	XE8SG		"- - - - Part of building or grounds, playground"	category	1	False	X	"=hyperlink(""https://icd.who.int/browse11/l-m/en#/http%3A%2F%2Fid.who.int%2Ficd%2Fentity%2F1064408708"",""browser"")"	True	False					
http://id.who.int/icd/entity/676983364	http://id.who.int/icd/release/11/mms/676983364	XE5RE		"- - - - Part of building or grounds, private road"	category	1	False	X	"=hyperlink(""https://icd.who.int/browse11/l-m/en#/http%3A%2F%2Fid.who.int%2Ficd%2Fentity%2F676983364"",""browser"")"	True	False					
http://id.who.int/icd/entity/287399684	http://id.who.int/icd/release/11/mms/287399684	XE5MW		"- - - - Part of building or grounds, private parking area"	category	1	False	X	"=hyperlink(""https://icd.who.int/browse11/l-m/en#/http%3A%2F%2Fid.who.int%2Ficd%2Fentity%2F287399684"",""browser"")"	True	False					
http://id.who.int/icd/entity/203498770	http://id.who.int/icd/release/11/mms/203498770	XE6ZY		"- - - - Part of building or grounds, other specified indoor part of building or grounds"	category	1	False	X	"=hyperlink(""https://icd.who.int/browse11/l-m/en#/http%3A%2F%2Fid.who.int%2Ficd%2Fentity%2F203498770"",""browser"")"	True	False					
http://id.who.int/icd/entity/453591506	http://id.who.int/icd/release/11/mms/453591506	XE06N		"- - - - Part of building or grounds, other specified outdoor part of building or grounds"	category	1	False	X	"=hyperlink(""https://icd.who.int/browse11/l-m/en#/http%3A%2F%2Fid.who.int%2Ficd%2Fentity%2F453591506"",""browser"")"	True	False					
http://id.who.int/icd/entity/632148635	http://id.who.int/icd/release/11/mms/632148635			"- - Objects, living things or substances involved in causing injury"	block	2	False	X	"=hyperlink(""https://icd.who.int/browse11/l-m/en#/http%3A%2F%2Fid.who.int%2Ficd%2Fentity%2F632148635"",""browser"")"	False						
http://id.who.int/icd/entity/1151626888	http://id.who.int/icd/release/11/mms/1151626888			"- - - Land vehicle or means of land transport"	block	3	False	X	"=hyperlink(""https://icd.who.int/browse11/l-m/en#/http%3A%2F%2Fid.who.int%2Ficd%2Fentity%2F1151626888"",""browser"")"	False						
http://id.who.int/icd/entity/1090117309	http://id.who.int/icd/release/11/mms/1090117309	XE81T		"- - - - Person-powered means of transport"	category	1	False	X	"=hyperlink(""https://icd.who.int/browse11/l-m/en#/http%3A%2F%2Fid.who.int%2Ficd%2Fentity%2F1090117309"",""browser"")"	False	False					
http://id.who.int/icd/entity/988233492	http://id.who.int/icd/release/11/mms/988233492	XE38Y		"- - - - - Transport vehicle drawn or pushed by person"	category	2	False	X	"=hyperlink(""https://icd.who.int/browse11/l-m/en#/http%3A%2F%2Fid.who.int%2Ficd%2Fentity%2F988233492"",""browser"")"	True	False					
http://id.who.int/icd/entity/1715907604	http://id.who.int/icd/release/11/mms/1715907604	XE94Q		"- - - - - Pedal cycle"	category	2	False	X	"=hyperlink(""https://icd.who.int/browse11/l-m/en#/http%3A%2F%2Fid.who.int%2Ficd%2Fentity%2F1715907604"",""browser"")"	True	False					
http://id.who.int/icd/entity/2038526973	http://id.who.int/icd/release/11/mms/2038526973	XE1MP		"- - - - Animal-powered means of transport"	category	1	False	X	"=hyperlink(""https://icd.who.int/browse11/l-m/en#/http%3A%2F%2Fid.who.int%2Ficd%2Fentity%2F2038526973"",""browser"")"	False	False					
http://id.who.int/icd/entity/943274035	http://id.who.int/icd/release/11/mms/943274035	XE0ZZ		"- - - - - Animal being ridden"	category	2	False	X	"=hyperlink(""https://icd.who.int/browse11/l-m/en#/http%3A%2F%2Fid.who.int%2Ficd%2Fentity%2F943274035"",""browser"")"	True	False					
http://id.who.int/icd/entity/1687726899	http://id.who.int/icd/release/11/mms/1687726899	XE1CF		"- - - - - Animal-drawn vehicle"	category	2	False	X	"=hyperlink(""https://icd.who.int/browse11/l-m/en#/http%3A%2F%2Fid.who.int%2Ficd%2Fentity%2F1687726899"",""browser"")"	True	False					
http://id.who.int/icd/entity/1856575293	http://id.who.int/icd/release/11/mms/1856575293	XE3ZP		"- - - - Motorised two- or three-wheeled vehicle"	category	1	False	X	"=hyperlink(""https://icd.who.int/browse11/l-m/en#/http%3A%2F%2Fid.who.int%2Ficd%2Fentity%2F1856575293"",""browser"")"	False	False					
http://id.who.int/icd/entity/965526830	http://id.who.int/icd/release/11/mms/965526830	XE0TY		"- - - - - Motorcycle"	category	2	False	X	"=hyperlink(""https://icd.who.int/browse11/l-m/en#/http%3A%2F%2Fid.who.int%2Ficd%2Fentity%2F965526830"",""browser"")"	True	False					
http://id.who.int/icd/entity/1697469998	http://id.who.int/icd/release/11/mms/1697469998	XE9N6		"- - - - - Moped, scooter"	category	2	False	X	"=hyperlink(""https://icd.who.int/browse11/l-m/en#/http%3A%2F%2Fid.who.int%2Ficd%2Fentity%2F1697469998"",""browser"")"	True	False					
http://id.who.int/icd/entity/1350449975	http://id.who.int/icd/release/11/mms/1350449975	XE9AX		"- - - - - Three-wheeled motor vehicle or scooter"	category	2	False	X	"=hyperlink(""https://icd.who.int/browse11/l-m/en#/http%3A%2F%2Fid.who.int%2Ficd%2Fentity%2F1350449975"",""browser"")"	True	False					
http://id.who.int/icd/entity/191900029	http://id.who.int/icd/release/11/mms/191900029	XE3GH		"- - - - Light transport vehicle with four or more wheels"	category	1	False	X	"=hyperlink(""https://icd.who.int/browse11/l-m/en#/http%3A%2F%2Fid.who.int%2Ficd%2Fentity%2F191900029"",""browser"")"	False	False					
http://id.who.int/icd/entity/1032140413	http://id.who.int/icd/release/11/mms/1032140413	XE50Z		"- - - - - Passenger car"	category	2	False	X	"=hyperlink(""https://icd.who.int/browse11/l-m/en#/http%3A%2F%2Fid.who.int%2Ficd%2Fentity%2F1032140413"",""browser"")"	True	False					
http://id.who.int/icd/entity/1629791613	http://id.who.int/icd/release/11/mms/1629791613	XE4BF		"- - - - - Light truck, Sports Utility Vehicle (SUV), utility van, 4x4 vehicle, jeep, pick-up truck"	category	2	False	X	"=hyperlink(""https://icd.who.int/browse11/l-m/en#/http%3A%2F%2Fid.who.int%2Ficd%2Fentity%2F1629791613"",""browser"")"	True	False					
http://id.who.int/icd/entity/1417136230	http://id.who.int/icd/release/11/mms/1417136230	XE6DC		"- - - - - Minibus"	category	2	False	X	"=hyperlink(""https://icd.who.int/browse11/l-m/en#/http%3A%2F%2Fid.who.int%2Ficd%2Fentity%2F1417136230"",""browser"")"	True	False					
http://id.who.int/icd/entity/475549117	http://id.who.int/icd/release/11/mms/475549117	XE4NR		"- - - - Heavy transport vehicle with four or more wheels"	category	1	False	X	"=hyperlink(""https://icd.who.int/browse11/l-m/en#/http%3A%2F%2Fid.who.int%2Ficd%2Fentity%2F475549117"",""browser"")"	False	False					
http://id.who.int/icd/entity/1009830752	http://id.who.int/icd/release/11/mms/1009830752	XE60G		"- - - - - Bus, coach"	category	2	False	X	"=hyperlink(""https://icd.who.int/browse11/l-m/en#/http%3A%2F%2Fid.who.int%2Ficd%2Fentity%2F1009830752"",""browser"")"	True	False					
http://id.who.int/icd/entity/1438791033	http://id.who.int/icd/release/11/mms/1438791033	XE8XB		"- - - - - Tractor-trailer, articulated lorry, 18-wheeler, rig"	category	2	False	X	"=hyperlink(""https://icd.who.int/browse11/l-m/en#/http%3A%2F%2Fid.who.int%2Ficd%2Fentity%2F1438791033"",""browser"")"	True	False					
http://id.who.int/icd/entity/1929774728	http://id.who.int/icd/release/11/mms/1929774728	XE5A8		"- - - - - Heavy truck, not elsewhere classified"	category	2	False	X	"=hyperlink(""https://icd.who.int/browse11/l-m/en#/http%3A%2F%2Fid.who.int%2Ficd%2Fentity%2F1929774728"",""browser"")"	True	False					
http://id.who.int/icd/entity/1692008976	http://id.who.int/icd/release/11/mms/1692008976	XE5KW		"- - - - - Trailer or horse-float"	category	2	False	X	"=hyperlink(""https://icd.who.int/browse11/l-m/en#/http%3A%2F%2Fid.who.int%2Ficd%2Fentity%2F1692008976"",""browser"")"	True	False					
http://id.who.int/icd/entity/622911741	http://id.who.int/icd/release/11/mms/622911741	XE0ZK		"- - - - Rail vehicle"	category	1	False	X	"=hyperlink(""https://icd.who.int/browse11/l-m/en#/http%3A%2F%2Fid.who.int%2Ficd%2Fentity%2F622911741"",""browser"")"	False	False					
http://id.who.int/icd/entity/1055837255	http://id.who.int/icd/release/11/mms/1055837255	XE40X		"- - - - - Streetcar, tram, electric car, car trolley"	category	2	False	X	"=hyperlink(""https://icd.who.int/browse11/l-m/en#/http%3A%2F%2Fid.who.int%2Ficd%2Fentity%2F1055837255"",""browser"")"	True	False					
http://id.who.int/icd/entity/1649368903	http://id.who.int/icd/release/11/mms/1649368903	XE9Q3		"- - - - - Train"	category	2	False	X	"=hyperlink(""https://icd.who.int/browse11/l-m/en#/http%3A%2F%2Fid.who.int%2Ficd%2Fentity%2F1649368903"",""browser"")"	True	False					
http://id.who.int/icd/entity/1461465696	http://id.who.int/icd/release/11/mms/1461465696	XE3P6		"- - - - - Funicular, monorail, or other similar rail vehicle"	category	2	False	X	"=hyperlink(""https://icd.who.int/browse11/l-m/en#/http%3A%2F%2Fid.who.int%2Ficd%2Fentity%2F1461465696"",""browser"")"	True	False					
http://id.who.int/icd/entity/839418941	http://id.who.int/icd/release/11/mms/839418941	XE0YD		"- - - - Parts or components of land vehicle or means of land transport"	category	1	False	X	"=hyperlink(""https://icd.who.int/browse11/l-m/en#/http%3A%2F%2Fid.who.int%2Ficd%2Fentity%2F839418941"",""browser"")"	False	False					
http://id.who.int/icd/entity/1062941018	http://id.who.int/icd/release/11/mms/1062941018	XE954		"- - - - - Vehicle doors, not elsewhere classified"	category	2	False	X	"=hyperlink(""https://icd.who.int/browse11/l-m/en#/http%3A%2F%2Fid.who.int%2Ficd%2Fentity%2F1062941018"",""browser"")"	True	False					
http://id.who.int/icd/entity/1677369946	http://id.who.int/icd/release/11/mms/1677369946	XE226		"- - - - - Vehicle seat belts, deploying air bags"	category	2	False	X	"=hyperlink(""https://icd.who.int/browse11/l-m/en#/http%3A%2F%2Fid.who.int%2Ficd%2Fentity%2F1677369946"",""browser"")"	True	False					
http://id.who.int/icd/entity/1453969219	http://id.who.int/icd/release/11/mms/1453969219	XE8UK		"- - - - - Tyre (tire) or battery (attached or unattached)"	category	2	False	X	"=hyperlink(""https://icd.who.int/browse11/l-m/en#/http%3A%2F%2Fid.who.int%2Ficd%2Fentity%2F1453969219"",""browser"")"	True	False					
http://id.who.int/icd/entity/488650883	http://id.who.int/icd/release/11/mms/488650883	XE8CT		"- - - - - Vehicle window or windshield"	category	2	False	X	"=hyperlink(""https://icd.who.int/browse11/l-m/en#/http%3A%2F%2Fid.who.int%2Ficd%2Fentity%2F488650883"",""browser"")"	True	False					
http://id.who.int/icd/entity/246900331	http://id.who.int/icd/release/11/mms/246900331	XE1LF		"- - - - - Interior of vehicle"	category	2	False	X	"=hyperlink(""https://icd.who.int/browse11/l-m/en#/http%3A%2F%2Fid.who.int%2Ficd%2Fentity%2F246900331"",""browser"")"	True	False					
http://id.who.int/icd/entity/1161728427	http://id.who.int/icd/release/11/mms/1161728427	XE5D5		"- - - - - Engine of vehicle"	category	2	False	X	"=hyperlink(""https://icd.who.int/browse11/l-m/en#/http%3A%2F%2Fid.who.int%2Ficd%2Fentity%2F1161728427"",""browser"")"	True	False					
http://id.who.int/icd/entity/1111833116	http://id.who.int/icd/release/11/mms/1111833116	XE3C0		"- - - - Certain specified land vehicle or means of land transport"	category	1	False	X	"=hyperlink(""https://icd.who.int/browse11/l-m/en#/http%3A%2F%2Fid.who.int%2Ficd%2Fentity%2F1111833116"",""browser"")"	False	False					
http://id.who.int/icd/entity/854317032	http://id.who.int/icd/release/11/mms/854317032	XE8KJ		"- - - - - Cable car, ski chair lift, ski lift with gondola"	category	2	False	X	"=hyperlink(""https://icd.who.int/browse11/l-m/en#/http%3A%2F%2Fid.who.int%2Ficd%2Fentity%2F854317032"",""browser"")"	True	False					
http://id.who.int/icd/entity/1850361064	http://id.who.int/icd/release/11/mms/1850361064	XE8C8		"- - - - - Motorized wheelchair"	category	2	False	X	"=hyperlink(""https://icd.who.int/browse11/l-m/en#/http%3A%2F%2Fid.who.int%2Ficd%2Fentity%2F1850361064"",""browser"")"	True	False					
http://id.who.int/icd/entity/1528375793	http://id.who.int/icd/release/11/mms/1528375793	XE4D7		"- - - - - Small-sized motorized vehicles for children"	category	2	False	X	"=hyperlink(""https://icd.who.int/browse11/l-m/en#/http%3A%2F%2Fid.who.int%2Ficd%2Fentity%2F1528375793"",""browser"")"	True	False					
http://id.who.int/icd/entity/277929521	http://id.who.int/icd/release/11/mms/277929521	XE3FP		"- - - - - Motor home"	category	2	False	X	"=hyperlink(""https://icd.who.int/browse11/l-m/en#/http%3A%2F%2Fid.who.int%2Ficd%2Fentity%2F277929521"",""browser"")"	True	False					
http://id.who.int/icd/entity/2111620040	http://id.who.int/icd/release/11/mms/2111620040			"- - - Mobile machinery or special purpose vehicle"	block	3	False	X	"=hyperlink(""https://icd.who.int/browse11/l-m/en#/http%3A%2F%2Fid.who.int%2Ficd%2Fentity%2F2111620040"",""browser"")"	False						
http://id.who.int/icd/entity/1109907866	http://id.who.int/icd/release/11/mms/1109907866	XE7X0		"- - - - Mobile machinery or special purpose vehicle mainly used in agriculture"	category	1	False	X	"=hyperlink(""https://icd.who.int/browse11/l-m/en#/http%3A%2F%2Fid.who.int%2Ficd%2Fentity%2F1109907866"",""browser"")"	False	False					
http://id.who.int/icd/entity/1466027086	http://id.who.int/icd/release/11/mms/1466027086	XE9HQ		"- - - - - Ride-on lawn mower"	category	2	False	X	"=hyperlink(""https://icd.who.int/browse11/l-m/en#/http%3A%2F%2Fid.who.int%2Ficd%2Fentity%2F1466027086"",""browser"")"	True	False					
http://id.who.int/icd/entity/197156686	http://id.who.int/icd/release/11/mms/197156686	XE0S2		"- - - - - Tractor"	category	2	False	X	"=hyperlink(""https://icd.who.int/browse11/l-m/en#/http%3A%2F%2Fid.who.int%2Ficd%2Fentity%2F197156686"",""browser"")"	True	False					
http://id.who.int/icd/entity/1049834071	http://id.who.int/icd/release/11/mms/1049834071	XE0YP		"- - - - - Harvesting machine"	category	2	False	X	"=hyperlink(""https://icd.who.int/browse11/l-m/en#/http%3A%2F%2Fid.who.int%2Ficd%2Fentity%2F1049834071"",""browser"")"	True	False					
http://id.who.int/icd/entity/1964688791	http://id.who.int/icd/release/11/mms/1964688791	XE7SF		"- - - - - Auger, post hole digger"	category	2	False	X	"=hyperlink(""https://icd.who.int/browse11/l-m/en#/http%3A%2F%2Fid.who.int%2Ficd%2Fentity%2F1964688791"",""browser"")"	True	False					
http://id.who.int/icd/entity/1720556415	http://id.who.int/icd/release/11/mms/1720556415	XE0LF		"- - - - - Equipment towed or powered by tractors, not elsewhere classified"	category	2	False	X	"=hyperlink(""https://icd.who.int/browse11/l-m/en#/http%3A%2F%2Fid.who.int%2Ficd%2Fentity%2F1720556415"",""browser"")"	True	False					
http://id.who.int/icd/entity/2069853402	http://id.who.int/icd/release/11/mms/2069853402	XE0M8		"- - - - Mobile machinery or special purpose vehicle mainly used in industry"	category	1	False	X	"=hyperlink(""https://icd.who.int/browse11/l-m/en#/http%3A%2F%2Fid.who.int%2Ficd%2Fentity%2F2069853402"",""browser"")"	False	False					
http://id.who.int/icd/entity/1438632809	http://id.who.int/icd/release/11/mms/1438632809	XE21P		"- - - - - Forklift or lift truck"	category	2	False	X	"=hyperlink(""https://icd.who.int/browse11/l-m/en#/http%3A%2F%2Fid.who.int%2Ficd%2Fentity%2F1438632809"",""browser"")"	True	False					
http://id.who.int/icd/entity/152983657	http://id.who.int/icd/release/11/mms/152983657	XE8TB		"- - - - - Mobile crane"	category	2	False	X	"=hyperlink(""https://icd.who.int/browse11/l-m/en#/http%3A%2F%2Fid.who.int%2Ficd%2Fentity%2F152983657"",""browser"")"	True	False					
http://id.who.int/icd/entity/1011692914	http://id.who.int/icd/release/11/mms/1011692914	XE6VY		"- - - - - Battery-powered airport passenger vehicle"	category	2	False	X	"=hyperlink(""https://icd.who.int/browse11/l-m/en#/http%3A%2F%2Fid.who.int%2Ficd%2Fentity%2F1011692914"",""browser"")"	True	False					
http://id.who.int/icd/entity/2009383602	http://id.who.int/icd/release/11/mms/2009383602	XE13Q		"- - - - - Logging car"	category	2	False	X	"=hyperlink(""https://icd.who.int/browse11/l-m/en#/http%3A%2F%2Fid.who.int%2Ficd%2Fentity%2F2009383602"",""browser"")"	True	False					
http://id.who.int/icd/entity/1683201114	http://id.who.int/icd/release/11/mms/1683201114	XE6B4		"- - - - - Coal-car in mine"	category	2	False	X	"=hyperlink(""https://icd.who.int/browse11/l-m/en#/http%3A%2F%2Fid.who.int%2Ficd%2Fentity%2F1683201114"",""browser"")"	True	False					
http://id.who.int/icd/entity/802843546	http://id.who.int/icd/release/11/mms/802843546	XE1BG		"- - - - - Tram, truck, or tub in mine or quarry"	category	2	False	X	"=hyperlink(""https://icd.who.int/browse11/l-m/en#/http%3A%2F%2Fid.who.int%2Ficd%2Fentity%2F802843546"",""browser"")"	True	False					
http://id.who.int/icd/entity/1819742234	http://id.who.int/icd/release/11/mms/1819742234	XE1GE		"- - - - Mobile machinery or special purpose vehicle mainly used in construction"	category	1	False	X	"=hyperlink(""https://icd.who.int/browse11/l-m/en#/http%3A%2F%2Fid.who.int%2Ficd%2Fentity%2F1819742234"",""browser"")"	False	False					
http://id.who.int/icd/entity/1409955444	http://id.who.int/icd/release/11/mms/1409955444	XE4MS		"- - - - - Grader"	category	2	False	X	"=hyperlink(""https://icd.who.int/browse11/l-m/en#/http%3A%2F%2Fid.who.int%2Ficd%2Fentity%2F1409955444"",""browser"")"	True	False					
http://id.who.int/icd/entity/145466740	http://id.who.int/icd/release/11/mms/145466740	XE69J		"- - - - - Front-end loader, bulldozer"	category	2	False	X	"=hyperlink(""https://icd.who.int/browse11/l-m/en#/http%3A%2F%2Fid.who.int%2Ficd%2Fentity%2F145466740"",""browser"")"	True	False					
http://id.who.int/icd/entity/1039714413	http://id.who.int/icd/release/11/mms/1039714413	XE6XP		"- - - - - Excavator, digger, mechanical shovel"	category	2	False	X	"=hyperlink(""https://icd.who.int/browse11/l-m/en#/http%3A%2F%2Fid.who.int%2Ficd%2Fentity%2F1039714413"",""browser"")"	True	False					
http://id.who.int/icd/entity/1987133357	http://id.who.int/icd/release/11/mms/1987133357	XE3GR		"- - - - - Road roller"	category	2	False	X	"=hyperlink(""https://icd.who.int/browse11/l-m/en#/http%3A%2F%2Fid.who.int%2Ficd%2Fentity%2F1987133357"",""browser"")"	True	False					
http://id.who.int/icd/entity/1083915581	http://id.who.int/icd/release/11/mms/1083915581	XE381		"- - - - Certain specified mobile machinery or special purpose vehicle"	category	1	False	X	"=hyperlink(""https://icd.who.int/browse11/l-m/en#/http%3A%2F%2Fid.who.int%2Ficd%2Fentity%2F1083915581"",""browser"")"	False	False					
http://id.who.int/icd/entity/1600988338	http://id.who.int/icd/release/11/mms/1600988338	XE80A		"- - - - - Ambulance"	category	2	False	X	"=hyperlink(""https://icd.who.int/browse11/l-m/en#/http%3A%2F%2Fid.who.int%2Ficd%2Fentity%2F1600988338"",""browser"")"	True	False					
http://id.who.int/icd/entity/63748018	http://id.who.int/icd/release/11/mms/63748018	XE5BQ		"- - - - - Fire truck, fire engine"	category	2	False	X	"=hyperlink(""https://icd.who.int/browse11/l-m/en#/http%3A%2F%2Fid.who.int%2Ficd%2Fentity%2F63748018"",""browser"")"	True	False					
http://id.who.int/icd/entity/916445867	http://id.who.int/icd/release/11/mms/916445867	XE387		"- - - - - Race car"	category	2	False	X	"=hyperlink(""https://icd.who.int/browse11/l-m/en#/http%3A%2F%2Fid.who.int%2Ficd%2Fentity%2F916445867"",""browser"")"	True	False					
http://id.who.int/icd/entity/2098605419	http://id.who.int/icd/release/11/mms/2098605419	XE2LT		"- - - - - Snowmobile, ski-scooter"	category	2	False	X	"=hyperlink(""https://icd.who.int/browse11/l-m/en#/http%3A%2F%2Fid.who.int%2Ficd%2Fentity%2F2098605419"",""browser"")"	True	False					
http://id.who.int/icd/entity/1853977475	http://id.who.int/icd/release/11/mms/1853977475	XE6R9		"- - - - - Special all-terrain vehicle or off-road vehicle"	category	2	False	X	"=hyperlink(""https://icd.who.int/browse11/l-m/en#/http%3A%2F%2Fid.who.int%2Ficd%2Fentity%2F1853977475"",""browser"")"	True	False					
http://id.who.int/icd/entity/1794418440	http://id.who.int/icd/release/11/mms/1794418440			"- - - Watercraft or means of water transport"	block	3	False	X	"=hyperlink(""https://icd.who.int/browse11/l-m/en#/http%3A%2F%2Fid.who.int%2Ficd%2Fentity%2F1794418440"",""browser"")"	False						
http://id.who.int/icd/entity/1133651079	http://id.who.int/icd/release/11/mms/1133651079	XE70T		"- - - - Powered watercraft or means of water transport"	category	1	False	X	"=hyperlink(""https://icd.who.int/browse11/l-m/en#/http%3A%2F%2Fid.who.int%2Ficd%2Fentity%2F1133651079"",""browser"")"	False	False					
http://id.who.int/icd/entity/1944296824	http://id.who.int/icd/release/11/mms/1944296824	XE7NQ		"- - - - - Merchant ship, cargo ship, oil tanker"	category	2	False	X	"=hyperlink(""https://icd.who.int/browse11/l-m/en#/http%3A%2F%2Fid.who.int%2Ficd%2Fentity%2F1944296824"",""browser"")"	True	False					
http://id.who.int/icd/entity/792858232	http://id.who.int/icd/release/11/mms/792858232	XE3HS		"- - - - - Passenger ship, passenger liner, ocean liner"	category	2	False	X	"=hyperlink(""https://icd.who.int/browse11/l-m/en#/http%3A%2F%2Fid.who.int%2Ficd%2Fentity%2F792858232"",""browser"")"	True	False					
http://id.who.int/icd/entity/437347169	http://id.who.int/icd/release/11/mms/437347169	XE801		"- - - - - Fishing boat, trawler"	category	2	False	X	"=hyperlink(""https://icd.who.int/browse11/l-m/en#/http%3A%2F%2Fid.who.int%2Ficd%2Fentity%2F437347169"",""browser"")"	True	False					
http://id.who.int/icd/entity/1368954017	http://id.who.int/icd/release/11/mms/1368954017	XE69F		"- - - - - Ferry used for short trips across closed waters"	category	2	False	X	"=hyperlink(""https://icd.who.int/browse11/l-m/en#/http%3A%2F%2Fid.who.int%2Ficd%2Fentity%2F1368954017"",""browser"")"	True	False					
http://id.who.int/icd/entity/1108331081	http://id.who.int/icd/release/11/mms/1108331081	XE3WZ		"- - - - - Motorised yacht, motorboat, powered boat, personal powered watercraft"	category	2	False	X	"=hyperlink(""https://icd.who.int/browse11/l-m/en#/http%3A%2F%2Fid.who.int%2Ficd%2Fentity%2F1108331081"",""browser"")"	True	False					
http://id.who.int/icd/entity/1020612752	http://id.who.int/icd/release/11/mms/1020612752	XE304		"- - - - - Houseboat"	category	2	False	X	"=hyperlink(""https://icd.who.int/browse11/l-m/en#/http%3A%2F%2Fid.who.int%2Ficd%2Fentity%2F1020612752"",""browser"")"	True	False					
http://id.who.int/icd/entity/231565287	http://id.who.int/icd/release/11/mms/231565287	XE5ZR		"- - - - - Hovercraft"	category	2	False	X	"=hyperlink(""https://icd.who.int/browse11/l-m/en#/http%3A%2F%2Fid.who.int%2Ficd%2Fentity%2F231565287"",""browser"")"	True	False					
http://id.who.int/icd/entity/1930952000	http://id.who.int/icd/release/11/mms/1930952000	XE3PW		"- - - - - Airboat"	category	2	False	X	"=hyperlink(""https://icd.who.int/browse11/l-m/en#/http%3A%2F%2Fid.who.int%2Ficd%2Fentity%2F1930952000"",""browser"")"	True	False					
http://id.who.int/icd/entity/722031640	http://id.who.int/icd/release/11/mms/722031640	XE4UQ		"- - - - - Submarine or related craft"	category	2	False	X	"=hyperlink(""https://icd.who.int/browse11/l-m/en#/http%3A%2F%2Fid.who.int%2Ficd%2Fentity%2F722031640"",""browser"")"	True	False					
http://id.who.int/icd/entity/2062191047	http://id.who.int/icd/release/11/mms/2062191047	XE29V		"- - - - Unpowered watercraft or means of water transport"	category	1	False	X	"=hyperlink(""https://icd.who.int/browse11/l-m/en#/http%3A%2F%2Fid.who.int%2Ficd%2Fentity%2F2062191047"",""browser"")"	False	False					
http://id.who.int/icd/entity/1899862623	http://id.who.int/icd/release/11/mms/1899862623	XE9SF		"- - - - - Sailboat, unpowered yacht"	category	2	False	X	"=hyperlink(""https://icd.who.int/browse11/l-m/en#/http%3A%2F%2Fid.who.int%2Ficd%2Fentity%2F1899862623"",""browser"")"	True	False					
http://id.who.int/icd/entity/765200735	http://id.who.int/icd/release/11/mms/765200735	XE8BZ		"- - - - - Canoe, kayak, row boat, pirogue, piragua"	category	2	False	X	"=hyperlink(""https://icd.who.int/browse11/l-m/en#/http%3A%2F%2Fid.who.int%2Ficd%2Fentity%2F765200735"",""browser"")"	True	False					
http://id.who.int/icd/entity/416244808	http://id.who.int/icd/release/11/mms/416244808	XE3CC		"- - - - - Wave board, surfboard, paddle ski"	category	2	False	X	"=hyperlink(""https://icd.who.int/browse11/l-m/en#/http%3A%2F%2Fid.who.int%2Ficd%2Fentity%2F416244808"",""browser"")"	True	False					
http://id.who.int/icd/entity/1397134216	http://id.who.int/icd/release/11/mms/1397134216	XE3LU		"- - - - - Windsurfer"	category	2	False	X	"=hyperlink(""https://icd.who.int/browse11/l-m/en#/http%3A%2F%2Fid.who.int%2Ficd%2Fentity%2F1397134216"",""browser"")"	True	False					
http://id.who.int/icd/entity/1841491207	http://id.who.int/icd/release/11/mms/1841491207	XE5G3		"- - - - Part or component of powered or unpowered watercraft"	category	1	False	X	"=hyperlink(""https://icd.who.int/browse11/l-m/en#/http%3A%2F%2Fid.who.int%2Ficd%2Fentity%2F1841491207"",""browser"")"	True	False					
http://id.who.int/icd/entity/254646600	http://id.who.int/icd/release/11/mms/254646600			"- - - Aircraft or means of air transport"	block	3	False	X	"=hyperlink(""https://icd.who.int/browse11/l-m/en#/http%3A%2F%2Fid.who.int%2Ficd%2Fentity%2F254646600"",""browser"")"	False						
http://id.who.int/icd/entity/1201395668	http://id.who.int/icd/release/11/mms/1201395668	XE9LQ		"- - - - Powered aircraft or means of air transport"	category	1	False	X	"=hyperlink(""https://icd.who.int/browse11/l-m/en#/http%3A%2F%2Fid.who.int%2Ficd%2Fentity%2F1201395668"",""browser"")"	False	False					
http://id.who.int/icd/entity/1939068166	http://id.who.int/icd/release/11/mms/1939068166	XE4LN		"- - - - - Helicopter"	category	2	False	X	"=hyperlink(""https://icd.who.int/browse11/l-m/en#/http%3A%2F%2Fid.who.int%2Ficd%2Fentity%2F1939068166"",""browser"")"	True	False					
http://id.who.int/icd/entity/791823878	http://id.who.int/icd/release/11/mms/791823878	XE8RL		"- - - - - Airship, blimp"	category	2	False	X	"=hyperlink(""https://icd.who.int/browse11/l-m/en#/http%3A%2F%2Fid.who.int%2Ficd%2Fentity%2F791823878"",""browser"")"	True	False					
http://id.who.int/icd/entity/442575645	http://id.who.int/icd/release/11/mms/442575645	XE0WR		"- - - - - Ultralight powered aircraft"	category	2	False	X	"=hyperlink(""https://icd.who.int/browse11/l-m/en#/http%3A%2F%2Fid.who.int%2Ficd%2Fentity%2F442575645"",""browser"")"	True	False					
http://id.who.int/icd/entity/1374215389	http://id.who.int/icd/release/11/mms/1374215389	XE7MP		"- - - - - Private fixed-wing powered aircraft"	category	2	False	X	"=hyperlink(""https://icd.who.int/browse11/l-m/en#/http%3A%2F%2Fid.who.int%2Ficd%2Fentity%2F1374215389"",""browser"")"	True	False					
http://id.who.int/icd/entity/1115652661	http://id.who.int/icd/release/11/mms/1115652661	XE7FK		"- - - - - Commercial fixed-wing powered aircraft"	category	2	False	X	"=hyperlink(""https://icd.who.int/browse11/l-m/en#/http%3A%2F%2Fid.who.int%2Ficd%2Fentity%2F1115652661"",""browser"")"	True	False					
http://id.who.int/icd/entity/230502299	http://id.who.int/icd/release/11/mms/230502299	XE6FD		"- - - - - Military fixed-wing powered aircraft"	category	2	False	X	"=hyperlink(""https://icd.who.int/browse11/l-m/en#/http%3A%2F%2Fid.who.int%2Ficd%2Fentity%2F230502299"",""browser"")"	True	False					
http://id.who.int/icd/entity/1936176450	http://id.who.int/icd/release/11/mms/1936176450	XE346		"- - - - - Spacecraft"	category	2	False	X	"=hyperlink(""https://icd.who.int/browse11/l-m/en#/http%3A%2F%2Fid.who.int%2Ficd%2Fentity%2F1936176450"",""browser"")"	True	False					
http://id.who.int/icd/entity/2128837268	http://id.who.int/icd/release/11/mms/2128837268	XE4QU		"- - - - Unpowered aircraft or means of air transport"	category	1	False	X	"=hyperlink(""https://icd.who.int/browse11/l-m/en#/http%3A%2F%2Fid.who.int%2Ficd%2Fentity%2F2128837268"",""browser"")"	False	False					
http://id.who.int/icd/entity/1900925475	http://id.who.int/icd/release/11/mms/1900925475	XE96T		"- - - - - Passenger balloon, unpowered"	category	2	False	X	"=hyperlink(""https://icd.who.int/browse11/l-m/en#/http%3A%2F%2Fid.who.int%2Ficd%2Fentity%2F1900925475"",""browser"")"	True	False					
http://id.who.int/icd/entity/770457891	http://id.who.int/icd/release/11/mms/770457891	XE627		"- - - - - Parachute"	category	2	False	X	"=hyperlink(""https://icd.who.int/browse11/l-m/en#/http%3A%2F%2Fid.who.int%2Ficd%2Fentity%2F770457891"",""browser"")"	True	False					
http://id.who.int/icd/entity/415181882	http://id.who.int/icd/release/11/mms/415181882	XE3VU		"- - - - - Hang-glider"	category	2	False	X	"=hyperlink(""https://icd.who.int/browse11/l-m/en#/http%3A%2F%2Fid.who.int%2Ficd%2Fentity%2F415181882"",""browser"")"	True	False					
http://id.who.int/icd/entity/1396104186	http://id.who.int/icd/release/11/mms/1396104186	XE2KU		"- - - - - Glider"	category	2	False	X	"=hyperlink(""https://icd.who.int/browse11/l-m/en#/http%3A%2F%2Fid.who.int%2Ficd%2Fentity%2F1396104186"",""browser"")"	True	False					
http://id.who.int/icd/entity/1774919252	http://id.who.int/icd/release/11/mms/1774919252	XE79E		"- - - - Part or component of powered or unpowered aircraft"	category	1	False	X	"=hyperlink(""https://icd.who.int/browse11/l-m/en#/http%3A%2F%2Fid.who.int%2Ficd%2Fentity%2F1774919252"",""browser"")"	True	False					
http://id.who.int/icd/entity/403045768	http://id.who.int/icd/release/11/mms/403045768	XE5HA		"- - - Furniture or furnishing"	category	1	False	X	"=hyperlink(""https://icd.who.int/browse11/l-m/en#/http%3A%2F%2Fid.who.int%2Ficd%2Fentity%2F403045768"",""browser"")"	False	False					
http://id.who.int/icd/entity/1177430729	http://id.who.int/icd/release/11/mms/1177430729	XE8PK		"- - - - Bed, bedding or bedding accessories"	category	2	False	X	"=hyperlink(""https://icd.who.int/browse11/l-m/en#/http%3A%2F%2Fid.who.int%2Ficd%2Fentity%2F1177430729"",""browser"")"	False	False					
http://id.who.int/icd/entity/1460765748	http://id.who.int/icd/release/11/mms/1460765748	XE86G		"- - - - - Bunk bed"	category	3	False	X	"=hyperlink(""https://icd.who.int/browse11/l-m/en#/http%3A%2F%2Fid.who.int%2Ficd%2Fentity%2F1460765748"",""browser"")"	True	False					
http://id.who.int/icd/entity/196089652	http://id.who.int/icd/release/11/mms/196089652	XE7QQ		"- - - - - Special bed, orthopaedic bed, or stretcher"	category	3	False	X	"=hyperlink(""https://icd.who.int/browse11/l-m/en#/http%3A%2F%2Fid.who.int%2Ficd%2Fentity%2F196089652"",""browser"")"	True	False					
http://id.who.int/icd/entity/1055095339	http://id.who.int/icd/release/11/mms/1055095339	XE27V		"- - - - - Hammock"	category	3	False	X	"=hyperlink(""https://icd.who.int/browse11/l-m/en#/http%3A%2F%2Fid.who.int%2Ficd%2Fentity%2F1055095339"",""browser"")"	True	False					
http://id.who.int/icd/entity/1969917419	http://id.who.int/icd/release/11/mms/1969917419	XE0TM		"- - - - - Mattress, sleeping mat"	category	3	False	X	"=hyperlink(""https://icd.who.int/browse11/l-m/en#/http%3A%2F%2Fid.who.int%2Ficd%2Fentity%2F1969917419"",""browser"")"	True	False					
http://id.who.int/icd/entity/1727910659	http://id.who.int/icd/release/11/mms/1727910659	XE2DR		"- - - - - Other specified bed"	category	3	False	X	"=hyperlink(""https://icd.who.int/browse11/l-m/en#/http%3A%2F%2Fid.who.int%2Ficd%2Fentity%2F1727910659"",""browser"")"	True	False					
http://id.who.int/icd/entity/762586307	http://id.who.int/icd/release/11/mms/762586307	XE6R1		"- - - - - Pillow, cushion"	category	3	False	X	"=hyperlink(""https://icd.who.int/browse11/l-m/en#/http%3A%2F%2Fid.who.int%2Ficd%2Fentity%2F762586307"",""browser"")"	True	False					
http://id.who.int/icd/entity/405227996	http://id.who.int/icd/release/11/mms/405227996	XE38G		"- - - - - Bed rails"	category	3	False	X	"=hyperlink(""https://icd.who.int/browse11/l-m/en#/http%3A%2F%2Fid.who.int%2Ficd%2Fentity%2F405227996"",""browser"")"	True	False					
http://id.who.int/icd/entity/2136377225	http://id.who.int/icd/release/11/mms/2136377225	XE769		"- - - - Chair or sofa"	category	2	False	X	"=hyperlink(""https://icd.who.int/browse11/l-m/en#/http%3A%2F%2Fid.who.int%2Ficd%2Fentity%2F2136377225"",""browser"")"	False	False					
http://id.who.int/icd/entity/1439662869	http://id.who.int/icd/release/11/mms/1439662869	XE33K		"- - - - - Upholstered chair or sofa"	category	3	False	X	"=hyperlink(""https://icd.who.int/browse11/l-m/en#/http%3A%2F%2Fid.who.int%2Ficd%2Fentity%2F1439662869"",""browser"")"	True	False					
http://id.who.int/icd/entity/158208021	http://id.who.int/icd/release/11/mms/158208021	XE853		"- - - - - Hard chair or bench"	category	3	False	X	"=hyperlink(""https://icd.who.int/browse11/l-m/en#/http%3A%2F%2Fid.who.int%2Ficd%2Fentity%2F158208021"",""browser"")"	True	False					
http://id.who.int/icd/entity/1010662668	http://id.who.int/icd/release/11/mms/1010662668	XE5NL		"- - - - - Rocking or gliding chair"	category	3	False	X	"=hyperlink(""https://icd.who.int/browse11/l-m/en#/http%3A%2F%2Fid.who.int%2Ficd%2Fentity%2F1010662668"",""browser"")"	True	False					
http://id.who.int/icd/entity/2008320716	http://id.who.int/icd/release/11/mms/2008320716	XE1NC		"- - - - - Folding chair"	category	3	False	X	"=hyperlink(""https://icd.who.int/browse11/l-m/en#/http%3A%2F%2Fid.who.int%2Ficd%2Fentity%2F2008320716"",""browser"")"	True	False					
http://id.who.int/icd/entity/1680069668	http://id.who.int/icd/release/11/mms/1680069668	XE7FS		"- - - - - Revolving chair"	category	3	False	X	"=hyperlink(""https://icd.who.int/browse11/l-m/en#/http%3A%2F%2Fid.who.int%2Ficd%2Fentity%2F1680069668"",""browser"")"	True	False					
http://id.who.int/icd/entity/799679460	http://id.who.int/icd/release/11/mms/799679460	XE484		"- - - - - Stool"	category	3	False	X	"=hyperlink(""https://icd.who.int/browse11/l-m/en#/http%3A%2F%2Fid.who.int%2Ficd%2Fentity%2F799679460"",""browser"")"	True	False					
http://id.who.int/icd/entity/452546301	http://id.who.int/icd/release/11/mms/452546301	XE61B		"- - - - - Commode chair"	category	3	False	X	"=hyperlink(""https://icd.who.int/browse11/l-m/en#/http%3A%2F%2Fid.who.int%2Ficd%2Fentity%2F452546301"",""browser"")"	True	False					
http://id.who.int/icd/entity/1753146185	http://id.who.int/icd/release/11/mms/1753146185	XE2F3		"- - - - Table, stand, cupboard, shelf or partition"	category	2	False	X	"=hyperlink(""https://icd.who.int/browse11/l-m/en#/http%3A%2F%2Fid.who.int%2Ficd%2Fentity%2F1753146185"",""browser"")"	False	False					
http://id.who.int/icd/entity/1417313802	http://id.who.int/icd/release/11/mms/1417313802	XE002		"- - - - - Rack, bookshelf"	category	3	False	X	"=hyperlink(""https://icd.who.int/browse11/l-m/en#/http%3A%2F%2Fid.who.int%2Ficd%2Fentity%2F1417313802"",""browser"")"	True	False					
http://id.who.int/icd/entity/148630794	http://id.who.int/icd/release/11/mms/148630794	XE3BY		"- - - - - Cabinet, cupboard, side board, chest of drawers, tall boy, dresser"	category	3	False	X	"=hyperlink(""https://icd.who.int/browse11/l-m/en#/http%3A%2F%2Fid.who.int%2Ficd%2Fentity%2F148630794"",""browser"")"	True	False					
http://id.who.int/icd/entity/1032355857	http://id.who.int/icd/release/11/mms/1032355857	XE1DK		"- - - - - Dining room or kitchen table"	category	3	False	X	"=hyperlink(""https://icd.who.int/browse11/l-m/en#/http%3A%2F%2Fid.who.int%2Ficd%2Fentity%2F1032355857"",""browser"")"	True	False					
http://id.who.int/icd/entity/1979807697	http://id.who.int/icd/release/11/mms/1979807697	XE6E5		"- - - - - Coffee table"	category	3	False	X	"=hyperlink(""https://icd.who.int/browse11/l-m/en#/http%3A%2F%2Fid.who.int%2Ficd%2Fentity%2F1979807697"",""browser"")"	True	False					
http://id.who.int/icd/entity/1704339769	http://id.who.int/icd/release/11/mms/1704339769	XE2C9		"- - - - - Night table, end table"	category	3	False	X	"=hyperlink(""https://icd.who.int/browse11/l-m/en#/http%3A%2F%2Fid.who.int%2Ficd%2Fentity%2F1704339769"",""browser"")"	True	False					
http://id.who.int/icd/entity/773840633	http://id.who.int/icd/release/11/mms/773840633	XE2AM		"- - - - - Desk, workbench"	category	3	False	X	"=hyperlink(""https://icd.who.int/browse11/l-m/en#/http%3A%2F%2Fid.who.int%2Ficd%2Fentity%2F773840633"",""browser"")"	True	False					
http://id.who.int/icd/entity/458011618	http://id.who.int/icd/release/11/mms/458011618	XE3TY		"- - - - - Television table, stand, cupboard"	category	3	False	X	"=hyperlink(""https://icd.who.int/browse11/l-m/en#/http%3A%2F%2Fid.who.int%2Ficd%2Fentity%2F458011618"",""browser"")"	True	False					
http://id.who.int/icd/entity/1355105314	http://id.who.int/icd/release/11/mms/1355105314	XE6EN		"- - - - - Folding table"	category	3	False	X	"=hyperlink(""https://icd.who.int/browse11/l-m/en#/http%3A%2F%2Fid.who.int%2Ficd%2Fentity%2F1355105314"",""browser"")"	True	False					
http://id.who.int/icd/entity/710182039	http://id.who.int/icd/release/11/mms/710182039	XE4B1		"- - - - - Room divider or partition"	category	3	False	X	"=hyperlink(""https://icd.who.int/browse11/l-m/en#/http%3A%2F%2Fid.who.int%2Ficd%2Fentity%2F710182039"",""browser"")"	True	False					
http://id.who.int/icd/entity/229104905	http://id.who.int/icd/release/11/mms/229104905	XE7MK		"- - - - Decoration, decorating item"	category	2	False	X	"=hyperlink(""https://icd.who.int/browse11/l-m/en#/http%3A%2F%2Fid.who.int%2Ficd%2Fentity%2F229104905"",""browser"")"	False	False					
http://id.who.int/icd/entity/1349750107	http://id.who.int/icd/release/11/mms/1349750107	XE3WK		"- - - - - Rug, mat, loose carpet"	category	3	False	X	"=hyperlink(""https://icd.who.int/browse11/l-m/en#/http%3A%2F%2Fid.who.int%2Ficd%2Fentity%2F1349750107"",""browser"")"	True	False					
http://id.who.int/icd/entity/215096923	http://id.who.int/icd/release/11/mms/215096923	XE003		"- - - - - Draperies, curtains"	category	3	False	X	"=hyperlink(""https://icd.who.int/browse11/l-m/en#/http%3A%2F%2Fid.who.int%2Ficd%2Fentity%2F215096923"",""browser"")"	True	False					
http://id.who.int/icd/entity/964784962	http://id.who.int/icd/release/11/mms/964784962	XE92A		"- - - - - Roller or venetian blind or indoor shutter"	category	3	False	X	"=hyperlink(""https://icd.who.int/browse11/l-m/en#/http%3A%2F%2Fid.who.int%2Ficd%2Fentity%2F964784962"",""browser"")"	True	False					
http://id.who.int/icd/entity/1913160834	http://id.who.int/icd/release/11/mms/1913160834	XE3EA		"- - - - - Window covering hardware"	category	3	False	X	"=hyperlink(""https://icd.who.int/browse11/l-m/en#/http%3A%2F%2Fid.who.int%2Ficd%2Fentity%2F1913160834"",""browser"")"	True	False					
http://id.who.int/icd/entity/1637866090	http://id.who.int/icd/release/11/mms/1637866090	XE962		"- - - - - Mirror or mirror glass"	category	3	False	X	"=hyperlink(""https://icd.who.int/browse11/l-m/en#/http%3A%2F%2Fid.who.int%2Ficd%2Fentity%2F1637866090"",""browser"")"	True	False					
http://id.who.int/icd/entity/706096554	http://id.who.int/icd/release/11/mms/706096554	XE05Q		"- - - - - Portrait, picture, picture frame, or other wall hanging or similar decoration"	category	3	False	X	"=hyperlink(""https://icd.who.int/browse11/l-m/en#/http%3A%2F%2Fid.who.int%2Ficd%2Fentity%2F706096554"",""browser"")"	True	False					
http://id.who.int/icd/entity/1422702451	http://id.who.int/icd/release/11/mms/1422702451	XE1FR		"- - - - - Christmas tree"	category	3	False	X	"=hyperlink(""https://icd.who.int/browse11/l-m/en#/http%3A%2F%2Fid.who.int%2Ficd%2Fentity%2F1422702451"",""browser"")"	True	False					
http://id.who.int/icd/entity/777877446	http://id.who.int/icd/release/11/mms/777877446	XE4CE		"- - - - - Holiday decorations"	category	3	False	X	"=hyperlink(""https://icd.who.int/browse11/l-m/en#/http%3A%2F%2Fid.who.int%2Ficd%2Fentity%2F777877446"",""browser"")"	True	False					
http://id.who.int/icd/entity/561860808	http://id.who.int/icd/release/11/mms/561860808	XE8RW		"- - - Infant or child product"	category	1	False	X	"=hyperlink(""https://icd.who.int/browse11/l-m/en#/http%3A%2F%2Fid.who.int%2Ficd%2Fentity%2F561860808"",""browser"")"	False	False					
http://id.who.int/icd/entity/1156591086	http://id.who.int/icd/release/11/mms/1156591086	XE1AW		"- - - - Baby or child article"	category	2	False	X	"=hyperlink(""https://icd.who.int/browse11/l-m/en#/http%3A%2F%2Fid.who.int%2Ficd%2Fentity%2F1156591086"",""browser"")"	False	False					
http://id.who.int/icd/entity/983005034	http://id.who.int/icd/release/11/mms/983005034	XE0CS		"- - - - - Baby pram, buggy, pusher, stroller, carriage"	category	3	False	X	"=hyperlink(""https://icd.who.int/browse11/l-m/en#/http%3A%2F%2Fid.who.int%2Ficd%2Fentity%2F983005034"",""browser"")"	True	False					
http://id.who.int/icd/entity/1714873450	http://id.who.int/icd/release/11/mms/1714873450	XE4JE		"- - - - - Baby walker"	category	3	False	X	"=hyperlink(""https://icd.who.int/browse11/l-m/en#/http%3A%2F%2Fid.who.int%2Ficd%2Fentity%2F1714873450"",""browser"")"	True	False					
http://id.who.int/icd/entity/1399163249	http://id.who.int/icd/release/11/mms/1399163249	XE8U9		"- - - - - Baby exerciser, jumper, or portable swing for home use"	category	3	False	X	"=hyperlink(""https://icd.who.int/browse11/l-m/en#/http%3A%2F%2Fid.who.int%2Ficd%2Fentity%2F1399163249"",""browser"")"	True	False					
http://id.who.int/icd/entity/418152113	http://id.who.int/icd/release/11/mms/418152113	XE39K		"- - - - - High chair, booster seat"	category	3	False	X	"=hyperlink(""https://icd.who.int/browse11/l-m/en#/http%3A%2F%2Fid.who.int%2Ficd%2Fentity%2F418152113"",""browser"")"	True	False					
http://id.who.int/icd/entity/192618585	http://id.who.int/icd/release/11/mms/192618585	XE52H		"- - - - - Baby or child car seat"	category	3	False	X	"=hyperlink(""https://icd.who.int/browse11/l-m/en#/http%3A%2F%2Fid.who.int%2Ficd%2Fentity%2F192618585"",""browser"")"	True	False					
http://id.who.int/icd/entity/1089656729	http://id.who.int/icd/release/11/mms/1089656729	XE9MB		"- - - - - Potty chair, training seat"	category	3	False	X	"=hyperlink(""https://icd.who.int/browse11/l-m/en#/http%3A%2F%2Fid.who.int%2Ficd%2Fentity%2F1089656729"",""browser"")"	True	False					
http://id.who.int/icd/entity/1973533314	http://id.who.int/icd/release/11/mms/1973533314	XE8RG		"- - - - - Cot, crib, baby bed"	category	3	False	X	"=hyperlink(""https://icd.who.int/browse11/l-m/en#/http%3A%2F%2Fid.who.int%2Ficd%2Fentity%2F1973533314"",""browser"")"	True	False					
http://id.who.int/icd/entity/254835255	http://id.who.int/icd/release/11/mms/254835255	XE5QK		"- - - - - Playpen, travel yard"	category	3	False	X	"=hyperlink(""https://icd.who.int/browse11/l-m/en#/http%3A%2F%2Fid.who.int%2Ficd%2Fentity%2F254835255"",""browser"")"	True	False					
http://id.who.int/icd/entity/979572526	http://id.who.int/icd/release/11/mms/979572526	XE12N		"- - - - - Baby gate or barrier"	category	3	False	X	"=hyperlink(""https://icd.who.int/browse11/l-m/en#/http%3A%2F%2Fid.who.int%2Ficd%2Fentity%2F979572526"",""browser"")"	True	False					
http://id.who.int/icd/entity/1911218414	http://id.who.int/icd/release/11/mms/1911218414	XE34A		"- - - - - Baby carrier, back pack type"	category	3	False	X	"=hyperlink(""https://icd.who.int/browse11/l-m/en#/http%3A%2F%2Fid.who.int%2Ficd%2Fentity%2F1911218414"",""browser"")"	True	False					
http://id.who.int/icd/entity/1652407814	http://id.who.int/icd/release/11/mms/1652407814	XE8HU		"- - - - - Pedal cycle baby carrier"	category	3	False	X	"=hyperlink(""https://icd.who.int/browse11/l-m/en#/http%3A%2F%2Fid.who.int%2Ficd%2Fentity%2F1652407814"",""browser"")"	True	False					
http://id.who.int/icd/entity/703875526	http://id.who.int/icd/release/11/mms/703875526	XE8VC		"- - - - - Baby baths or bathinettes"	category	3	False	X	"=hyperlink(""https://icd.who.int/browse11/l-m/en#/http%3A%2F%2Fid.who.int%2Ficd%2Fentity%2F703875526"",""browser"")"	True	False					
http://id.who.int/icd/entity/480715999	http://id.who.int/icd/release/11/mms/480715999	XE49V		"- - - - - Baby or child changing table"	category	3	False	X	"=hyperlink(""https://icd.who.int/browse11/l-m/en#/http%3A%2F%2Fid.who.int%2Ficd%2Fentity%2F480715999"",""browser"")"	True	False					
http://id.who.int/icd/entity/1462686495	http://id.who.int/icd/release/11/mms/1462686495	XE9R1		"- - - - - Baby or child pacifier, dummy"	category	3	False	X	"=hyperlink(""https://icd.who.int/browse11/l-m/en#/http%3A%2F%2Fid.who.int%2Ficd%2Fentity%2F1462686495"",""browser"")"	True	False					
http://id.who.int/icd/entity/5099752	http://id.who.int/icd/release/11/mms/5099752	XE1JQ		"- - - - - Baby bottle or nipple"	category	3	False	X	"=hyperlink(""https://icd.who.int/browse11/l-m/en#/http%3A%2F%2Fid.who.int%2Ficd%2Fentity%2F5099752"",""browser"")"	True	False					
http://id.who.int/icd/entity/1271146280	http://id.who.int/icd/release/11/mms/1271146280	XE7HA		"- - - - - Diaper, nappy"	category	3	False	X	"=hyperlink(""https://icd.who.int/browse11/l-m/en#/http%3A%2F%2Fid.who.int%2Ficd%2Fentity%2F1271146280"",""browser"")"	True	False					
http://id.who.int/icd/entity/2123844145	http://id.who.int/icd/release/11/mms/2123844145	XE5E9		"- - - - - Diaper fastener"	category	3	False	X	"=hyperlink(""https://icd.who.int/browse11/l-m/en#/http%3A%2F%2Fid.who.int%2Ficd%2Fentity%2F2123844145"",""browser"")"	True	False					
http://id.who.int/icd/entity/2106097838	http://id.who.int/icd/release/11/mms/2106097838	XE3Y2		"- - - - Toy"	category	2	False	X	"=hyperlink(""https://icd.who.int/browse11/l-m/en#/http%3A%2F%2Fid.who.int%2Ficd%2Fentity%2F2106097838"",""browser"")"	False	False					
http://id.who.int/icd/entity/944336975	http://id.who.int/icd/release/11/mms/944336975	XE0GX		"- - - - - Child's tricycle or other ride-on toy"	category	3	False	X	"=hyperlink(""https://icd.who.int/browse11/l-m/en#/http%3A%2F%2Fid.who.int%2Ficd%2Fentity%2F944336975"",""browser"")"	True	False					
http://id.who.int/icd/entity/1692984143	http://id.who.int/icd/release/11/mms/1692984143	XE959		"- - - - - Toy vehicle"	category	3	False	X	"=hyperlink(""https://icd.who.int/browse11/l-m/en#/http%3A%2F%2Fid.who.int%2Ficd%2Fentity%2F1692984143"",""browser"")"	True	False					
http://id.who.int/icd/entity/1371246166	http://id.who.int/icd/release/11/mms/1371246166	XE93L		"- - - - - Toy gun or related accessory"	category	3	False	X	"=hyperlink(""https://icd.who.int/browse11/l-m/en#/http%3A%2F%2Fid.who.int%2Ficd%2Fentity%2F1371246166"",""browser"")"	True	False					
http://id.who.int/icd/entity/386357162	http://id.who.int/icd/release/11/mms/386357162	XE8ZY		"- - - - - Other toy weapon or projectile toy"	category	3	False	X	"=hyperlink(""https://icd.who.int/browse11/l-m/en#/http%3A%2F%2Fid.who.int%2Ficd%2Fentity%2F386357162"",""browser"")"	True	False					
http://id.who.int/icd/entity/161818494	http://id.who.int/icd/release/11/mms/161818494	XE1DG		"- - - - - Toy - art, craft, or kit"	category	3	False	X	"=hyperlink(""https://icd.who.int/browse11/l-m/en#/http%3A%2F%2Fid.who.int%2Ficd%2Fentity%2F161818494"",""browser"")"	True	False					
http://id.who.int/icd/entity/1110233278	http://id.who.int/icd/release/11/mms/1110233278	XE9DY		"- - - - - Board game or accessory or piece"	category	3	False	X	"=hyperlink(""https://icd.who.int/browse11/l-m/en#/http%3A%2F%2Fid.who.int%2Ficd%2Fentity%2F1110233278"",""browser"")"	True	False					
http://id.who.int/icd/entity/2004860327	http://id.who.int/icd/release/11/mms/2004860327	XE887		"- - - - - Toy sports equipment"	category	3	False	X	"=hyperlink(""https://icd.who.int/browse11/l-m/en#/http%3A%2F%2Fid.who.int%2Ficd%2Fentity%2F2004860327"",""browser"")"	True	False					
http://id.who.int/icd/entity/233733394	http://id.who.int/icd/release/11/mms/233733394	XE1HM		"- - - - - Ball, general, other than sport specific"	category	3	False	X	"=hyperlink(""https://icd.who.int/browse11/l-m/en#/http%3A%2F%2Fid.who.int%2Ficd%2Fentity%2F233733394"",""browser"")"	True	False					
http://id.who.int/icd/entity/951914505	http://id.who.int/icd/release/11/mms/951914505	XE5FF		"- - - - - Infant or child product, flying toy"	category	3	False	X	"=hyperlink(""https://icd.who.int/browse11/l-m/en#/http%3A%2F%2Fid.who.int%2Ficd%2Fentity%2F951914505"",""browser"")"	True	False					
http://id.who.int/icd/entity/1932847049	http://id.who.int/icd/release/11/mms/1932847049	XE30M		"- - - - - Infant or child product, doll, doll accessory or part, stuffed toy"	category	3	False	X	"=hyperlink(""https://icd.who.int/browse11/l-m/en#/http%3A%2F%2Fid.who.int%2Ficd%2Fentity%2F1932847049"",""browser"")"	True	False					
http://id.who.int/icd/entity/1621342497	http://id.who.int/icd/release/11/mms/1621342497	XE5E1		"- - - - - Infant or child product, toy balloon"	category	3	False	X	"=hyperlink(""https://icd.who.int/browse11/l-m/en#/http%3A%2F%2Fid.who.int%2Ficd%2Fentity%2F1621342497"",""browser"")"	True	False					
http://id.who.int/icd/entity/724192993	http://id.who.int/icd/release/11/mms/724192993	XE4HX		"- - - - - Infant or child product, inflatable toy"	category	3	False	X	"=hyperlink(""https://icd.who.int/browse11/l-m/en#/http%3A%2F%2Fid.who.int%2Ficd%2Fentity%2F724192993"",""browser"")"	True	False					
http://id.who.int/icd/entity/511255546	http://id.who.int/icd/release/11/mms/511255546	XE2KV		"- - - - - Infant or child product, marble, bead"	category	3	False	X	"=hyperlink(""https://icd.who.int/browse11/l-m/en#/http%3A%2F%2Fid.who.int%2Ficd%2Fentity%2F511255546"",""browser"")"	True	False					
http://id.who.int/icd/entity/1441846330	http://id.who.int/icd/release/11/mms/1441846330	XE1X0		"- - - - - Infant or child product, play tent, tunnel, or other enclosure"	category	3	False	X	"=hyperlink(""https://icd.who.int/browse11/l-m/en#/http%3A%2F%2Fid.who.int%2Ficd%2Fentity%2F1441846330"",""browser"")"	True	False					
http://id.who.int/icd/entity/43243471	http://id.who.int/icd/release/11/mms/43243471	XE7UT		"- - - - - Infant or child product, toy box or chest"	category	3	False	X	"=hyperlink(""https://icd.who.int/browse11/l-m/en#/http%3A%2F%2Fid.who.int%2Ficd%2Fentity%2F43243471"",""browser"")"	True	False					
http://id.who.int/icd/entity/1788929134	http://id.who.int/icd/release/11/mms/1788929134	XE6JS		"- - - - Playground equipment"	category	2	False	X	"=hyperlink(""https://icd.who.int/browse11/l-m/en#/http%3A%2F%2Fid.who.int%2Ficd%2Fentity%2F1788929134"",""browser"")"	False	False					
http://id.who.int/icd/entity/972852564	http://id.who.int/icd/release/11/mms/972852564	XE7YQ		"- - - - - Tree house, play house"	category	3	False	X	"=hyperlink(""https://icd.who.int/browse11/l-m/en#/http%3A%2F%2Fid.who.int%2Ficd%2Fentity%2F972852564"",""browser"")"	True	False					
http://id.who.int/icd/entity/1700601428	http://id.who.int/icd/release/11/mms/1700601428	XE8H2		"- - - - - Playground equipment, flying fox"	category	3	False	X	"=hyperlink(""https://icd.who.int/browse11/l-m/en#/http%3A%2F%2Fid.who.int%2Ficd%2Fentity%2F1700601428"",""browser"")"	True	False					
http://id.who.int/icd/entity/1343124299	http://id.who.int/icd/release/11/mms/1343124299	XE27W		"- - - - - Playground equipment, monkey bar"	category	3	False	X	"=hyperlink(""https://icd.who.int/browse11/l-m/en#/http%3A%2F%2Fid.who.int%2Ficd%2Fentity%2F1343124299"",""browser"")"	True	False					
http://id.who.int/icd/entity/380807861	http://id.who.int/icd/release/11/mms/380807861	XE8K7		"- - - - - Other playground climbing apparatus"	category	3	False	X	"=hyperlink(""https://icd.who.int/browse11/l-m/en#/http%3A%2F%2Fid.who.int%2Ficd%2Fentity%2F380807861"",""browser"")"	True	False					
http://id.who.int/icd/entity/135322211	http://id.who.int/icd/release/11/mms/135322211	XE0R1		"- - - - - Playground equipment, slide, sliding board"	category	3	False	X	"=hyperlink(""https://icd.who.int/browse11/l-m/en#/http%3A%2F%2Fid.who.int%2Ficd%2Fentity%2F135322211"",""browser"")"	True	False					
http://id.who.int/icd/entity/1134112163	http://id.who.int/icd/release/11/mms/1134112163	XE5W3		"- - - - - Playground equipment, swing, swing set"	category	3	False	X	"=hyperlink(""https://icd.who.int/browse11/l-m/en#/http%3A%2F%2Fid.who.int%2Ficd%2Fentity%2F1134112163"",""browser"")"	True	False					
http://id.who.int/icd/entity/1992966332	http://id.who.int/icd/release/11/mms/1992966332	XE9AU		"- - - - - Playground equipment, seesaw, teeter totter"	category	3	False	X	"=hyperlink(""https://icd.who.int/browse11/l-m/en#/http%3A%2F%2Fid.who.int%2Ficd%2Fentity%2F1992966332"",""browser"")"	True	False					
http://id.who.int/icd/entity/207323149	http://id.who.int/icd/release/11/mms/207323149	XE59P		"- - - - - Powered amusement rides"	category	3	False	X	"=hyperlink(""https://icd.who.int/browse11/l-m/en#/http%3A%2F%2Fid.who.int%2Ficd%2Fentity%2F207323149"",""browser"")"	True	False					
http://id.who.int/icd/entity/911553544	http://id.who.int/icd/release/11/mms/911553544	XE14C		"- - - Appliance mainly used in household"	category	1	False	X	"=hyperlink(""https://icd.who.int/browse11/l-m/en#/http%3A%2F%2Fid.who.int%2Ficd%2Fentity%2F911553544"",""browser"")"	False	False					
http://id.who.int/icd/entity/1162203379	http://id.who.int/icd/release/11/mms/1162203379	XE68B		"- - - - Cooking or kitchen appliance"	category	2	False	X	"=hyperlink(""https://icd.who.int/browse11/l-m/en#/http%3A%2F%2Fid.who.int%2Ficd%2Fentity%2F1162203379"",""browser"")"	False	False					
http://id.who.int/icd/entity/504702560	http://id.who.int/icd/release/11/mms/504702560	XE3WY		"- - - - - Electric kettle"	category	3	False	X	"=hyperlink(""https://icd.who.int/browse11/l-m/en#/http%3A%2F%2Fid.who.int%2Ficd%2Fentity%2F504702560"",""browser"")"	True	False					
http://id.who.int/icd/entity/1119139168	http://id.who.int/icd/release/11/mms/1119139168	XE3FW		"- - - - - Electric frying pan, deep fryer"	category	3	False	X	"=hyperlink(""https://icd.who.int/browse11/l-m/en#/http%3A%2F%2Fid.who.int%2Ficd%2Fentity%2F1119139168"",""browser"")"	True	False					
http://id.who.int/icd/entity/2011682887	http://id.who.int/icd/release/11/mms/2011682887	XE03R		"- - - - - Electric bread making machine"	category	3	False	X	"=hyperlink(""https://icd.who.int/browse11/l-m/en#/http%3A%2F%2Fid.who.int%2Ficd%2Fentity%2F2011682887"",""browser"")"	True	False					
http://id.who.int/icd/entity/1013854087	http://id.who.int/icd/release/11/mms/1013854087	XE6DV		"- - - - - Food processor, blender, juicer"	category	3	False	X	"=hyperlink(""https://icd.who.int/browse11/l-m/en#/http%3A%2F%2Fid.who.int%2Ficd%2Fentity%2F1013854087"",""browser"")"	True	False					
http://id.who.int/icd/entity/804876655	http://id.who.int/icd/release/11/mms/804876655	XE02T		"- - - - - Powered knife"	category	3	False	X	"=hyperlink(""https://icd.who.int/browse11/l-m/en#/http%3A%2F%2Fid.who.int%2Ficd%2Fentity%2F804876655"",""browser"")"	True	False					
http://id.who.int/icd/entity/1685096111	http://id.who.int/icd/release/11/mms/1685096111	XE5LB		"- - - - - Electric toaster, toaster oven"	category	3	False	X	"=hyperlink(""https://icd.who.int/browse11/l-m/en#/http%3A%2F%2Fid.who.int%2Ficd%2Fentity%2F1685096111"",""browser"")"	True	False					
http://id.who.int/icd/entity/1560816623	http://id.who.int/icd/release/11/mms/1560816623	XE7D9		"- - - - - Microwave oven"	category	3	False	X	"=hyperlink(""https://icd.who.int/browse11/l-m/en#/http%3A%2F%2Fid.who.int%2Ficd%2Fentity%2F1560816623"",""browser"")"	True	False					
http://id.who.int/icd/entity/733096705	http://id.who.int/icd/release/11/mms/733096705	XE6PT		"- - - - - Stove, oven, cooktop"	category	3	False	X	"=hyperlink(""https://icd.who.int/browse11/l-m/en#/http%3A%2F%2Fid.who.int%2Ficd%2Fentity%2F733096705"",""browser"")"	True	False					
http://id.who.int/icd/entity/1432924632	http://id.who.int/icd/release/11/mms/1432924632	XE464		"- - - - - Pressurised kerosene or paraffin cooking stove"	category	3	False	X	"=hyperlink(""https://icd.who.int/browse11/l-m/en#/http%3A%2F%2Fid.who.int%2Ficd%2Fentity%2F1432924632"",""browser"")"	True	False					
http://id.who.int/icd/entity/1191178032	http://id.who.int/icd/release/11/mms/1191178032	XE0U0		"- - - - - Coal pot"	category	3	False	X	"=hyperlink(""https://icd.who.int/browse11/l-m/en#/http%3A%2F%2Fid.who.int%2Ficd%2Fentity%2F1191178032"",""browser"")"	True	False					
http://id.who.int/icd/entity/1373080560	http://id.who.int/icd/release/11/mms/1373080560	XE5YC		"- - - - - Chulo stove"	category	3	False	X	"=hyperlink(""https://icd.who.int/browse11/l-m/en#/http%3A%2F%2Fid.who.int%2Ficd%2Fentity%2F1373080560"",""browser"")"	True	False					
http://id.who.int/icd/entity/225843440	http://id.who.int/icd/release/11/mms/225843440	XE6A4		"- - - - - Barbeque, outdoor cookers or griller, outdoor clay oven"	category	3	False	X	"=hyperlink(""https://icd.who.int/browse11/l-m/en#/http%3A%2F%2Fid.who.int%2Ficd%2Fentity%2F225843440"",""browser"")"	True	False					
http://id.who.int/icd/entity/941979113	http://id.who.int/icd/release/11/mms/941979113	XE0U1		"- - - - - Dishwasher"	category	3	False	X	"=hyperlink(""https://icd.who.int/browse11/l-m/en#/http%3A%2F%2Fid.who.int%2Ficd%2Fentity%2F941979113"",""browser"")"	True	False					
http://id.who.int/icd/entity/1940685353	http://id.who.int/icd/release/11/mms/1940685353	XE3JZ		"- - - - - Refrigerator, freezer appliance"	category	3	False	X	"=hyperlink(""https://icd.who.int/browse11/l-m/en#/http%3A%2F%2Fid.who.int%2Ficd%2Fentity%2F1940685353"",""browser"")"	True	False					
http://id.who.int/icd/entity/2084404659	http://id.who.int/icd/release/11/mms/2084404659	XE87D		"- - - - Cleaning or laundering appliance or tool"	category	2	False	X	"=hyperlink(""https://icd.who.int/browse11/l-m/en#/http%3A%2F%2Fid.who.int%2Ficd%2Fentity%2F2084404659"",""browser"")"	False	False					
http://id.who.int/icd/entity/483074425	http://id.who.int/icd/release/11/mms/483074425	XE4FB		"- - - - - Washing machine"	category	3	False	X	"=hyperlink(""https://icd.who.int/browse11/l-m/en#/http%3A%2F%2Fid.who.int%2Ficd%2Fentity%2F483074425"",""browser"")"	True	False					
http://id.who.int/icd/entity/1966727008	http://id.who.int/icd/release/11/mms/1966727008	XE0Y0		"- - - - - Clothes dryer"	category	3	False	X	"=hyperlink(""https://icd.who.int/browse11/l-m/en#/http%3A%2F%2Fid.who.int%2Ficd%2Fentity%2F1966727008"",""browser"")"	True	False					
http://id.who.int/icd/entity/1051732128	http://id.who.int/icd/release/11/mms/1051732128	XE2VW		"- - - - - Clothes iron, press"	category	3	False	X	"=hyperlink(""https://icd.who.int/browse11/l-m/en#/http%3A%2F%2Fid.who.int%2Ficd%2Fentity%2F1051732128"",""browser"")"	True	False					
http://id.who.int/icd/entity/130581984	http://id.who.int/icd/release/11/mms/130581984	XE06L		"- - - - - Clothesline, clothes drying rack, clotheshorse"	category	3	False	X	"=hyperlink(""https://icd.who.int/browse11/l-m/en#/http%3A%2F%2Fid.who.int%2Ficd%2Fentity%2F130581984"",""browser"")"	True	False					
http://id.who.int/icd/entity/757560904	http://id.who.int/icd/release/11/mms/757560904	XE9H2		"- - - - - Unpowered cleaning tool"	category	3	False	X	"=hyperlink(""https://icd.who.int/browse11/l-m/en#/http%3A%2F%2Fid.who.int%2Ficd%2Fentity%2F757560904"",""browser"")"	True	False					
http://id.who.int/icd/entity/1722712456	http://id.who.int/icd/release/11/mms/1722712456	XE5PE		"- - - - - Vacuum cleaner"	category	3	False	X	"=hyperlink(""https://icd.who.int/browse11/l-m/en#/http%3A%2F%2Fid.who.int%2Ficd%2Fentity%2F1722712456"",""browser"")"	True	False					
http://id.who.int/icd/entity/1409150097	http://id.who.int/icd/release/11/mms/1409150097	XE7Z3		"- - - - - Powered cleaning tool, not elsewhere classified"	category	3	False	X	"=hyperlink(""https://icd.who.int/browse11/l-m/en#/http%3A%2F%2Fid.who.int%2Ficd%2Fentity%2F1409150097"",""browser"")"	True	False					
http://id.who.int/icd/entity/1796544883	http://id.who.int/icd/release/11/mms/1796544883	XE4KD		"- - - - Lighting appliance"	category	2	False	X	"=hyperlink(""https://icd.who.int/browse11/l-m/en#/http%3A%2F%2Fid.who.int%2Ficd%2Fentity%2F1796544883"",""browser"")"	False	False					
http://id.who.int/icd/entity/494853222	http://id.who.int/icd/release/11/mms/494853222	XE3QJ		"- - - - - Free-standing gas, oil, or kerosene lamp"	category	3	False	X	"=hyperlink(""https://icd.who.int/browse11/l-m/en#/http%3A%2F%2Fid.who.int%2Ficd%2Fentity%2F494853222"",""browser"")"	True	False					
http://id.who.int/icd/entity/604401958	http://id.who.int/icd/release/11/mms/604401958	XE926		"- - - - - Electric lamp"	category	3	False	X	"=hyperlink(""https://icd.who.int/browse11/l-m/en#/http%3A%2F%2Fid.who.int%2Ficd%2Fentity%2F604401958"",""browser"")"	True	False					
http://id.who.int/icd/entity/1105153894	http://id.who.int/icd/release/11/mms/1105153894	XE5GA		"- - - - - Other specified lamp or lamp component"	category	3	False	X	"=hyperlink(""https://icd.who.int/browse11/l-m/en#/http%3A%2F%2Fid.who.int%2Ficd%2Fentity%2F1105153894"",""browser"")"	True	False					
http://id.who.int/icd/entity/1955340925	http://id.who.int/icd/release/11/mms/1955340925	XE1D7		"- - - - - Battery-operated torch"	category	3	False	X	"=hyperlink(""https://icd.who.int/browse11/l-m/en#/http%3A%2F%2Fid.who.int%2Ficd%2Fentity%2F1955340925"",""browser"")"	True	False					
http://id.who.int/icd/entity/1057347005	http://id.who.int/icd/release/11/mms/1057347005	XE01B		"- - - - - Candle, candlestick"	category	3	False	X	"=hyperlink(""https://icd.who.int/browse11/l-m/en#/http%3A%2F%2Fid.who.int%2Ficd%2Fentity%2F1057347005"",""browser"")"	True	False					
http://id.who.int/icd/entity/248260403	http://id.who.int/icd/release/11/mms/248260403	XE84K		"- - - - Heating or cooling appliance"	category	2	False	X	"=hyperlink(""https://icd.who.int/browse11/l-m/en#/http%3A%2F%2Fid.who.int%2Ficd%2Fentity%2F248260403"",""browser"")"	False	False					
http://id.who.int/icd/entity/427241271	http://id.who.int/icd/release/11/mms/427241271	XE5VR		"- - - - - Fan"	category	3	False	X	"=hyperlink(""https://icd.who.int/browse11/l-m/en#/http%3A%2F%2Fid.who.int%2Ficd%2Fentity%2F427241271"",""browser"")"	True	False					
http://id.who.int/icd/entity/1171700791	http://id.who.int/icd/release/11/mms/1171700791	XE1ZZ		"- - - - - Electric or gas radiator, heater"	category	3	False	X	"=hyperlink(""https://icd.who.int/browse11/l-m/en#/http%3A%2F%2Fid.who.int%2Ficd%2Fentity%2F1171700791"",""browser"")"	True	False					
http://id.who.int/icd/entity/1887818030	http://id.who.int/icd/release/11/mms/1887818030	XE0KQ		"- - - - - Kerosene heater"	category	3	False	X	"=hyperlink(""https://icd.who.int/browse11/l-m/en#/http%3A%2F%2Fid.who.int%2Ficd%2Fentity%2F1887818030"",""browser"")"	True	False					
http://id.who.int/icd/entity/434390003	http://id.who.int/icd/release/11/mms/434390003	XE9WK		"- - - - Sewing appliance or equipment"	category	2	False	X	"=hyperlink(""https://icd.who.int/browse11/l-m/en#/http%3A%2F%2Fid.who.int%2Ficd%2Fentity%2F434390003"",""browser"")"	False	False					
http://id.who.int/icd/entity/415420972	http://id.who.int/icd/release/11/mms/415420972	XE0PW		"- - - - - Sewing machine"	category	3	False	X	"=hyperlink(""https://icd.who.int/browse11/l-m/en#/http%3A%2F%2Fid.who.int%2Ficd%2Fentity%2F415420972"",""browser"")"	True	False					
http://id.who.int/icd/entity/1147355436	http://id.who.int/icd/release/11/mms/1147355436	XE204		"- - - - - Scissors"	category	3	False	X	"=hyperlink(""https://icd.who.int/browse11/l-m/en#/http%3A%2F%2Fid.who.int%2Ficd%2Fentity%2F1147355436"",""browser"")"	True	False					
http://id.who.int/icd/entity/1898982451	http://id.who.int/icd/release/11/mms/1898982451	XE8D1		"- - - - - Pin, needle"	category	3	False	X	"=hyperlink(""https://icd.who.int/browse11/l-m/en#/http%3A%2F%2Fid.who.int%2Ficd%2Fentity%2F1898982451"",""browser"")"	True	False					
http://id.who.int/icd/entity/547155635	http://id.who.int/icd/release/11/mms/547155635	XE80T		"- - - - Entertainment appliance"	category	2	False	X	"=hyperlink(""https://icd.who.int/browse11/l-m/en#/http%3A%2F%2Fid.who.int%2Ficd%2Fentity%2F547155635"",""browser"")"	False	False					
http://id.who.int/icd/entity/438097165	http://id.who.int/icd/release/11/mms/438097165	XE6SR		"- - - - - Television"	category	3	False	X	"=hyperlink(""https://icd.who.int/browse11/l-m/en#/http%3A%2F%2Fid.who.int%2Ficd%2Fentity%2F438097165"",""browser"")"	True	False					
http://id.who.int/icd/entity/1186809357	http://id.who.int/icd/release/11/mms/1186809357	XE1PK		"- - - - - Video recorder, decoder player"	category	3	False	X	"=hyperlink(""https://icd.who.int/browse11/l-m/en#/http%3A%2F%2Fid.who.int%2Ficd%2Fentity%2F1186809357"",""browser"")"	True	False					
http://id.who.int/icd/entity/1944988436	http://id.who.int/icd/release/11/mms/1944988436	XE5Y8		"- - - - - Video camera, camera, digital camera or accessory"	category	3	False	X	"=hyperlink(""https://icd.who.int/browse11/l-m/en#/http%3A%2F%2Fid.who.int%2Ficd%2Fentity%2F1944988436"",""browser"")"	True	False					
http://id.who.int/icd/entity/946330836	http://id.who.int/icd/release/11/mms/946330836	XE59W		"- - - - - Sound equipment"	category	3	False	X	"=hyperlink(""https://icd.who.int/browse11/l-m/en#/http%3A%2F%2Fid.who.int%2Ficd%2Fentity%2F946330836"",""browser"")"	True	False					
http://id.who.int/icd/entity/370790052	http://id.who.int/icd/release/11/mms/370790052	XE2MS		"- - - - Cord of household appliance, extension cord"	category	2	False	X	"=hyperlink(""https://icd.who.int/browse11/l-m/en#/http%3A%2F%2Fid.who.int%2Ficd%2Fentity%2F370790052"",""browser"")"	True	False					
http://id.who.int/icd/entity/355521464	http://id.who.int/icd/release/11/mms/355521464			"- - - Utensil or container"	block	3	False	X	"=hyperlink(""https://icd.who.int/browse11/l-m/en#/http%3A%2F%2Fid.who.int%2Ficd%2Fentity%2F355521464"",""browser"")"	False						
http://id.who.int/icd/entity/1289997128	http://id.who.int/icd/release/11/mms/1289997128	XE4G0		"- - - - Cooking or food processing utensil"	category	1	False	X	"=hyperlink(""https://icd.who.int/browse11/l-m/en#/http%3A%2F%2Fid.who.int%2Ficd%2Fentity%2F1289997128"",""browser"")"	False	False					
http://id.who.int/icd/entity/519642669	http://id.who.int/icd/release/11/mms/519642669	XE7VX		"- - - - - Non-electric kettle"	category	2	False	X	"=hyperlink(""https://icd.who.int/browse11/l-m/en#/http%3A%2F%2Fid.who.int%2Ficd%2Fentity%2F519642669"",""browser"")"	True	False					
http://id.who.int/icd/entity/1113099565	http://id.who.int/icd/release/11/mms/1113099565	XE8WH		"- - - - - Knife, not elsewhere classified"	category	2	False	X	"=hyperlink(""https://icd.who.int/browse11/l-m/en#/http%3A%2F%2Fid.who.int%2Ficd%2Fentity%2F1113099565"",""browser"")"	True	False					
http://id.who.int/icd/entity/1997266996	http://id.who.int/icd/release/11/mms/1997266996	XE9LY		"- - - - - Cooking pot, pan"	category	2	False	X	"=hyperlink(""https://icd.who.int/browse11/l-m/en#/http%3A%2F%2Fid.who.int%2Ficd%2Fentity%2F1997266996"",""browser"")"	True	False					
http://id.who.int/icd/entity/1015158772	http://id.who.int/icd/release/11/mms/1015158772	XE50Y		"- - - - - Pressure cooker"	category	2	False	X	"=hyperlink(""https://icd.who.int/browse11/l-m/en#/http%3A%2F%2Fid.who.int%2Ficd%2Fentity%2F1015158772"",""browser"")"	True	False					
http://id.who.int/icd/entity/789924124	http://id.who.int/icd/release/11/mms/789924124	XE5CG		"- - - - - Cutlery, food preparation utensil"	category	2	False	X	"=hyperlink(""https://icd.who.int/browse11/l-m/en#/http%3A%2F%2Fid.who.int%2Ficd%2Fentity%2F789924124"",""browser"")"	True	False					
http://id.who.int/icd/entity/1973118472	http://id.who.int/icd/release/11/mms/1973118472	XE9W8		"- - - - Crockery, kitchen container"	category	1	False	X	"=hyperlink(""https://icd.who.int/browse11/l-m/en#/http%3A%2F%2Fid.who.int%2Ficd%2Fentity%2F1973118472"",""browser"")"	False	False					
http://id.who.int/icd/entity/472324364	http://id.who.int/icd/release/11/mms/472324364	XE532		"- - - - - Drinking glass, cup made from glass or china"	category	2	False	X	"=hyperlink(""https://icd.who.int/browse11/l-m/en#/http%3A%2F%2Fid.who.int%2Ficd%2Fentity%2F472324364"",""browser"")"	True	False					
http://id.who.int/icd/entity/1082558988	http://id.who.int/icd/release/11/mms/1082558988	XE9Q8		"- - - - - Plate, bowl, dish made from glass or china"	category	2	False	X	"=hyperlink(""https://icd.who.int/browse11/l-m/en#/http%3A%2F%2Fid.who.int%2Ficd%2Fentity%2F1082558988"",""browser"")"	True	False					
http://id.who.int/icd/entity/1976952595	http://id.who.int/icd/release/11/mms/1976952595	XE6LK		"- - - - - Glass bottle or jar"	category	2	False	X	"=hyperlink(""https://icd.who.int/browse11/l-m/en#/http%3A%2F%2Fid.who.int%2Ficd%2Fentity%2F1976952595"",""browser"")"	True	False					
http://id.who.int/icd/entity/1046221011	http://id.who.int/icd/release/11/mms/1046221011	XE5G7		"- - - - - Container made from plastic, wood, or clay"	category	2	False	X	"=hyperlink(""https://icd.who.int/browse11/l-m/en#/http%3A%2F%2Fid.who.int%2Ficd%2Fentity%2F1046221011"",""browser"")"	True	False					
http://id.who.int/icd/entity/1655898824	http://id.who.int/icd/release/11/mms/1655898824	XE8EL		"- - - - Cleaning utensil or container"	category	1	False	X	"=hyperlink(""https://icd.who.int/browse11/l-m/en#/http%3A%2F%2Fid.who.int%2Ficd%2Fentity%2F1655898824"",""browser"")"	False	False					
http://id.who.int/icd/entity/1093891863	http://id.who.int/icd/release/11/mms/1093891863	XE383		"- - - - - Bucket, pail"	category	2	False	X	"=hyperlink(""https://icd.who.int/browse11/l-m/en#/http%3A%2F%2Fid.who.int%2Ficd%2Fentity%2F1093891863"",""browser"")"	True	False					
http://id.who.int/icd/entity/124402824	http://id.who.int/icd/release/11/mms/124402824	XE4WL		"- - - - Food storage or related utensil or container"	category	1	False	X	"=hyperlink(""https://icd.who.int/browse11/l-m/en#/http%3A%2F%2Fid.who.int%2Ficd%2Fentity%2F124402824"",""browser"")"	False	False					
http://id.who.int/icd/entity/429594438	http://id.who.int/icd/release/11/mms/429594438	XE1GJ		"- - - - - Tinned container, tin can"	category	2	False	X	"=hyperlink(""https://icd.who.int/browse11/l-m/en#/http%3A%2F%2Fid.who.int%2Ficd%2Fentity%2F429594438"",""browser"")"	True	False					
http://id.who.int/icd/entity/1161462854	http://id.who.int/icd/release/11/mms/1161462854	XE5N6		"- - - - - Box or carton containing food or drink"	category	2	False	X	"=hyperlink(""https://icd.who.int/browse11/l-m/en#/http%3A%2F%2Fid.who.int%2Ficd%2Fentity%2F1161462854"",""browser"")"	True	False					
http://id.who.int/icd/entity/1885989213	http://id.who.int/icd/release/11/mms/1885989213	XE8JZ		"- - - - - Grocery or shopping trolley or cart"	category	2	False	X	"=hyperlink(""https://icd.who.int/browse11/l-m/en#/http%3A%2F%2Fid.who.int%2Ficd%2Fentity%2F1885989213"",""browser"")"	True	False					
http://id.who.int/icd/entity/1314861039	http://id.who.int/icd/release/11/mms/1314861039	XE31H		"- - - - Certain specified utensil or container"	category	1	False	X	"=hyperlink(""https://icd.who.int/browse11/l-m/en#/http%3A%2F%2Fid.who.int%2Ficd%2Fentity%2F1314861039"",""browser"")"	False	False					
http://id.who.int/icd/entity/385218257	http://id.who.int/icd/release/11/mms/385218257	XE3SR		"- - - - - Rubbish bin, trash can, dumpster"	category	2	False	X	"=hyperlink(""https://icd.who.int/browse11/l-m/en#/http%3A%2F%2Fid.who.int%2Ficd%2Fentity%2F385218257"",""browser"")"	True	False					
http://id.who.int/icd/entity/1197558767	http://id.who.int/icd/release/11/mms/1197558767	XE0GP		"- - - - - Heavy container, box, package, not elsewhere classified"	category	2	False	X	"=hyperlink(""https://icd.who.int/browse11/l-m/en#/http%3A%2F%2Fid.who.int%2Ficd%2Fentity%2F1197558767"",""browser"")"	True	False					
http://id.who.int/icd/entity/968610104	http://id.who.int/icd/release/11/mms/968610104	XE80G		"- - - - - Bag, sack, not elsewhere classified"	category	2	False	X	"=hyperlink(""https://icd.who.int/browse11/l-m/en#/http%3A%2F%2Fid.who.int%2Ficd%2Fentity%2F968610104"",""browser"")"	True	False					
http://id.who.int/icd/entity/35174264	http://id.who.int/icd/release/11/mms/35174264			"- - - Item mainly for personal use"	block	3	False	X	"=hyperlink(""https://icd.who.int/browse11/l-m/en#/http%3A%2F%2Fid.who.int%2Ficd%2Fentity%2F35174264"",""browser"")"	False						
http://id.who.int/icd/entity/1297495637	http://id.who.int/icd/release/11/mms/1297495637	XE12D		"- - - - Clothes, foot wear, or related products"	category	1	False	X	"=hyperlink(""https://icd.who.int/browse11/l-m/en#/http%3A%2F%2Fid.who.int%2Ficd%2Fentity%2F1297495637"",""browser"")"	False	False					
http://id.who.int/icd/entity/981159707	http://id.who.int/icd/release/11/mms/981159707	XE42F		"- - - - - Belt, braces, suspenders, sash"	category	2	False	X	"=hyperlink(""https://icd.who.int/browse11/l-m/en#/http%3A%2F%2Fid.who.int%2Ficd%2Fentity%2F981159707"",""browser"")"	True	False					
http://id.who.int/icd/entity/1725619227	http://id.who.int/icd/release/11/mms/1725619227	XE06P		"- - - - - Button"	category	2	False	X	"=hyperlink(""https://icd.who.int/browse11/l-m/en#/http%3A%2F%2Fid.who.int%2Ficd%2Fentity%2F1725619227"",""browser"")"	True	False					
http://id.who.int/icd/entity/1401532674	http://id.who.int/icd/release/11/mms/1401532674	XE8H8		"- - - - - Other specified clothes fastener"	category	2	False	X	"=hyperlink(""https://icd.who.int/browse11/l-m/en#/http%3A%2F%2Fid.who.int%2Ficd%2Fentity%2F1401532674"",""browser"")"	True	False					
http://id.who.int/icd/entity/402671298	http://id.who.int/icd/release/11/mms/402671298	XE1KG		"- - - - - Shoe, sandal, slipper, boot"	category	2	False	X	"=hyperlink(""https://icd.who.int/browse11/l-m/en#/http%3A%2F%2Fid.who.int%2Ficd%2Fentity%2F402671298"",""browser"")"	True	False					
http://id.who.int/icd/entity/194451498	http://id.who.int/icd/release/11/mms/194451498	XE0MQ		"- - - - - Shoelace, shoe buckle"	category	2	False	X	"=hyperlink(""https://icd.who.int/browse11/l-m/en#/http%3A%2F%2Fid.who.int%2Ficd%2Fentity%2F194451498"",""browser"")"	True	False					
http://id.who.int/icd/entity/1075769322	http://id.who.int/icd/release/11/mms/1075769322	XE6A6		"- - - - - Shirt, blouse, t-shirt, trousers, slacks, jacket, coat, outerwear"	category	2	False	X	"=hyperlink(""https://icd.who.int/browse11/l-m/en#/http%3A%2F%2Fid.who.int%2Ficd%2Fentity%2F1075769322"",""browser"")"	True	False					
http://id.who.int/icd/entity/1968014067	http://id.who.int/icd/release/11/mms/1968014067	XE4AP		"- - - - - Nightclothes, pyjamas, nightwear, underwear, undergarment, lingerie"	category	2	False	X	"=hyperlink(""https://icd.who.int/browse11/l-m/en#/http%3A%2F%2Fid.who.int%2Ficd%2Fentity%2F1968014067"",""browser"")"	True	False					
http://id.who.int/icd/entity/1949211413	http://id.who.int/icd/release/11/mms/1949211413	XE91F		"- - - - Clothing accessory or personal decoration item"	category	1	False	X	"=hyperlink(""https://icd.who.int/browse11/l-m/en#/http%3A%2F%2Fid.who.int%2Ficd%2Fentity%2F1949211413"",""browser"")"	False	False					
http://id.who.int/icd/entity/950356030	http://id.who.int/icd/release/11/mms/950356030	XE79Y		"- - - - - Wristwatch, jewellery"	category	2	False	X	"=hyperlink(""https://icd.who.int/browse11/l-m/en#/http%3A%2F%2Fid.who.int%2Ficd%2Fentity%2F950356030"",""browser"")"	True	False					
http://id.who.int/icd/entity/1661403093	http://id.who.int/icd/release/11/mms/1661403093	XE9WV		"- - - - Personal grooming utensil"	category	1	False	X	"=hyperlink(""https://icd.who.int/browse11/l-m/en#/http%3A%2F%2Fid.who.int%2Ficd%2Fentity%2F1661403093"",""browser"")"	False	False					
http://id.who.int/icd/entity/957396257	http://id.who.int/icd/release/11/mms/957396257	XE7FF		"- - - - - Hair dryer, curling iron, curler"	category	2	False	X	"=hyperlink(""https://icd.who.int/browse11/l-m/en#/http%3A%2F%2Fid.who.int%2Ficd%2Fentity%2F957396257"",""browser"")"	True	False					
http://id.who.int/icd/entity/1706108449	http://id.who.int/icd/release/11/mms/1706108449	XE2CA		"- - - - - Comb, hairbrush"	category	2	False	X	"=hyperlink(""https://icd.who.int/browse11/l-m/en#/http%3A%2F%2Fid.who.int%2Ficd%2Fentity%2F1706108449"",""browser"")"	True	False					
http://id.who.int/icd/entity/1357007672	http://id.who.int/icd/release/11/mms/1357007672	XE22C		"- - - - - Razor, razor blade"	category	2	False	X	"=hyperlink(""https://icd.who.int/browse11/l-m/en#/http%3A%2F%2Fid.who.int%2Ficd%2Fentity%2F1357007672"",""browser"")"	True	False					
http://id.who.int/icd/entity/460045560	http://id.who.int/icd/release/11/mms/460045560	XE39S		"- - - - - Electric shaver"	category	2	False	X	"=hyperlink(""https://icd.who.int/browse11/l-m/en#/http%3A%2F%2Fid.who.int%2Ficd%2Fentity%2F460045560"",""browser"")"	True	False					
http://id.who.int/icd/entity/150790672	http://id.who.int/icd/release/11/mms/150790672	XE1RS		"- - - - - Electric toothbrush"	category	2	False	X	"=hyperlink(""https://icd.who.int/browse11/l-m/en#/http%3A%2F%2Fid.who.int%2Ficd%2Fentity%2F150790672"",""browser"")"	True	False					
http://id.who.int/icd/entity/1312832496	http://id.who.int/icd/release/11/mms/1312832496	XE88G		"- - - - - Other toothbrush"	category	2	False	X	"=hyperlink(""https://icd.who.int/browse11/l-m/en#/http%3A%2F%2Fid.who.int%2Ficd%2Fentity%2F1312832496"",""browser"")"	True	False					
http://id.who.int/icd/entity/115327381	http://id.who.int/icd/release/11/mms/115327381	XE45T		"- - - - Toiletries, cosmetics, or related product"	category	1	False	X	"=hyperlink(""https://icd.who.int/browse11/l-m/en#/http%3A%2F%2Fid.who.int%2Ficd%2Fentity%2F115327381"",""browser"")"	False	False					
http://id.who.int/icd/entity/1025066612	http://id.who.int/icd/release/11/mms/1025066612	XE5U0		"- - - - - Cleaning agent for contact lenses"	category	2	False	X	"=hyperlink(""https://icd.who.int/browse11/l-m/en#/http%3A%2F%2Fid.who.int%2Ficd%2Fentity%2F1025066612"",""browser"")"	True	False					
http://id.who.int/icd/entity/1639503220	http://id.who.int/icd/release/11/mms/1639503220	XE5CY		"- - - - - Dental care products"	category	2	False	X	"=hyperlink(""https://icd.who.int/browse11/l-m/en#/http%3A%2F%2Fid.who.int%2Ficd%2Fentity%2F1639503220"",""browser"")"	True	False					
http://id.who.int/icd/entity/1424734315	http://id.who.int/icd/release/11/mms/1424734315	XE94F		"- - - - - Cotton swab, cotton bud, Q-tip®"	category	2	False	X	"=hyperlink(""https://icd.who.int/browse11/l-m/en#/http%3A%2F%2Fid.who.int%2Ficd%2Fentity%2F1424734315"",""browser"")"	True	False					
http://id.who.int/icd/entity/526536619	http://id.who.int/icd/release/11/mms/526536619	XE1H5		"- - - - - Soap"	category	2	False	X	"=hyperlink(""https://icd.who.int/browse11/l-m/en#/http%3A%2F%2Fid.who.int%2Ficd%2Fentity%2F526536619"",""browser"")"	True	False					
http://id.who.int/icd/entity/217387331	http://id.who.int/icd/release/11/mms/217387331	XE1B1		"- - - - - Deodorants"	category	2	False	X	"=hyperlink(""https://icd.who.int/browse11/l-m/en#/http%3A%2F%2Fid.who.int%2Ficd%2Fentity%2F217387331"",""browser"")"	True	False					
http://id.who.int/icd/entity/1199367811	http://id.who.int/icd/release/11/mms/1199367811	XE5DV		"- - - - - Perfume, cologne"	category	2	False	X	"=hyperlink(""https://icd.who.int/browse11/l-m/en#/http%3A%2F%2Fid.who.int%2Ficd%2Fentity%2F1199367811"",""browser"")"	True	False					
http://id.who.int/icd/entity/967212124	http://id.who.int/icd/release/11/mms/967212124	XE8PE		"- - - - - Hair colouring preparation"	category	2	False	X	"=hyperlink(""https://icd.who.int/browse11/l-m/en#/http%3A%2F%2Fid.who.int%2Ficd%2Fentity%2F967212124"",""browser"")"	True	False					
http://id.who.int/icd/entity/1127726317	http://id.who.int/icd/release/11/mms/1127726317	XE1T3		"- - - - - Hair removal preparation, depilatory"	category	2	False	X	"=hyperlink(""https://icd.who.int/browse11/l-m/en#/http%3A%2F%2Fid.who.int%2Ficd%2Fentity%2F1127726317"",""browser"")"	True	False					
http://id.who.int/icd/entity/2052002221	http://id.who.int/icd/release/11/mms/2052002221	XE8EH		"- - - - - Other hair care product"	category	2	False	X	"=hyperlink(""https://icd.who.int/browse11/l-m/en#/http%3A%2F%2Fid.who.int%2Ficd%2Fentity%2F2052002221"",""browser"")"	True	False					
http://id.who.int/icd/entity/146688813	http://id.who.int/icd/release/11/mms/146688813	XE3EV		"- - - - - Nail polish"	category	2	False	X	"=hyperlink(""https://icd.who.int/browse11/l-m/en#/http%3A%2F%2Fid.who.int%2Ficd%2Fentity%2F146688813"",""browser"")"	True	False					
http://id.who.int/icd/entity/1038951988	http://id.who.int/icd/release/11/mms/1038951988	XE7DF		"- - - - - Body or facial cream or lotion"	category	2	False	X	"=hyperlink(""https://icd.who.int/browse11/l-m/en#/http%3A%2F%2Fid.who.int%2Ficd%2Fentity%2F1038951988"",""browser"")"	True	False					
http://id.who.int/icd/entity/1986318836	http://id.who.int/icd/release/11/mms/1986318836	XE8W8		"- - - - - Body powder, talc"	category	2	False	X	"=hyperlink(""https://icd.who.int/browse11/l-m/en#/http%3A%2F%2Fid.who.int%2Ficd%2Fentity%2F1986318836"",""browser"")"	True	False					
http://id.who.int/icd/entity/1710460700	http://id.who.int/icd/release/11/mms/1710460700	XE79N		"- - - - - Cosmetics, not elsewhere classified"	category	2	False	X	"=hyperlink(""https://icd.who.int/browse11/l-m/en#/http%3A%2F%2Fid.who.int%2Ficd%2Fentity%2F1710460700"",""browser"")"	True	False					
http://id.who.int/icd/entity/779778268	http://id.who.int/icd/release/11/mms/779778268	XE8NY		"- - - - - Suntan or sunscreen products, self-tan products"	category	2	False	X	"=hyperlink(""https://icd.who.int/browse11/l-m/en#/http%3A%2F%2Fid.who.int%2Ficd%2Fentity%2F779778268"",""browser"")"	True	False					
http://id.who.int/icd/entity/455677381	http://id.who.int/icd/release/11/mms/455677381	XE4KX		"- - - - - Essential oils, oils used in aromatherapy"	category	2	False	X	"=hyperlink(""https://icd.who.int/browse11/l-m/en#/http%3A%2F%2Fid.who.int%2Ficd%2Fentity%2F455677381"",""browser"")"	True	False					
http://id.who.int/icd/entity/301442389	http://id.who.int/icd/release/11/mms/301442389	XE3AM		"- - - - Communication or related utensil or accessory"	category	1	False	X	"=hyperlink(""https://icd.who.int/browse11/l-m/en#/http%3A%2F%2Fid.who.int%2Ficd%2Fentity%2F301442389"",""browser"")"	False	False					
http://id.who.int/icd/entity/1017953135	http://id.who.int/icd/release/11/mms/1017953135	XE2A3		"- - - - - Telephone, mobile phone, cellular phone"	category	2	False	X	"=hyperlink(""https://icd.who.int/browse11/l-m/en#/http%3A%2F%2Fid.who.int%2Ficd%2Fentity%2F1017953135"",""browser"")"	True	False					
http://id.who.int/icd/entity/1611475055	http://id.who.int/icd/release/11/mms/1611475055	XE9K5		"- - - - - Personal computer or related accessory"	category	2	False	X	"=hyperlink(""https://icd.who.int/browse11/l-m/en#/http%3A%2F%2Fid.who.int%2Ficd%2Fentity%2F1611475055"",""browser"")"	True	False					
http://id.who.int/icd/entity/1432241526	http://id.who.int/icd/release/11/mms/1432241526	XE38S		"- - - - - Fax machine and other related equipment"	category	2	False	X	"=hyperlink(""https://icd.who.int/browse11/l-m/en#/http%3A%2F%2Fid.who.int%2Ficd%2Fentity%2F1432241526"",""browser"")"	True	False					
http://id.who.int/icd/entity/1115038134	http://id.who.int/icd/release/11/mms/1115038134	XE5V8		"- - - - - Typewriter correction fluid"	category	2	False	X	"=hyperlink(""https://icd.who.int/browse11/l-m/en#/http%3A%2F%2Fid.who.int%2Ficd%2Fentity%2F1115038134"",""browser"")"	True	False					
http://id.who.int/icd/entity/517452470	http://id.who.int/icd/release/11/mms/517452470	XE38A		"- - - - - Pen, pencil"	category	2	False	X	"=hyperlink(""https://icd.who.int/browse11/l-m/en#/http%3A%2F%2Fid.who.int%2Ficd%2Fentity%2F517452470"",""browser"")"	True	False					
http://id.who.int/icd/entity/222358622	http://id.who.int/icd/release/11/mms/222358622	XE1RG		"- - - - - Other stationery item"	category	2	False	X	"=hyperlink(""https://icd.who.int/browse11/l-m/en#/http%3A%2F%2Fid.who.int%2Ficd%2Fentity%2F222358622"",""browser"")"	True	False					
http://id.who.int/icd/entity/680462357	http://id.who.int/icd/release/11/mms/680462357	XE58R		"- - - - Arts and crafts supplies"	category	1	False	X	"=hyperlink(""https://icd.who.int/browse11/l-m/en#/http%3A%2F%2Fid.who.int%2Ficd%2Fentity%2F680462357"",""browser"")"	False	False					
http://id.who.int/icd/entity/1047706698	http://id.who.int/icd/release/11/mms/1047706698	XE0NW		"- - - - - Artist paint"	category	2	False	X	"=hyperlink(""https://icd.who.int/browse11/l-m/en#/http%3A%2F%2Fid.who.int%2Ficd%2Fentity%2F1047706698"",""browser"")"	True	False					
http://id.who.int/icd/entity/1658007370	http://id.who.int/icd/release/11/mms/1658007370	XE2EN		"- - - - - Chalk, crayon"	category	2	False	X	"=hyperlink(""https://icd.who.int/browse11/l-m/en#/http%3A%2F%2Fid.who.int%2Ficd%2Fentity%2F1658007370"",""browser"")"	True	False					
http://id.who.int/icd/entity/1468023377	http://id.who.int/icd/release/11/mms/1468023377	XE6E6		"- - - - - Glazes"	category	2	False	X	"=hyperlink(""https://icd.who.int/browse11/l-m/en#/http%3A%2F%2Fid.who.int%2Ficd%2Fentity%2F1468023377"",""browser"")"	True	False					
http://id.who.int/icd/entity/470398353	http://id.who.int/icd/release/11/mms/470398353	XE8ZP		"- - - - - Canvas"	category	2	False	X	"=hyperlink(""https://icd.who.int/browse11/l-m/en#/http%3A%2F%2Fid.who.int%2Ficd%2Fentity%2F470398353"",""browser"")"	True	False					
http://id.who.int/icd/entity/1067936981	http://id.who.int/icd/release/11/mms/1067936981	XE0X7		"- - - - Personal aid"	category	1	False	X	"=hyperlink(""https://icd.who.int/browse11/l-m/en#/http%3A%2F%2Fid.who.int%2Ficd%2Fentity%2F1067936981"",""browser"")"	False	False					
http://id.who.int/icd/entity/1070022997	http://id.who.int/icd/release/11/mms/1070022997	XE5EM		"- - - - - Eyewear"	category	2	False	X	"=hyperlink(""https://icd.who.int/browse11/l-m/en#/http%3A%2F%2Fid.who.int%2Ficd%2Fentity%2F1070022997"",""browser"")"	True	False					
http://id.who.int/icd/entity/1667682901	http://id.who.int/icd/release/11/mms/1667682901	XE293		"- - - - - Wheelchair"	category	2	False	X	"=hyperlink(""https://icd.who.int/browse11/l-m/en#/http%3A%2F%2Fid.who.int%2Ficd%2Fentity%2F1667682901"",""browser"")"	True	False					
http://id.who.int/icd/entity/1446362956	http://id.who.int/icd/release/11/mms/1446362956	XE90Y		"- - - - - Cane, walker, walking stick, walking frame"	category	2	False	X	"=hyperlink(""https://icd.who.int/browse11/l-m/en#/http%3A%2F%2Fid.who.int%2Ficd%2Fentity%2F1446362956"",""browser"")"	True	False					
http://id.who.int/icd/entity/498878604	http://id.who.int/icd/release/11/mms/498878604	XE5W4		"- - - - - Prosthesis"	category	2	False	X	"=hyperlink(""https://icd.who.int/browse11/l-m/en#/http%3A%2F%2Fid.who.int%2Ficd%2Fentity%2F498878604"",""browser"")"	True	False					
http://id.who.int/icd/entity/237704804	http://id.who.int/icd/release/11/mms/237704804	XE6ZS		"- - - - - Rubber bathtub mat"	category	2	False	X	"=hyperlink(""https://icd.who.int/browse11/l-m/en#/http%3A%2F%2Fid.who.int%2Ficd%2Fentity%2F237704804"",""browser"")"	True	False					
http://id.who.int/icd/entity/482511723	http://id.who.int/icd/release/11/mms/482511723	XE7P9		"- - - - Tobacco or related product"	category	1	False	X	"=hyperlink(""https://icd.who.int/browse11/l-m/en#/http%3A%2F%2Fid.who.int%2Ficd%2Fentity%2F482511723"",""browser"")"	False	False					
http://id.who.int/icd/entity/912349936	http://id.who.int/icd/release/11/mms/912349936	XE01N		"- - - - - Cigarette, cigar, pipe"	category	2	False	X	"=hyperlink(""https://icd.who.int/browse11/l-m/en#/http%3A%2F%2Fid.who.int%2Ficd%2Fentity%2F912349936"",""browser"")"	True	False					
http://id.who.int/icd/entity/1791019504	http://id.who.int/icd/release/11/mms/1791019504	XE4U8		"- - - - - Lighter, match"	category	2	False	X	"=hyperlink(""https://icd.who.int/browse11/l-m/en#/http%3A%2F%2Fid.who.int%2Ficd%2Fentity%2F1791019504"",""browser"")"	True	False					
http://id.who.int/icd/entity/1603511543	http://id.who.int/icd/release/11/mms/1603511543	XE0Q7		"- - - - - Aids to quit smoking"	category	2	False	X	"=hyperlink(""https://icd.who.int/browse11/l-m/en#/http%3A%2F%2Fid.who.int%2Ficd%2Fentity%2F1603511543"",""browser"")"	True	False					
http://id.who.int/icd/entity/1340789492	http://id.who.int/icd/release/11/mms/1340789492	XE2H2		"- - - - Certain specified personal use item"	category	1	False	X	"=hyperlink(""https://icd.who.int/browse11/l-m/en#/http%3A%2F%2Fid.who.int%2Ficd%2Fentity%2F1340789492"",""browser"")"	False	False					
http://id.who.int/icd/entity/846702567	http://id.who.int/icd/release/11/mms/846702567	XE1NP		"- - - - - Vaporizer, humidifier"	category	2	False	X	"=hyperlink(""https://icd.who.int/browse11/l-m/en#/http%3A%2F%2Fid.who.int%2Ficd%2Fentity%2F846702567"",""browser"")"	True	False					
http://id.who.int/icd/entity/1859532007	http://id.who.int/icd/release/11/mms/1859532007	XE1PV		"- - - - - Oil burner"	category	2	False	X	"=hyperlink(""https://icd.who.int/browse11/l-m/en#/http%3A%2F%2Fid.who.int%2Ficd%2Fentity%2F1859532007"",""browser"")"	True	False					
http://id.who.int/icd/entity/1535465982	http://id.who.int/icd/release/11/mms/1535465982	XE7S6		"- - - - - Condom, or other contraceptive device"	category	2	False	X	"=hyperlink(""https://icd.who.int/browse11/l-m/en#/http%3A%2F%2Fid.who.int%2Ficd%2Fentity%2F1535465982"",""browser"")"	True	False					
http://id.who.int/icd/entity/269266494	http://id.who.int/icd/release/11/mms/269266494	XE9GS		"- - - - - Sex aids"	category	2	False	X	"=hyperlink(""https://icd.who.int/browse11/l-m/en#/http%3A%2F%2Fid.who.int%2Ficd%2Fentity%2F269266494"",""browser"")"	True	False					
http://id.who.int/icd/entity/60551382	http://id.who.int/icd/release/11/mms/60551382	XE030		"- - - - - Alarm clock, clock"	category	2	False	X	"=hyperlink(""https://icd.who.int/browse11/l-m/en#/http%3A%2F%2Fid.who.int%2Ficd%2Fentity%2F60551382"",""browser"")"	True	False					
http://id.who.int/icd/entity/1209141014	http://id.who.int/icd/release/11/mms/1209141014	XE9R0		"- - - - - Umbrella"	category	2	False	X	"=hyperlink(""https://icd.who.int/browse11/l-m/en#/http%3A%2F%2Fid.who.int%2Ficd%2Fentity%2F1209141014"",""browser"")"	True	False					
http://id.who.int/icd/entity/2101438991	http://id.who.int/icd/release/11/mms/2101438991	XE3T5		"- - - - - Coins"	category	2	False	X	"=hyperlink(""https://icd.who.int/browse11/l-m/en#/http%3A%2F%2Fid.who.int%2Ficd%2Fentity%2F2101438991"",""browser"")"	True	False					
http://id.who.int/icd/entity/1280925050	http://id.who.int/icd/release/11/mms/1280925050	XE6N6		"- - - - - Hand-held fan"	category	2	False	X	"=hyperlink(""https://icd.who.int/browse11/l-m/en#/http%3A%2F%2Fid.who.int%2Ficd%2Fentity%2F1280925050"",""browser"")"	True	False					
http://id.who.int/icd/entity/1298357017	http://id.who.int/icd/release/11/mms/1298357017			"- - - Equipment mainly used in sports or recreational activity"	block	3	False	X	"=hyperlink(""https://icd.who.int/browse11/l-m/en#/http%3A%2F%2Fid.who.int%2Ficd%2Fentity%2F1298357017"",""browser"")"	False						
http://id.who.int/icd/entity/1641526172	http://id.who.int/icd/release/11/mms/1641526172	XE5BJ		"- - - - Ball used in sport"	category	1	False	X	"=hyperlink(""https://icd.who.int/browse11/l-m/en#/http%3A%2F%2Fid.who.int%2Ficd%2Fentity%2F1641526172"",""browser"")"	False	False					
http://id.who.int/icd/entity/1108361147	http://id.who.int/icd/release/11/mms/1108361147	XE9X9		"- - - - - Soft ball"	category	2	False	X	"=hyperlink(""https://icd.who.int/browse11/l-m/en#/http%3A%2F%2Fid.who.int%2Ficd%2Fentity%2F1108361147"",""browser"")"	True	False					
http://id.who.int/icd/entity/514960571	http://id.who.int/icd/release/11/mms/514960571	XE7M5		"- - - - - Puck, hard ball"	category	2	False	X	"=hyperlink(""https://icd.who.int/browse11/l-m/en#/http%3A%2F%2Fid.who.int%2Ficd%2Fentity%2F514960571"",""browser"")"	True	False					
http://id.who.int/icd/entity/1487871708	http://id.who.int/icd/release/11/mms/1487871708	XE68L		"- - - - Hand-held sports equipment"	category	1	False	X	"=hyperlink(""https://icd.who.int/browse11/l-m/en#/http%3A%2F%2Fid.who.int%2Ficd%2Fentity%2F1487871708"",""browser"")"	False	False					
http://id.who.int/icd/entity/1087256734	http://id.who.int/icd/release/11/mms/1087256734	XE3H8		"- - - - - Spear, javelin, not elsewhere classified"	category	2	False	X	"=hyperlink(""https://icd.who.int/browse11/l-m/en#/http%3A%2F%2Fid.who.int%2Ficd%2Fentity%2F1087256734"",""browser"")"	True	False					
http://id.who.int/icd/entity/477080478	http://id.who.int/icd/release/11/mms/477080478	XE9CT		"- - - - - Bow, arrow, crossbow bolt, crossbow, not elsewhere classified"	category	2	False	X	"=hyperlink(""https://icd.who.int/browse11/l-m/en#/http%3A%2F%2Fid.who.int%2Ficd%2Fentity%2F477080478"",""browser"")"	True	False					
http://id.who.int/icd/entity/691848837	http://id.who.int/icd/release/11/mms/691848837	XE557		"- - - - - Other specified sports projectile"	category	2	False	X	"=hyperlink(""https://icd.who.int/browse11/l-m/en#/http%3A%2F%2Fid.who.int%2Ficd%2Fentity%2F691848837"",""browser"")"	True	False					
http://id.who.int/icd/entity/1656041797	http://id.who.int/icd/release/11/mms/1656041797	XE23P		"- - - - - Bat, hockey stick"	category	2	False	X	"=hyperlink(""https://icd.who.int/browse11/l-m/en#/http%3A%2F%2Fid.who.int%2Ficd%2Fentity%2F1656041797"",""browser"")"	True	False					
http://id.who.int/icd/entity/1898082221	http://id.who.int/icd/release/11/mms/1898082221	XE9MP		"- - - - - Racquet"	category	2	False	X	"=hyperlink(""https://icd.who.int/browse11/l-m/en#/http%3A%2F%2Fid.who.int%2Ficd%2Fentity%2F1898082221"",""browser"")"	True	False					
http://id.who.int/icd/entity/984324205	http://id.who.int/icd/release/11/mms/984324205	XE1HX		"- - - - - Ice pick"	category	2	False	X	"=hyperlink(""https://icd.who.int/browse11/l-m/en#/http%3A%2F%2Fid.who.int%2Ficd%2Fentity%2F984324205"",""browser"")"	True	False					
http://id.who.int/icd/entity/1334278684	http://id.who.int/icd/release/11/mms/1334278684	XE0AQ		"- - - - Equipment or structure for playing sports or exercise"	category	1	False	X	"=hyperlink(""https://icd.who.int/browse11/l-m/en#/http%3A%2F%2Fid.who.int%2Ficd%2Fentity%2F1334278684"",""browser"")"	False	False					
http://id.who.int/icd/entity/1098630529	http://id.who.int/icd/release/11/mms/1098630529	XE2EM		"- - - - - Net for sports or exercise"	category	2	False	X	"=hyperlink(""https://icd.who.int/browse11/l-m/en#/http%3A%2F%2Fid.who.int%2Ficd%2Fentity%2F1098630529"",""browser"")"	True	False					
http://id.who.int/icd/entity/500848257	http://id.who.int/icd/release/11/mms/500848257	XE9R3		"- - - - - Rugby pole, net pole, goal post"	category	2	False	X	"=hyperlink(""https://icd.who.int/browse11/l-m/en#/http%3A%2F%2Fid.who.int%2Ficd%2Fentity%2F500848257"",""browser"")"	True	False					
http://id.who.int/icd/entity/680082328	http://id.who.int/icd/release/11/mms/680082328	XE6HE		"- - - - - Trampoline for playing sports or exercise"	category	2	False	X	"=hyperlink(""https://icd.who.int/browse11/l-m/en#/http%3A%2F%2Fid.who.int%2Ficd%2Fentity%2F680082328"",""browser"")"	True	False					
http://id.who.int/icd/entity/1660996696	http://id.who.int/icd/release/11/mms/1660996696	XE8C0		"- - - - - Gymnastic equipment"	category	2	False	X	"=hyperlink(""https://icd.who.int/browse11/l-m/en#/http%3A%2F%2Fid.who.int%2Ficd%2Fentity%2F1660996696"",""browser"")"	True	False					
http://id.who.int/icd/entity/1888981680	http://id.who.int/icd/release/11/mms/1888981680	XE76Q		"- - - - - Sports mat for playing sports or exercise"	category	2	False	X	"=hyperlink(""https://icd.who.int/browse11/l-m/en#/http%3A%2F%2Fid.who.int%2Ficd%2Fentity%2F1888981680"",""browser"")"	True	False					
http://id.who.int/icd/entity/991847792	http://id.who.int/icd/release/11/mms/991847792	XE9TW		"- - - - - Diving board, platform"	category	2	False	X	"=hyperlink(""https://icd.who.int/browse11/l-m/en#/http%3A%2F%2Fid.who.int%2Ficd%2Fentity%2F991847792"",""browser"")"	True	False					
http://id.who.int/icd/entity/239929449	http://id.who.int/icd/release/11/mms/239929449	XE1EH		"- - - - - Exercise, fitness equipment - movable"	category	2	False	X	"=hyperlink(""https://icd.who.int/browse11/l-m/en#/http%3A%2F%2Fid.who.int%2Ficd%2Fentity%2F239929449"",""browser"")"	True	False					
http://id.who.int/icd/entity/1170538409	http://id.who.int/icd/release/11/mms/1170538409	XE6G9		"- - - - - Exercise, fitness equipment - fixed"	category	2	False	X	"=hyperlink(""https://icd.who.int/browse11/l-m/en#/http%3A%2F%2Fid.who.int%2Ficd%2Fentity%2F1170538409"",""browser"")"	True	False					
http://id.who.int/icd/entity/710820956	http://id.who.int/icd/release/11/mms/710820956	XE70Q		"- - - - Equipment with wheels or designed for movement, mainly for use in sports or recreational activity"	category	1	False	X	"=hyperlink(""https://icd.who.int/browse11/l-m/en#/http%3A%2F%2Fid.who.int%2Ficd%2Fentity%2F710820956"",""browser"")"	False	False					
http://id.who.int/icd/entity/1165113044	http://id.who.int/icd/release/11/mms/1165113044	XE38Q		"- - - - - Roller skates, rollerski, in-line skates, roller blades"	category	2	False	X	"=hyperlink(""https://icd.who.int/browse11/l-m/en#/http%3A%2F%2Fid.who.int%2Ficd%2Fentity%2F1165113044"",""browser"")"	True	False					
http://id.who.int/icd/entity/433300948	http://id.who.int/icd/release/11/mms/433300948	XE7TJ		"- - - - - Skateboard"	category	2	False	X	"=hyperlink(""https://icd.who.int/browse11/l-m/en#/http%3A%2F%2Fid.who.int%2Ficd%2Fentity%2F433300948"",""browser"")"	True	False					
http://id.who.int/icd/entity/746637515	http://id.who.int/icd/release/11/mms/746637515	XE06X		"- - - - - Folding scooter"	category	2	False	X	"=hyperlink(""https://icd.who.int/browse11/l-m/en#/http%3A%2F%2Fid.who.int%2Ficd%2Fentity%2F746637515"",""browser"")"	True	False					
http://id.who.int/icd/entity/1728659211	http://id.who.int/icd/release/11/mms/1728659211	XE9XZ		"- - - - - Waterski"	category	2	False	X	"=hyperlink(""https://icd.who.int/browse11/l-m/en#/http%3A%2F%2Fid.who.int%2Ficd%2Fentity%2F1728659211"",""browser"")"	True	False					
http://id.who.int/icd/entity/1956536803	http://id.who.int/icd/release/11/mms/1956536803	XE5W5		"- - - - - Snow ski"	category	2	False	X	"=hyperlink(""https://icd.who.int/browse11/l-m/en#/http%3A%2F%2Fid.who.int%2Ficd%2Fentity%2F1956536803"",""browser"")"	True	False					
http://id.who.int/icd/entity/1058510371	http://id.who.int/icd/release/11/mms/1058510371	XE6DZ		"- - - - - Snow board"	category	2	False	X	"=hyperlink(""https://icd.who.int/browse11/l-m/en#/http%3A%2F%2Fid.who.int%2Ficd%2Fentity%2F1058510371"",""browser"")"	True	False					
http://id.who.int/icd/entity/172292924	http://id.who.int/icd/release/11/mms/172292924	XE2AY		"- - - - - Ice skate"	category	2	False	X	"=hyperlink(""https://icd.who.int/browse11/l-m/en#/http%3A%2F%2Fid.who.int%2Ficd%2Fentity%2F172292924"",""browser"")"	True	False					
http://id.who.int/icd/entity/1103957244	http://id.who.int/icd/release/11/mms/1103957244	XE0AR		"- - - - - Sled, toboggan, sleigh, snow disk, snow tube"	category	2	False	X	"=hyperlink(""https://icd.who.int/browse11/l-m/en#/http%3A%2F%2Fid.who.int%2Ficd%2Fentity%2F1103957244"",""browser"")"	True	False					
http://id.who.int/icd/entity/1031151772	http://id.who.int/icd/release/11/mms/1031151772	XE9TA		"- - - - Underwater diving equipment"	category	1	False	X	"=hyperlink(""https://icd.who.int/browse11/l-m/en#/http%3A%2F%2Fid.who.int%2Ficd%2Fentity%2F1031151772"",""browser"")"	False	False					
http://id.who.int/icd/entity/1153944527	http://id.who.int/icd/release/11/mms/1153944527	XE1WX		"- - - - - Aqualung"	category	2	False	X	"=hyperlink(""https://icd.who.int/browse11/l-m/en#/http%3A%2F%2Fid.who.int%2Ficd%2Fentity%2F1153944527"",""browser"")"	True	False					
http://id.who.int/icd/entity/409360591	http://id.who.int/icd/release/11/mms/409360591	XE85D		"- - - - - Diving belt, weight"	category	2	False	X	"=hyperlink(""https://icd.who.int/browse11/l-m/en#/http%3A%2F%2Fid.who.int%2Ficd%2Fentity%2F409360591"",""browser"")"	True	False					
http://id.who.int/icd/entity/758461910	http://id.who.int/icd/release/11/mms/758461910	XE8X8		"- - - - - Wetsuit"	category	2	False	X	"=hyperlink(""https://icd.who.int/browse11/l-m/en#/http%3A%2F%2Fid.who.int%2Ficd%2Fentity%2F758461910"",""browser"")"	True	False					
http://id.who.int/icd/entity/1723646486	http://id.who.int/icd/release/11/mms/1723646486	XE3NW		"- - - - - Goggle or mask, flipper or fin, snorkel"	category	2	False	X	"=hyperlink(""https://icd.who.int/browse11/l-m/en#/http%3A%2F%2Fid.who.int%2Ficd%2Fentity%2F1723646486"",""browser"")"	True	False					
http://id.who.int/icd/entity/1667979069	http://id.who.int/icd/release/11/mms/1667979069	XE8FX		"- - - - Certain specified equipment for sports or recreational activity"	category	1	False	X	"=hyperlink(""https://icd.who.int/browse11/l-m/en#/http%3A%2F%2Fid.who.int%2Ficd%2Fentity%2F1667979069"",""browser"")"	False	False					
http://id.who.int/icd/entity/1243404103	http://id.who.int/icd/release/11/mms/1243404103	XE92X		"- - - - - Personal protective equipment (PPE) designed for use in sports"	category	2	False	X	"=hyperlink(""https://icd.who.int/browse11/l-m/en#/http%3A%2F%2Fid.who.int%2Ficd%2Fentity%2F1243404103"",""browser"")"	True	False					
http://id.who.int/icd/entity/1514880985	http://id.who.int/icd/release/11/mms/1514880985	XE0P3		"- - - Tool, machine, apparatus mainly used for work-related activity"	category	1	False	X	"=hyperlink(""https://icd.who.int/browse11/l-m/en#/http%3A%2F%2Fid.who.int%2Ficd%2Fentity%2F1514880985"",""browser"")"	False	False					
http://id.who.int/icd/entity/1617055367	http://id.who.int/icd/release/11/mms/1617055367	XE6TZ		"- - - - Machinery or fixed plant"	category	2	False	X	"=hyperlink(""https://icd.who.int/browse11/l-m/en#/http%3A%2F%2Fid.who.int%2Ficd%2Fentity%2F1617055367"",""browser"")"	False	False					
http://id.who.int/icd/entity/1720872589	http://id.who.int/icd/release/11/mms/1720872589	XE43P		"- - - - - Cutting or slicing machinery or fixed plant"	category	3	False	X	"=hyperlink(""https://icd.who.int/browse11/l-m/en#/http%3A%2F%2Fid.who.int%2Ficd%2Fentity%2F1720872589"",""browser"")"	True	False					
http://id.who.int/icd/entity/976485773	http://id.who.int/icd/release/11/mms/976485773	XE0VT		"- - - - - Crushing or pressing machinery or fixed plant"	category	3	False	X	"=hyperlink(""https://icd.who.int/browse11/l-m/en#/http%3A%2F%2Fid.who.int%2Ficd%2Fentity%2F976485773"",""browser"")"	True	False					
http://id.who.int/icd/entity/257986708	http://id.who.int/icd/release/11/mms/257986708	XE1WC		"- - - - - Heating or cooking machinery or fixed plant"	category	3	False	X	"=hyperlink(""https://icd.who.int/browse11/l-m/en#/http%3A%2F%2Fid.who.int%2Ficd%2Fentity%2F257986708"",""browser"")"	True	False					
http://id.who.int/icd/entity/1156147028	http://id.who.int/icd/release/11/mms/1156147028	XE76C		"- - - - - Refrigeration machinery or fixed plant"	category	3	False	X	"=hyperlink(""https://icd.who.int/browse11/l-m/en#/http%3A%2F%2Fid.who.int%2Ficd%2Fentity%2F1156147028"",""browser"")"	True	False					
http://id.who.int/icd/entity/1467890108	http://id.who.int/icd/release/11/mms/1467890108	XE14G		"- - - - - Lifting machinery"	category	3	False	X	"=hyperlink(""https://icd.who.int/browse11/l-m/en#/http%3A%2F%2Fid.who.int%2Ficd%2Fentity%2F1467890108"",""browser"")"	True	False					
http://id.who.int/icd/entity/486002300	http://id.who.int/icd/release/11/mms/486002300	XE77A		"- - - - - Hoist machinery"	category	3	False	X	"=hyperlink(""https://icd.who.int/browse11/l-m/en#/http%3A%2F%2Fid.who.int%2Ficd%2Fentity%2F486002300"",""browser"")"	True	False					
http://id.who.int/icd/entity/698655589	http://id.who.int/icd/release/11/mms/698655589	XE3BT		"- - - - - Crane machinery or fixed plant"	category	3	False	X	"=hyperlink(""https://icd.who.int/browse11/l-m/en#/http%3A%2F%2Fid.who.int%2Ficd%2Fentity%2F698655589"",""browser"")"	True	False					
http://id.who.int/icd/entity/1647137957	http://id.who.int/icd/release/11/mms/1647137957	XE9U1		"- - - - - Elevated work platform"	category	3	False	X	"=hyperlink(""https://icd.who.int/browse11/l-m/en#/http%3A%2F%2Fid.who.int%2Ficd%2Fentity%2F1647137957"",""browser"")"	True	False					
http://id.who.int/icd/entity/415011860	http://id.who.int/icd/release/11/mms/415011860	XE6T6		"- - - - - Conveyors"	category	3	False	X	"=hyperlink(""https://icd.who.int/browse11/l-m/en#/http%3A%2F%2Fid.who.int%2Ficd%2Fentity%2F415011860"",""browser"")"	True	False					
http://id.who.int/icd/entity/1396007892	http://id.who.int/icd/release/11/mms/1396007892	XE99N		"- - - - - Mains - gas, water, sewerage, steam, hot water, electricity"	category	3	False	X	"=hyperlink(""https://icd.who.int/browse11/l-m/en#/http%3A%2F%2Fid.who.int%2Ficd%2Fentity%2F1396007892"",""browser"")"	True	False					
http://id.who.int/icd/entity/1717964491	http://id.who.int/icd/release/11/mms/1717964491	XE8FD		"- - - - - Shearing plant"	category	3	False	X	"=hyperlink(""https://icd.who.int/browse11/l-m/en#/http%3A%2F%2Fid.who.int%2Ficd%2Fentity%2F1717964491"",""browser"")"	True	False					
http://id.who.int/icd/entity/770701579	http://id.who.int/icd/release/11/mms/770701579	XE6VH		"- - - - - Dairy or milking plant"	category	3	False	X	"=hyperlink(""https://icd.who.int/browse11/l-m/en#/http%3A%2F%2Fid.who.int%2Ficd%2Fentity%2F770701579"",""browser"")"	True	False					
http://id.who.int/icd/entity/1048094691	http://id.who.int/icd/release/11/mms/1048094691	XE6AF		"- - - - - Press"	category	3	False	X	"=hyperlink(""https://icd.who.int/browse11/l-m/en#/http%3A%2F%2Fid.who.int%2Ficd%2Fentity%2F1048094691"",""browser"")"	True	False					
http://id.who.int/icd/entity/1978748963	http://id.who.int/icd/release/11/mms/1978748963	XE0JX		"- - - - - Garbage compactor"	category	3	False	X	"=hyperlink(""https://icd.who.int/browse11/l-m/en#/http%3A%2F%2Fid.who.int%2Ficd%2Fentity%2F1978748963"",""browser"")"	True	False					
http://id.who.int/icd/entity/1084374332	http://id.who.int/icd/release/11/mms/1084374332	XE02Q		"- - - - - Threshing machine"	category	3	False	X	"=hyperlink(""https://icd.who.int/browse11/l-m/en#/http%3A%2F%2Fid.who.int%2Ficd%2Fentity%2F1084374332"",""browser"")"	True	False					
http://id.who.int/icd/entity/1468684796	http://id.who.int/icd/release/11/mms/1468684796	XE8KN		"- - - - - Chaff-cutter, fodder-cutter"	category	3	False	X	"=hyperlink(""https://icd.who.int/browse11/l-m/en#/http%3A%2F%2Fid.who.int%2Ficd%2Fentity%2F1468684796"",""browser"")"	True	False					
http://id.who.int/icd/entity/1494934471	http://id.who.int/icd/release/11/mms/1494934471	XE5WX		"- - - - Powered hand tool or equipment"	category	2	False	X	"=hyperlink(""https://icd.who.int/browse11/l-m/en#/http%3A%2F%2Fid.who.int%2Ficd%2Fentity%2F1494934471"",""browser"")"	False	False					
http://id.who.int/icd/entity/1682729388	http://id.who.int/icd/release/11/mms/1682729388	XE88U		"- - - - - Drill"	category	3	False	X	"=hyperlink(""https://icd.who.int/browse11/l-m/en#/http%3A%2F%2Fid.who.int%2Ficd%2Fentity%2F1682729388"",""browser"")"	True	False					
http://id.who.int/icd/entity/955120300	http://id.who.int/icd/release/11/mms/955120300	XE8MJ		"- - - - - Chainsaw"	category	3	False	X	"=hyperlink(""https://icd.who.int/browse11/l-m/en#/http%3A%2F%2Fid.who.int%2Ficd%2Fentity%2F955120300"",""browser"")"	True	False					
http://id.who.int/icd/entity/230594483	http://id.who.int/icd/release/11/mms/230594483	XE66P		"- - - - - Other power saw"	category	3	False	X	"=hyperlink(""https://icd.who.int/browse11/l-m/en#/http%3A%2F%2Fid.who.int%2Ficd%2Fentity%2F230594483"",""browser"")"	True	False					
http://id.who.int/icd/entity/1178034291	http://id.who.int/icd/release/11/mms/1178034291	XE0TD		"- - - - - Welder, welding equipment"	category	3	False	X	"=hyperlink(""https://icd.who.int/browse11/l-m/en#/http%3A%2F%2Fid.who.int%2Ficd%2Fentity%2F1178034291"",""browser"")"	True	False					
http://id.who.int/icd/entity/1436565147	http://id.who.int/icd/release/11/mms/1436565147	XE3E3		"- - - - - Nail gun, stud driver"	category	3	False	X	"=hyperlink(""https://icd.who.int/browse11/l-m/en#/http%3A%2F%2Fid.who.int%2Ficd%2Fentity%2F1436565147"",""browser"")"	True	False					
http://id.who.int/icd/entity/506055003	http://id.who.int/icd/release/11/mms/506055003	XE3UP		"- - - - - Grinder, buffer, polisher, sander"	category	3	False	X	"=hyperlink(""https://icd.who.int/browse11/l-m/en#/http%3A%2F%2Fid.who.int%2Ficd%2Fentity%2F506055003"",""browser"")"	True	False					
http://id.who.int/icd/entity/729457732	http://id.who.int/icd/release/11/mms/729457732	XE8T6		"- - - - - Powered garden tool"	category	3	False	X	"=hyperlink(""https://icd.who.int/browse11/l-m/en#/http%3A%2F%2Fid.who.int%2Ficd%2Fentity%2F729457732"",""browser"")"	True	False					
http://id.who.int/icd/entity/1626559364	http://id.who.int/icd/release/11/mms/1626559364	XE89A		"- - - - - Powered push lawn mower"	category	3	False	X	"=hyperlink(""https://icd.who.int/browse11/l-m/en#/http%3A%2F%2Fid.who.int%2Ficd%2Fentity%2F1626559364"",""browser"")"	True	False					
http://id.who.int/icd/entity/442667829	http://id.who.int/icd/release/11/mms/442667829	XE0N1		"- - - - - Industrial vacuum cleaner"	category	3	False	X	"=hyperlink(""https://icd.who.int/browse11/l-m/en#/http%3A%2F%2Fid.who.int%2Ficd%2Fentity%2F442667829"",""browser"")"	True	False					
http://id.who.int/icd/entity/1311934215	http://id.who.int/icd/release/11/mms/1311934215	XE16F		"- - - - Unpowered hand tool or equipment"	category	2	False	X	"=hyperlink(""https://icd.who.int/browse11/l-m/en#/http%3A%2F%2Fid.who.int%2Ficd%2Fentity%2F1311934215"",""browser"")"	False	False					
http://id.who.int/icd/entity/1710855351	http://id.who.int/icd/release/11/mms/1710855351	XE8P1		"- - - - - Unpowered push lawnmower"	category	3	False	X	"=hyperlink(""https://icd.who.int/browse11/l-m/en#/http%3A%2F%2Fid.who.int%2Ficd%2Fentity%2F1710855351"",""browser"")"	True	False					
http://id.who.int/icd/entity/962070455	http://id.who.int/icd/release/11/mms/962070455	XE0VV		"- - - - - Hammer, mallet"	category	3	False	X	"=hyperlink(""https://icd.who.int/browse11/l-m/en#/http%3A%2F%2Fid.who.int%2Ficd%2Fentity%2F962070455"",""browser"")"	True	False					
http://id.who.int/icd/entity/202074798	http://id.who.int/icd/release/11/mms/202074798	XE56E		"- - - - - Chopping tool"	category	3	False	X	"=hyperlink(""https://icd.who.int/browse11/l-m/en#/http%3A%2F%2Fid.who.int%2Ficd%2Fentity%2F202074798"",""browser"")"	True	False					
http://id.who.int/icd/entity/1199742318	http://id.who.int/icd/release/11/mms/1199742318	XE9CU		"- - - - - Cutting tool"	category	3	False	X	"=hyperlink(""https://icd.who.int/browse11/l-m/en#/http%3A%2F%2Fid.who.int%2Ficd%2Fentity%2F1199742318"",""browser"")"	True	False					
http://id.who.int/icd/entity/1410712454	http://id.who.int/icd/release/11/mms/1410712454	XE9GT		"- - - - - Digging or tilling tool"	category	3	False	X	"=hyperlink(""https://icd.who.int/browse11/l-m/en#/http%3A%2F%2Fid.who.int%2Ficd%2Fentity%2F1410712454"",""browser"")"	True	False					
http://id.who.int/icd/entity/530330694	http://id.who.int/icd/release/11/mms/530330694	XE3KL		"- - - - - Lifting tool"	category	3	False	X	"=hyperlink(""https://icd.who.int/browse11/l-m/en#/http%3A%2F%2Fid.who.int%2Ficd%2Fentity%2F530330694"",""browser"")"	True	False					
http://id.who.int/icd/entity/718231903	http://id.who.int/icd/release/11/mms/718231903	XE7VR		"- - - - - Nail, screw, tack"	category	3	False	X	"=hyperlink(""https://icd.who.int/browse11/l-m/en#/http%3A%2F%2Fid.who.int%2Ficd%2Fentity%2F718231903"",""browser"")"	True	False					
http://id.who.int/icd/entity/1632022175	http://id.who.int/icd/release/11/mms/1632022175	XE3W7		"- - - - - Fishhook used for work-related activity"	category	3	False	X	"=hyperlink(""https://icd.who.int/browse11/l-m/en#/http%3A%2F%2Fid.who.int%2Ficd%2Fentity%2F1632022175"",""browser"")"	True	False					
http://id.who.int/icd/entity/467103274	http://id.who.int/icd/release/11/mms/467103274	XE8KL		"- - - - - Rat or mouse trap used for work-related activity"	category	3	False	X	"=hyperlink(""https://icd.who.int/browse11/l-m/en#/http%3A%2F%2Fid.who.int%2Ficd%2Fentity%2F467103274"",""browser"")"	True	False					
http://id.who.int/icd/entity/736868679	http://id.who.int/icd/release/11/mms/736868679	XE9N7		"- - - - Pressure-based equipment"	category	2	False	X	"=hyperlink(""https://icd.who.int/browse11/l-m/en#/http%3A%2F%2Fid.who.int%2Ficd%2Fentity%2F736868679"",""browser"")"	False	False					
http://id.who.int/icd/entity/1643145190	http://id.who.int/icd/release/11/mms/1643145190	XE5VQ		"- - - - - Gas cylinder"	category	3	False	X	"=hyperlink(""https://icd.who.int/browse11/l-m/en#/http%3A%2F%2Fid.who.int%2Ficd%2Fentity%2F1643145190"",""browser"")"	True	False					
http://id.who.int/icd/entity/1028781286	http://id.who.int/icd/release/11/mms/1028781286	XE974		"- - - - - Pressurised hose, pipe"	category	3	False	X	"=hyperlink(""https://icd.who.int/browse11/l-m/en#/http%3A%2F%2Fid.who.int%2Ficd%2Fentity%2F1028781286"",""browser"")"	True	False					
http://id.who.int/icd/entity/1019469191	http://id.who.int/icd/release/11/mms/1019469191	XE3RZ		"- - - - Certain unpowered equipment"	category	2	False	X	"=hyperlink(""https://icd.who.int/browse11/l-m/en#/http%3A%2F%2Fid.who.int%2Ficd%2Fentity%2F1019469191"",""browser"")"	False	False					
http://id.who.int/icd/entity/1615174393	http://id.who.int/icd/release/11/mms/1615174393	XE9P7		"- - - - - Ladder, movable step"	category	3	False	X	"=hyperlink(""https://icd.who.int/browse11/l-m/en#/http%3A%2F%2Fid.who.int%2Ficd%2Fentity%2F1615174393"",""browser"")"	True	False					
http://id.who.int/icd/entity/1021577721	http://id.who.int/icd/release/11/mms/1021577721	XE7RK		"- - - - - Scaffolding"	category	3	False	X	"=hyperlink(""https://icd.who.int/browse11/l-m/en#/http%3A%2F%2Fid.who.int%2Ficd%2Fentity%2F1021577721"",""browser"")"	True	False					
http://id.who.int/icd/entity/163013856	http://id.who.int/icd/release/11/mms/163013856	XE5F6		"- - - - - Helmet"	category	3	False	X	"=hyperlink(""https://icd.who.int/browse11/l-m/en#/http%3A%2F%2Fid.who.int%2Ficd%2Fentity%2F163013856"",""browser"")"	True	False					
http://id.who.int/icd/entity/1111397152	http://id.who.int/icd/release/11/mms/1111397152	XE67K		"- - - - - Earplugs"	category	3	False	X	"=hyperlink(""https://icd.who.int/browse11/l-m/en#/http%3A%2F%2Fid.who.int%2Ficd%2Fentity%2F1111397152"",""browser"")"	True	False					
http://id.who.int/icd/entity/1370082760	http://id.who.int/icd/release/11/mms/1370082760	XE2PS		"- - - - - Welding mask"	category	3	False	X	"=hyperlink(""https://icd.who.int/browse11/l-m/en#/http%3A%2F%2Fid.who.int%2Ficd%2Fentity%2F1370082760"",""browser"")"	True	False					
http://id.who.int/icd/entity/387257400	http://id.who.int/icd/release/11/mms/387257400	XE7RJ		"- - - - - Personal protective equipment, not elsewhere classified"	category	3	False	X	"=hyperlink(""https://icd.who.int/browse11/l-m/en#/http%3A%2F%2Fid.who.int%2Ficd%2Fentity%2F387257400"",""browser"")"	True	False					
http://id.who.int/icd/entity/796088081	http://id.who.int/icd/release/11/mms/796088081	XE7HB		"- - - - - Fire extinguisher"	category	3	False	X	"=hyperlink(""https://icd.who.int/browse11/l-m/en#/http%3A%2F%2Fid.who.int%2Ficd%2Fentity%2F796088081"",""browser"")"	True	False					
http://id.who.int/icd/entity/1855882865	http://id.who.int/icd/release/11/mms/1855882865	XE505		"- - - - Mechanical power transmission device"	category	2	False	X	"=hyperlink(""https://icd.who.int/browse11/l-m/en#/http%3A%2F%2Fid.who.int%2Ficd%2Fentity%2F1855882865"",""browser"")"	True	False					
http://id.who.int/icd/entity/1664324249	http://id.who.int/icd/release/11/mms/1664324249			"- - - Weapon"	block	3	False	X	"=hyperlink(""https://icd.who.int/browse11/l-m/en#/http%3A%2F%2Fid.who.int%2Ficd%2Fentity%2F1664324249"",""browser"")"	False						
http://id.who.int/icd/entity/1656506786	http://id.who.int/icd/release/11/mms/1656506786	XE4BU		"- - - - Sharp object"	category	1	False	X	"=hyperlink(""https://icd.who.int/browse11/l-m/en#/http%3A%2F%2Fid.who.int%2Ficd%2Fentity%2F1656506786"",""browser"")"	False	False					
http://id.who.int/icd/entity/185900503	http://id.who.int/icd/release/11/mms/185900503	XE3KV		"- - - - - Spear, javelin designed as weapon"	category	2	False	X	"=hyperlink(""https://icd.who.int/browse11/l-m/en#/http%3A%2F%2Fid.who.int%2Ficd%2Fentity%2F185900503"",""browser"")"	True	False					
http://id.who.int/icd/entity/1471483607	http://id.who.int/icd/release/11/mms/1471483607	XE9PM		"- - - - - Arrow or bolt designed as weapon"	category	2	False	X	"=hyperlink(""https://icd.who.int/browse11/l-m/en#/http%3A%2F%2Fid.who.int%2Ficd%2Fentity%2F1471483607"",""browser"")"	True	False					
http://id.who.int/icd/entity/1659265998	http://id.who.int/icd/release/11/mms/1659265998	XE174		"- - - - - Knife designed as weapon"	category	2	False	X	"=hyperlink(""https://icd.who.int/browse11/l-m/en#/http%3A%2F%2Fid.who.int%2Ficd%2Fentity%2F1659265998"",""browser"")"	True	False					
http://id.who.int/icd/entity/695178254	http://id.who.int/icd/release/11/mms/695178254	XE598		"- - - - - Sword, dagger, bayonet, machete, panga, cutlass"	category	2	False	X	"=hyperlink(""https://icd.who.int/browse11/l-m/en#/http%3A%2F%2Fid.who.int%2Ficd%2Fentity%2F695178254"",""browser"")"	True	False					
http://id.who.int/icd/entity/1539630306	http://id.who.int/icd/release/11/mms/1539630306	XE04A		"- - - - Firearm or related item"	category	1	False	X	"=hyperlink(""https://icd.who.int/browse11/l-m/en#/http%3A%2F%2Fid.who.int%2Ficd%2Fentity%2F1539630306"",""browser"")"	False	False					
http://id.who.int/icd/entity/164272882	http://id.who.int/icd/release/11/mms/164272882	XE4KC		"- - - - - Bullet, pellet"	category	2	False	X	"=hyperlink(""https://icd.who.int/browse11/l-m/en#/http%3A%2F%2Fid.who.int%2Ficd%2Fentity%2F164272882"",""browser"")"	True	False					
http://id.who.int/icd/entity/1433078258	http://id.who.int/icd/release/11/mms/1433078258	XE72J		"- - - - - Hand gun"	category	2	False	X	"=hyperlink(""https://icd.who.int/browse11/l-m/en#/http%3A%2F%2Fid.who.int%2Ficd%2Fentity%2F1433078258"",""browser"")"	True	False					
http://id.who.int/icd/entity/1614308585	http://id.who.int/icd/release/11/mms/1614308585	XE0Q9		"- - - - - Rifle"	category	2	False	X	"=hyperlink(""https://icd.who.int/browse11/l-m/en#/http%3A%2F%2Fid.who.int%2Ficd%2Fentity%2F1614308585"",""browser"")"	True	False					
http://id.who.int/icd/entity/733057833	http://id.who.int/icd/release/11/mms/733057833	XE32H		"- - - - - Shotgun"	category	2	False	X	"=hyperlink(""https://icd.who.int/browse11/l-m/en#/http%3A%2F%2Fid.who.int%2Ficd%2Fentity%2F733057833"",""browser"")"	True	False					
http://id.who.int/icd/entity/942067137	http://id.who.int/icd/release/11/mms/942067137	XE6YZ		"- - - - - Air gun"	category	2	False	X	"=hyperlink(""https://icd.who.int/browse11/l-m/en#/http%3A%2F%2Fid.who.int%2Ficd%2Fentity%2F942067137"",""browser"")"	True	False					
http://id.who.int/icd/entity/1610657031	http://id.who.int/icd/release/11/mms/1610657031	XE1XM		"- - - - Certain specified weapon"	category	1	False	X	"=hyperlink(""https://icd.who.int/browse11/l-m/en#/http%3A%2F%2Fid.who.int%2Ficd%2Fentity%2F1610657031"",""browser"")"	False	False					
http://id.who.int/icd/entity/51934507	http://id.who.int/icd/release/11/mms/51934507	XE61H		"- - - - - Club, cudgel, rod, knobkierie"	category	2	False	X	"=hyperlink(""https://icd.who.int/browse11/l-m/en#/http%3A%2F%2Fid.who.int%2Ficd%2Fentity%2F51934507"",""browser"")"	True	False					
http://id.who.int/icd/entity/1606018603	http://id.who.int/icd/release/11/mms/1606018603	XE9F9		"- - - - - Electrical prod, stun gun"	category	2	False	X	"=hyperlink(""https://icd.who.int/browse11/l-m/en#/http%3A%2F%2Fid.who.int%2Ficd%2Fentity%2F1606018603"",""browser"")"	True	False					
http://id.who.int/icd/entity/1793755954	http://id.who.int/icd/release/11/mms/1793755954	XE203		"- - - - - Capsicum spray, mace, pepper spray"	category	2	False	X	"=hyperlink(""https://icd.who.int/browse11/l-m/en#/http%3A%2F%2Fid.who.int%2Ficd%2Fentity%2F1793755954"",""browser"")"	True	False					
http://id.who.int/icd/entity/1947989593	http://id.who.int/icd/release/11/mms/1947989593			"- - - Person, animal or plant"	block	3	False	X	"=hyperlink(""https://icd.who.int/browse11/l-m/en#/http%3A%2F%2Fid.who.int%2Ficd%2Fentity%2F1947989593"",""browser"")"	False						
http://id.who.int/icd/entity/1661580477	http://id.who.int/icd/release/11/mms/1661580477	XE3C1		"- - - - Plant"	category	1	False	X	"=hyperlink(""https://icd.who.int/browse11/l-m/en#/http%3A%2F%2Fid.who.int%2Ficd%2Fentity%2F1661580477"",""browser"")"	False	False					
http://id.who.int/icd/entity/29754721	http://id.who.int/icd/release/11/mms/29754721	XE9CV		"- - - - - Tree, plant"	category	2	False	X	"=hyperlink(""https://icd.who.int/browse11/l-m/en#/http%3A%2F%2Fid.who.int%2Ficd%2Fentity%2F29754721"",""browser"")"	True	False					
http://id.who.int/icd/entity/1933008865	http://id.who.int/icd/release/11/mms/1933008865	XE2ZX		"- - - - - Leaves, flowers"	category	2	False	X	"=hyperlink(""https://icd.who.int/browse11/l-m/en#/http%3A%2F%2Fid.who.int%2Ficd%2Fentity%2F1933008865"",""browser"")"	True	False					
http://id.who.int/icd/entity/2132582328	http://id.who.int/icd/release/11/mms/2132582328	XE4DN		"- - - - - Mushroom, toadstool, fungus"	category	2	False	X	"=hyperlink(""https://icd.who.int/browse11/l-m/en#/http%3A%2F%2Fid.who.int%2Ficd%2Fentity%2F2132582328"",""browser"")"	True	False					
http://id.who.int/icd/entity/1442016272	http://id.who.int/icd/release/11/mms/1442016272	XE8XA		"- - - - - Plant seed"	category	2	False	X	"=hyperlink(""https://icd.who.int/browse11/l-m/en#/http%3A%2F%2Fid.who.int%2Ficd%2Fentity%2F1442016272"",""browser"")"	True	False					
http://id.who.int/icd/entity/1621098761	http://id.who.int/icd/release/11/mms/1621098761	XE4KB		"- - - - - Fruit from plant"	category	2	False	X	"=hyperlink(""https://icd.who.int/browse11/l-m/en#/http%3A%2F%2Fid.who.int%2Ficd%2Fentity%2F1621098761"",""browser"")"	True	False					
http://id.who.int/icd/entity/1006735881	http://id.who.int/icd/release/11/mms/1006735881	XE8SV		"- - - - - Plant thorn"	category	2	False	X	"=hyperlink(""https://icd.who.int/browse11/l-m/en#/http%3A%2F%2Fid.who.int%2Ficd%2Fentity%2F1006735881"",""browser"")"	True	False					
http://id.who.int/icd/entity/724170441	http://id.who.int/icd/release/11/mms/724170441	XE50M		"- - - - - Branch or stick, separate from branch or tree"	category	2	False	X	"=hyperlink(""https://icd.who.int/browse11/l-m/en#/http%3A%2F%2Fid.who.int%2Ficd%2Fentity%2F724170441"",""browser"")"	True	False					
http://id.who.int/icd/entity/794995879	http://id.who.int/icd/release/11/mms/794995879	XE2PR		"- - - - - Venomous or toxic plant, not elsewhere classified"	category	2	False	X	"=hyperlink(""https://icd.who.int/browse11/l-m/en#/http%3A%2F%2Fid.who.int%2Ficd%2Fentity%2F794995879"",""browser"")"	True	False					
http://id.who.int/icd/entity/1517361661	http://id.who.int/icd/release/11/mms/1517361661	XE6L5		"- - - - Bird"	category	1	False	X	"=hyperlink(""https://icd.who.int/browse11/l-m/en#/http%3A%2F%2Fid.who.int%2Ficd%2Fentity%2F1517361661"",""browser"")"	False	False					
http://id.who.int/icd/entity/759745480	http://id.who.int/icd/release/11/mms/759745480	XE99A		"- - - - - Ostrich, emu"	category	2	False	X	"=hyperlink(""https://icd.who.int/browse11/l-m/en#/http%3A%2F%2Fid.who.int%2Ficd%2Fentity%2F759745480"",""browser"")"	True	False					
http://id.who.int/icd/entity/1911118024	http://id.who.int/icd/release/11/mms/1911118024	XE69N		"- - - - - Parrot, parakeet, cockatoo"	category	2	False	X	"=hyperlink(""https://icd.who.int/browse11/l-m/en#/http%3A%2F%2Fid.who.int%2Ficd%2Fentity%2F1911118024"",""browser"")"	True	False					
http://id.who.int/icd/entity/1153054175	http://id.who.int/icd/release/11/mms/1153054175	XE1Q3		"- - - - - Raven, crow, magpie"	category	2	False	X	"=hyperlink(""https://icd.who.int/browse11/l-m/en#/http%3A%2F%2Fid.who.int%2Ficd%2Fentity%2F1153054175"",""browser"")"	True	False					
http://id.who.int/icd/entity/1297710397	http://id.who.int/icd/release/11/mms/1297710397	XE6UV		"- - - - Insect, invertebrate"	category	1	False	X	"=hyperlink(""https://icd.who.int/browse11/l-m/en#/http%3A%2F%2Fid.who.int%2Ficd%2Fentity%2F1297710397"",""browser"")"	False	False					
http://id.who.int/icd/entity/754792155	http://id.who.int/icd/release/11/mms/754792155	XE4D9		"- - - - - Bee"	category	2	False	X	"=hyperlink(""https://icd.who.int/browse11/l-m/en#/http%3A%2F%2Fid.who.int%2Ficd%2Fentity%2F754792155"",""browser"")"	True	False					
http://id.who.int/icd/entity/1885119963	http://id.who.int/icd/release/11/mms/1885119963	XE6LT		"- - - - - Wasp"	category	2	False	X	"=hyperlink(""https://icd.who.int/browse11/l-m/en#/http%3A%2F%2Fid.who.int%2Ficd%2Fentity%2F1885119963"",""browser"")"	True	False					
http://id.who.int/icd/entity/1158662338	http://id.who.int/icd/release/11/mms/1158662338	XE322		"- - - - - Hornet"	category	2	False	X	"=hyperlink(""https://icd.who.int/browse11/l-m/en#/http%3A%2F%2Fid.who.int%2Ficd%2Fentity%2F1158662338"",""browser"")"	False	False					
http://id.who.int/icd/entity/2119916615	http://id.who.int/icd/release/11/mms/2119916615	XE7WQ		"- - - - - - Yellow hornet"	category	3	False	X	"=hyperlink(""https://icd.who.int/browse11/l-m/en#/http%3A%2F%2Fid.who.int%2Ficd%2Fentity%2F2119916615"",""browser"")"	True	False					
http://id.who.int/icd/entity/1542309559	http://id.who.int/icd/release/11/mms/1542309559	XE7TV		"- - - - - - Whitefaced hornet"	category	3	False	X	"=hyperlink(""https://icd.who.int/browse11/l-m/en#/http%3A%2F%2Fid.who.int%2Ficd%2Fentity%2F1542309559"",""browser"")"	True	False					
http://id.who.int/icd/entity/243678978	http://id.who.int/icd/release/11/mms/243678978	XE4YS		"- - - - - Ant"	category	2	False	X	"=hyperlink(""https://icd.who.int/browse11/l-m/en#/http%3A%2F%2Fid.who.int%2Ficd%2Fentity%2F243678978"",""browser"")"	True	False					
http://id.who.int/icd/entity/487678442	http://id.who.int/icd/release/11/mms/487678442	XE75L		"- - - - - Spider"	category	2	False	X	"=hyperlink(""https://icd.who.int/browse11/l-m/en#/http%3A%2F%2Fid.who.int%2Ficd%2Fentity%2F487678442"",""browser"")"	True	False					
http://id.who.int/icd/entity/1452840490	http://id.who.int/icd/release/11/mms/1452840490	XE2EP		"- - - - - Scorpion"	category	2	False	X	"=hyperlink(""https://icd.who.int/browse11/l-m/en#/http%3A%2F%2Fid.who.int%2Ficd%2Fentity%2F1452840490"",""browser"")"	True	False					
http://id.who.int/icd/entity/1674312499	http://id.who.int/icd/release/11/mms/1674312499	XE779		"- - - - - Tick"	category	2	False	X	"=hyperlink(""https://icd.who.int/browse11/l-m/en#/http%3A%2F%2Fid.who.int%2Ficd%2Fentity%2F1674312499"",""browser"")"	True	False					
http://id.who.int/icd/entity/675417331	http://id.who.int/icd/release/11/mms/675417331	XE11M		"- - - - - Centipede, millipede"	category	2	False	X	"=hyperlink(""https://icd.who.int/browse11/l-m/en#/http%3A%2F%2Fid.who.int%2Ficd%2Fentity%2F675417331"",""browser"")"	True	False					
http://id.who.int/icd/entity/362136825	http://id.who.int/icd/release/11/mms/362136825	XM6QA5		"- - - - - Cochineal"	category	2	False	X	"=hyperlink(""https://icd.who.int/browse11/l-m/en#/http%3A%2F%2Fid.who.int%2Ficd%2Fentity%2F362136825"",""browser"")"	True	False					
http://id.who.int/icd/entity/679494525	http://id.who.int/icd/release/11/mms/679494525	XE813		"- - - - Land mammal"	category	1	False	X	"=hyperlink(""https://icd.who.int/browse11/l-m/en#/http%3A%2F%2Fid.who.int%2Ficd%2Fentity%2F679494525"",""browser"")"	False	False					
http://id.who.int/icd/entity/687129994	http://id.who.int/icd/release/11/mms/687129994	XE33Q		"- - - - - Dog"	category	2	False	X	"=hyperlink(""https://icd.who.int/browse11/l-m/en#/http%3A%2F%2Fid.who.int%2Ficd%2Fentity%2F687129994"",""browser"")"	False	False					
http://id.who.int/icd/entity/1331065665	http://id.who.int/icd/release/11/mms/1331065665	XE0W5		"- - - - - - Dog dander"	category	3	False	X	"=hyperlink(""https://icd.who.int/browse11/l-m/en#/http%3A%2F%2Fid.who.int%2Ficd%2Fentity%2F1331065665"",""browser"")"	True	False					
http://id.who.int/icd/entity/547867112	http://id.who.int/icd/release/11/mms/547867112	XE3GM		"- - - - - - Dog epithelium"	category	3	False	X	"=hyperlink(""https://icd.who.int/browse11/l-m/en#/http%3A%2F%2Fid.who.int%2Ficd%2Fentity%2F547867112"",""browser"")"	True	False					
http://id.who.int/icd/entity/1951749770	http://id.who.int/icd/release/11/mms/1951749770	XE4V0		"- - - - - Cat"	category	2	False	X	"=hyperlink(""https://icd.who.int/browse11/l-m/en#/http%3A%2F%2Fid.who.int%2Ficd%2Fentity%2F1951749770"",""browser"")"	False	False					
http://id.who.int/icd/entity/632988920	http://id.who.int/icd/release/11/mms/632988920	XE896		"- - - - - - Cat dander"	category	3	False	X	"=hyperlink(""https://icd.who.int/browse11/l-m/en#/http%3A%2F%2Fid.who.int%2Ficd%2Fentity%2F632988920"",""browser"")"	True	False					
http://id.who.int/icd/entity/1090927505	http://id.who.int/icd/release/11/mms/1090927505	XE8X3		"- - - - - Rat, guinea pig, mouse"	category	2	False	X	"=hyperlink(""https://icd.who.int/browse11/l-m/en#/http%3A%2F%2Fid.who.int%2Ficd%2Fentity%2F1090927505"",""browser"")"	True	False					
http://id.who.int/icd/entity/177196113	http://id.who.int/icd/release/11/mms/177196113	XE3UD		"- - - - - Pig, wild boar"	category	2	False	X	"=hyperlink(""https://icd.who.int/browse11/l-m/en#/http%3A%2F%2Fid.who.int%2Ficd%2Fentity%2F177196113"",""browser"")"	True	False					
http://id.who.int/icd/entity/421040825	http://id.who.int/icd/release/11/mms/421040825	XE25P		"- - - - - Sheep, goat"	category	2	False	X	"=hyperlink(""https://icd.who.int/browse11/l-m/en#/http%3A%2F%2Fid.who.int%2Ficd%2Fentity%2F421040825"",""browser"")"	True	False					
http://id.who.int/icd/entity/1385260409	http://id.who.int/icd/release/11/mms/1385260409	XE257		"- - - - - Cow, bull, bovine animals"	category	2	False	X	"=hyperlink(""https://icd.who.int/browse11/l-m/en#/http%3A%2F%2Fid.who.int%2Ficd%2Fentity%2F1385260409"",""browser"")"	False	False					
http://id.who.int/icd/entity/1867184621	http://id.who.int/icd/release/11/mms/1867184621	XE1LR		"- - - - - - Beef"	category	3	False	X	"=hyperlink(""https://icd.who.int/browse11/l-m/en#/http%3A%2F%2Fid.who.int%2Ficd%2Fentity%2F1867184621"",""browser"")"	True	False					
http://id.who.int/icd/entity/901547824	http://id.who.int/icd/release/11/mms/901547824	XE5NG		"- - - - - - Cow dander"	category	3	False	X	"=hyperlink(""https://icd.who.int/browse11/l-m/en#/http%3A%2F%2Fid.who.int%2Ficd%2Fentity%2F901547824"",""browser"")"	True	False					
http://id.who.int/icd/entity/1740769378	http://id.who.int/icd/release/11/mms/1740769378	XE5VC		"- - - - - Horse, pony, donkey, mule, ass"	category	2	False	X	"=hyperlink(""https://icd.who.int/browse11/l-m/en#/http%3A%2F%2Fid.who.int%2Ficd%2Fentity%2F1740769378"",""browser"")"	True	False					
http://id.who.int/icd/entity/743178146	http://id.who.int/icd/release/11/mms/743178146	XE7NS		"- - - - - Baboon, monkey, chimpanzee, gorilla"	category	2	False	X	"=hyperlink(""https://icd.who.int/browse11/l-m/en#/http%3A%2F%2Fid.who.int%2Ficd%2Fentity%2F743178146"",""browser"")"	True	False					
http://id.who.int/icd/entity/1457143575	http://id.who.int/icd/release/11/mms/1457143575	XE4TZ		"- - - - - Marsupials"	category	2	False	X	"=hyperlink(""https://icd.who.int/browse11/l-m/en#/http%3A%2F%2Fid.who.int%2Ficd%2Fentity%2F1457143575"",""browser"")"	True	False					
http://id.who.int/icd/entity/492030167	http://id.who.int/icd/release/11/mms/492030167	XE1MH		"- - - - - Deer, moose, antelope, zebra, wildebeest"	category	2	False	X	"=hyperlink(""https://icd.who.int/browse11/l-m/en#/http%3A%2F%2Fid.who.int%2Ficd%2Fentity%2F492030167"",""browser"")"	True	False					
http://id.who.int/icd/entity/671131086	http://id.who.int/icd/release/11/mms/671131086	XE37L		"- - - - - Hippopotamus"	category	2	False	X	"=hyperlink(""https://icd.who.int/browse11/l-m/en#/http%3A%2F%2Fid.who.int%2Ficd%2Fentity%2F671131086"",""browser"")"	True	False					
http://id.who.int/icd/entity/1669943822	http://id.who.int/icd/release/11/mms/1669943822	XE82S		"- - - - - Lion, puma, panther, cougar, mountain lion, tiger"	category	2	False	X	"=hyperlink(""https://icd.who.int/browse11/l-m/en#/http%3A%2F%2Fid.who.int%2Ficd%2Fentity%2F1669943822"",""browser"")"	True	False					
http://id.who.int/icd/entity/1881017574	http://id.who.int/icd/release/11/mms/1881017574	XE7UA		"- - - - - Bear, grizzly bear, polar bear"	category	2	False	X	"=hyperlink(""https://icd.who.int/browse11/l-m/en#/http%3A%2F%2Fid.who.int%2Ficd%2Fentity%2F1881017574"",""browser"")"	True	False					
http://id.who.int/icd/entity/999815974	http://id.who.int/icd/release/11/mms/999815974	XE2Q6		"- - - - - Elephant"	category	2	False	X	"=hyperlink(""https://icd.who.int/browse11/l-m/en#/http%3A%2F%2Fid.who.int%2Ficd%2Fentity%2F999815974"",""browser"")"	True	False					
http://id.who.int/icd/entity/247764543	http://id.who.int/icd/release/11/mms/247764543	XE96F		"- - - - - Buffalo, bison, African buffalo"	category	2	False	X	"=hyperlink(""https://icd.who.int/browse11/l-m/en#/http%3A%2F%2Fid.who.int%2Ficd%2Fentity%2F247764543"",""browser"")"	True	False					
http://id.who.int/icd/entity/1165780061	http://id.who.int/icd/release/11/mms/1165780061	XE08V		"- - - - - Hamster epithelium"	category	2	False	X	"=hyperlink(""https://icd.who.int/browse11/l-m/en#/http%3A%2F%2Fid.who.int%2Ficd%2Fentity%2F1165780061"",""browser"")"	True	False					
http://id.who.int/icd/entity/136269613	http://id.who.int/icd/release/11/mms/136269613	XE09T		"- - - - - Horse dander"	category	2	False	X	"=hyperlink(""https://icd.who.int/browse11/l-m/en#/http%3A%2F%2Fid.who.int%2Ficd%2Fentity%2F136269613"",""browser"")"	True	False					
http://id.who.int/icd/entity/1995414804	http://id.who.int/icd/release/11/mms/1995414804	XE7CQ		"- - - - - Mouse epithelium"	category	2	False	X	"=hyperlink(""https://icd.who.int/browse11/l-m/en#/http%3A%2F%2Fid.who.int%2Ficd%2Fentity%2F1995414804"",""browser"")"	True	False					
http://id.who.int/icd/entity/1824762310	http://id.who.int/icd/release/11/mms/1824762310	XE43Q		"- - - - - Mouse urine proteins"	category	2	False	X	"=hyperlink(""https://icd.who.int/browse11/l-m/en#/http%3A%2F%2Fid.who.int%2Ficd%2Fentity%2F1824762310"",""browser"")"	True	False					
http://id.who.int/icd/entity/1716391594	http://id.who.int/icd/release/11/mms/1716391594	XE7TQ		"- - - - - Rabbit epithelium"	category	2	False	X	"=hyperlink(""https://icd.who.int/browse11/l-m/en#/http%3A%2F%2Fid.who.int%2Ficd%2Fentity%2F1716391594"",""browser"")"	True	False					
http://id.who.int/icd/entity/2044258078	http://id.who.int/icd/release/11/mms/2044258078	XE9BL		"- - - - - Pork"	category	2	False	X	"=hyperlink(""https://icd.who.int/browse11/l-m/en#/http%3A%2F%2Fid.who.int%2Ficd%2Fentity%2F2044258078"",""browser"")"	True	False					
http://id.who.int/icd/entity/1934966898	http://id.who.int/icd/release/11/mms/1934966898	XE6T4		"- - - - - Blue mussel"	category	2	False	X	"=hyperlink(""https://icd.who.int/browse11/l-m/en#/http%3A%2F%2Fid.who.int%2Ficd%2Fentity%2F1934966898"",""browser"")"	True	False					
http://id.who.int/icd/entity/141837603	http://id.who.int/icd/release/11/mms/141837603	XE6WA		"- - - - - Scallop"	category	2	False	X	"=hyperlink(""https://icd.who.int/browse11/l-m/en#/http%3A%2F%2Fid.who.int%2Ficd%2Fentity%2F141837603"",""browser"")"	True	False					
http://id.who.int/icd/entity/574168993	http://id.who.int/icd/release/11/mms/574168993	XE5ZB		"- - - - - Guinea pig epithelium"	category	2	False	X	"=hyperlink(""https://icd.who.int/browse11/l-m/en#/http%3A%2F%2Fid.who.int%2Ficd%2Fentity%2F574168993"",""browser"")"	True	False					
http://id.who.int/icd/entity/1067984829	http://id.who.int/icd/release/11/mms/1067984829	XE2AH		"- - - - Marine animal"	category	1	False	X	"=hyperlink(""https://icd.who.int/browse11/l-m/en#/http%3A%2F%2Fid.who.int%2Ficd%2Fentity%2F1067984829"",""browser"")"	False	False					
http://id.who.int/icd/entity/692140181	http://id.who.int/icd/release/11/mms/692140181	XE765		"- - - - - Shark"	category	2	False	X	"=hyperlink(""https://icd.who.int/browse11/l-m/en#/http%3A%2F%2Fid.who.int%2Ficd%2Fentity%2F692140181"",""browser"")"	True	False					
http://id.who.int/icd/entity/1977658261	http://id.who.int/icd/release/11/mms/1977658261	XE71F		"- - - - - Other fishes"	category	2	False	X	"=hyperlink(""https://icd.who.int/browse11/l-m/en#/http%3A%2F%2Fid.who.int%2Ficd%2Fentity%2F1977658261"",""browser"")"	True	False					
http://id.who.int/icd/entity/1085523596	http://id.who.int/icd/release/11/mms/1085523596	XE48L		"- - - - - Sea snake"	category	2	False	X	"=hyperlink(""https://icd.who.int/browse11/l-m/en#/http%3A%2F%2Fid.who.int%2Ficd%2Fentity%2F1085523596"",""browser"")"	True	False					
http://id.who.int/icd/entity/188363084	http://id.who.int/icd/release/11/mms/188363084	XE3UQ		"- - - - - Marine mammal"	category	2	False	X	"=hyperlink(""https://icd.who.int/browse11/l-m/en#/http%3A%2F%2Fid.who.int%2Ficd%2Fentity%2F188363084"",""browser"")"	True	False					
http://id.who.int/icd/entity/414019492	http://id.who.int/icd/release/11/mms/414019492	XE8BW		"- - - - - Jellyfish"	category	2	False	X	"=hyperlink(""https://icd.who.int/browse11/l-m/en#/http%3A%2F%2Fid.who.int%2Ficd%2Fentity%2F414019492"",""browser"")"	False	False					
http://id.who.int/icd/entity/243030529	http://id.who.int/icd/release/11/mms/243030529	XE40R		"- - - - - - Nematocysts"	category	3	False	X	"=hyperlink(""https://icd.who.int/browse11/l-m/en#/http%3A%2F%2Fid.who.int%2Ficd%2Fentity%2F243030529"",""browser"")"	True	False					
http://id.who.int/icd/entity/1394907236	http://id.who.int/icd/release/11/mms/1394907236	XE75E		"- - - - - Coral"	category	2	False	X	"=hyperlink(""https://icd.who.int/browse11/l-m/en#/http%3A%2F%2Fid.who.int%2Ficd%2Fentity%2F1394907236"",""browser"")"	True	False					
http://id.who.int/icd/entity/394123148	http://id.who.int/icd/release/11/mms/394123148	XE6ZA		"- - - - - Sea urchin"	category	2	False	X	"=hyperlink(""https://icd.who.int/browse11/l-m/en#/http%3A%2F%2Fid.who.int%2Ficd%2Fentity%2F394123148"",""browser"")"	True	False					
http://id.who.int/icd/entity/859386766	http://id.who.int/icd/release/11/mms/859386766	XE45C		"- - - - - Sea anemone"	category	2	False	X	"=hyperlink(""https://icd.who.int/browse11/l-m/en#/http%3A%2F%2Fid.who.int%2Ficd%2Fentity%2F859386766"",""browser"")"	True	False					
http://id.who.int/icd/entity/129453626	http://id.who.int/icd/release/11/mms/129453626	XE43L		"- - - - - Sea cucumber"	category	2	False	X	"=hyperlink(""https://icd.who.int/browse11/l-m/en#/http%3A%2F%2Fid.who.int%2Ficd%2Fentity%2F129453626"",""browser"")"	True	False					
http://id.who.int/icd/entity/114330365	http://id.who.int/icd/release/11/mms/114330365	XE1PT		"- - - - Reptile or amphibian"	category	1	False	X	"=hyperlink(""https://icd.who.int/browse11/l-m/en#/http%3A%2F%2Fid.who.int%2Ficd%2Fentity%2F114330365"",""browser"")"	False	False					
http://id.who.int/icd/entity/731856820	http://id.who.int/icd/release/11/mms/731856820	XE44L		"- - - - - Non-venomous snake"	category	2	False	X	"=hyperlink(""https://icd.who.int/browse11/l-m/en#/http%3A%2F%2Fid.who.int%2Ficd%2Fentity%2F731856820"",""browser"")"	True	False					
http://id.who.int/icd/entity/2000596148	http://id.who.int/icd/release/11/mms/2000596148	XE9H6		"- - - - - Venomous snake"	category	2	False	X	"=hyperlink(""https://icd.who.int/browse11/l-m/en#/http%3A%2F%2Fid.who.int%2Ficd%2Fentity%2F2000596148"",""browser"")"	False	False					
http://id.who.int/icd/entity/953734580	http://id.who.int/icd/release/11/mms/953734580	XE9X2		"- - - - - - Cobra"	category	3	False	X	"=hyperlink(""https://icd.who.int/browse11/l-m/en#/http%3A%2F%2Fid.who.int%2Ficd%2Fentity%2F953734580"",""browser"")"	True	False					
http://id.who.int/icd/entity/1121442131	http://id.who.int/icd/release/11/mms/1121442131	XE5N3		"- - - - - - Fer de lance"	category	3	False	X	"=hyperlink(""https://icd.who.int/browse11/l-m/en#/http%3A%2F%2Fid.who.int%2Ficd%2Fentity%2F1121442131"",""browser"")"	True	False					
http://id.who.int/icd/entity/1653152543	http://id.who.int/icd/release/11/mms/1653152543	XE2RM		"- - - - - - Rattlesnake"	category	3	False	X	"=hyperlink(""https://icd.who.int/browse11/l-m/en#/http%3A%2F%2Fid.who.int%2Ficd%2Fentity%2F1653152543"",""browser"")"	True	False					
http://id.who.int/icd/entity/900533941	http://id.who.int/icd/release/11/mms/900533941	XE8LD		"- - - - - - Viper"	category	3	False	X	"=hyperlink(""https://icd.who.int/browse11/l-m/en#/http%3A%2F%2Fid.who.int%2Ficd%2Fentity%2F900533941"",""browser"")"	True	False					
http://id.who.int/icd/entity/19100417	http://id.who.int/icd/release/11/mms/19100417	XE2UZ		"- - - - - - Krait"	category	3	False	X	"=hyperlink(""https://icd.who.int/browse11/l-m/en#/http%3A%2F%2Fid.who.int%2Ficd%2Fentity%2F19100417"",""browser"")"	True	False					
http://id.who.int/icd/entity/1114489259	http://id.who.int/icd/release/11/mms/1114489259	XE11V		"- - - - - Snake, unspecified whether venomous or not"	category	2	False	X	"=hyperlink(""https://icd.who.int/browse11/l-m/en#/http%3A%2F%2Fid.who.int%2Ficd%2Fentity%2F1114489259"",""browser"")"	True	False					
http://id.who.int/icd/entity/165951083	http://id.who.int/icd/release/11/mms/165951083	XE6A7		"- - - - - Lizard, gecko, goanna"	category	2	False	X	"=hyperlink(""https://icd.who.int/browse11/l-m/en#/http%3A%2F%2Fid.who.int%2Ficd%2Fentity%2F165951083"",""browser"")"	False	False					
http://id.who.int/icd/entity/1045227657	http://id.who.int/icd/release/11/mms/1045227657	XE65X		"- - - - - - Gila monster"	category	3	False	X	"=hyperlink(""https://icd.who.int/browse11/l-m/en#/http%3A%2F%2Fid.who.int%2Ficd%2Fentity%2F1045227657"",""browser"")"	True	False					
http://id.who.int/icd/entity/443771011	http://id.who.int/icd/release/11/mms/443771011	XE4YK		"- - - - - Frog, toad"	category	2	False	X	"=hyperlink(""https://icd.who.int/browse11/l-m/en#/http%3A%2F%2Fid.who.int%2Ficd%2Fentity%2F443771011"",""browser"")"	True	False					
http://id.who.int/icd/entity/1375379267	http://id.who.int/icd/release/11/mms/1375379267	XE4FD		"- - - - - Crocodile, alligator"	category	2	False	X	"=hyperlink(""https://icd.who.int/browse11/l-m/en#/http%3A%2F%2Fid.who.int%2Ficd%2Fentity%2F1375379267"",""browser"")"	True	False					
http://id.who.int/icd/entity/301526589	http://id.who.int/icd/release/11/mms/301526589	XE653		"- - - - Person"	category	1	False	X	"=hyperlink(""https://icd.who.int/browse11/l-m/en#/http%3A%2F%2Fid.who.int%2Ficd%2Fentity%2F301526589"",""browser"")"	False	False					
http://id.who.int/icd/entity/707445423	http://id.who.int/icd/release/11/mms/707445423	XE70B		"- - - - - Person, self"	category	2	False	X	"=hyperlink(""https://icd.who.int/browse11/l-m/en#/http%3A%2F%2Fid.who.int%2Ficd%2Fentity%2F707445423"",""browser"")"	True	False					
http://id.who.int/icd/entity/1138244790	http://id.who.int/icd/release/11/mms/1138244790	XE0TZ		"- - - - - Crowd of people"	category	2	False	X	"=hyperlink(""https://icd.who.int/browse11/l-m/en#/http%3A%2F%2Fid.who.int%2Ficd%2Fentity%2F1138244790"",""browser"")"	True	False					
http://id.who.int/icd/entity/297977881	http://id.who.int/icd/release/11/mms/297977881			"- - - Building, building component, or related fitting"	block	3	False	X	"=hyperlink(""https://icd.who.int/browse11/l-m/en#/http%3A%2F%2Fid.who.int%2Ficd%2Fentity%2F297977881"",""browser"")"	False						
http://id.who.int/icd/entity/1728071664	http://id.who.int/icd/release/11/mms/1728071664	XE1P6		"- - - - Building fitting"	category	1	False	X	"=hyperlink(""https://icd.who.int/browse11/l-m/en#/http%3A%2F%2Fid.who.int%2Ficd%2Fentity%2F1728071664"",""browser"")"	False	False					
http://id.who.int/icd/entity/803636381	http://id.who.int/icd/release/11/mms/803636381	XE766		"- - - - - Flush toilet"	category	2	False	X	"=hyperlink(""https://icd.who.int/browse11/l-m/en#/http%3A%2F%2Fid.who.int%2Ficd%2Fentity%2F803636381"",""browser"")"	True	False					
http://id.who.int/icd/entity/1934038941	http://id.who.int/icd/release/11/mms/1934038941	XE429		"- - - - - Pit latrine"	category	2	False	X	"=hyperlink(""https://icd.who.int/browse11/l-m/en#/http%3A%2F%2Fid.who.int%2Ficd%2Fentity%2F1934038941"",""browser"")"	True	False					
http://id.who.int/icd/entity/1175747206	http://id.who.int/icd/release/11/mms/1175747206	XE2C6		"- - - - - Bathtub, spabath, shower cubicle"	category	2	False	X	"=hyperlink(""https://icd.who.int/browse11/l-m/en#/http%3A%2F%2Fid.who.int%2Ficd%2Fentity%2F1175747206"",""browser"")"	False	False					
http://id.who.int/icd/entity/403845435	http://id.who.int/icd/release/11/mms/403845435	XE78X		"- - - - - - Bathtub"	category	3	False	X	"=hyperlink(""https://icd.who.int/browse11/l-m/en#/http%3A%2F%2Fid.who.int%2Ficd%2Fentity%2F403845435"",""browser"")"	True	False					
http://id.who.int/icd/entity/414548299	http://id.who.int/icd/release/11/mms/414548299	XE5T1		"- - - - - - spabath"	category	3	False	X	"=hyperlink(""https://icd.who.int/browse11/l-m/en#/http%3A%2F%2Fid.who.int%2Ficd%2Fentity%2F414548299"",""browser"")"	True	False					
http://id.who.int/icd/entity/1176641260	http://id.who.int/icd/release/11/mms/1176641260	XE5RW		"- - - - - - shower cubicle"	category	3	False	X	"=hyperlink(""https://icd.who.int/browse11/l-m/en#/http%3A%2F%2Fid.who.int%2Ficd%2Fentity%2F1176641260"",""browser"")"	False	False					
http://id.who.int/icd/entity/228429126	http://id.who.int/icd/release/11/mms/228429126	XE31Q		"- - - - - - - Shower"	category	4	False	X	"=hyperlink(""https://icd.who.int/browse11/l-m/en#/http%3A%2F%2Fid.who.int%2Ficd%2Fentity%2F228429126"",""browser"")"	True	False					
http://id.who.int/icd/entity/504026030	http://id.who.int/icd/release/11/mms/504026030	XE8P0		"- - - - - Fitted counter, counter-top, kitchen top"	category	2	False	X	"=hyperlink(""https://icd.who.int/browse11/l-m/en#/http%3A%2F%2Fid.who.int%2Ficd%2Fentity%2F504026030"",""browser"")"	True	False					
http://id.who.int/icd/entity/1584982704	http://id.who.int/icd/release/11/mms/1584982704	XE2AC		"- - - - Door, window, or related fitting or feature"	category	1	False	X	"=hyperlink(""https://icd.who.int/browse11/l-m/en#/http%3A%2F%2Fid.who.int%2Ficd%2Fentity%2F1584982704"",""browser"")"	False	False					
http://id.who.int/icd/entity/758678458	http://id.who.int/icd/release/11/mms/758678458	XE68A		"- - - - - Door, door sill"	category	2	False	X	"=hyperlink(""https://icd.who.int/browse11/l-m/en#/http%3A%2F%2Fid.who.int%2Ficd%2Fentity%2F758678458"",""browser"")"	True	False					
http://id.who.int/icd/entity/1905856698	http://id.who.int/icd/release/11/mms/1905856698	XE4YT		"- - - - - Glass door"	category	2	False	X	"=hyperlink(""https://icd.who.int/browse11/l-m/en#/http%3A%2F%2Fid.who.int%2Ficd%2Fentity%2F1905856698"",""browser"")"	True	False					
http://id.who.int/icd/entity/1154121123	http://id.who.int/icd/release/11/mms/1154121123	XE4NX		"- - - - - Security door or gate, fly gate"	category	2	False	X	"=hyperlink(""https://icd.who.int/browse11/l-m/en#/http%3A%2F%2Fid.who.int%2Ficd%2Fentity%2F1154121123"",""browser"")"	True	False					
http://id.who.int/icd/entity/256084579	http://id.who.int/icd/release/11/mms/256084579	XE6FE		"- - - - - Bars on windows"	category	2	False	X	"=hyperlink(""https://icd.who.int/browse11/l-m/en#/http%3A%2F%2Fid.who.int%2Ficd%2Fentity%2F256084579"",""browser"")"	True	False					
http://id.who.int/icd/entity/483710091	http://id.who.int/icd/release/11/mms/483710091	XE4BD		"- - - - - Window"	category	2	False	X	"=hyperlink(""https://icd.who.int/browse11/l-m/en#/http%3A%2F%2Fid.who.int%2Ficd%2Fentity%2F483710091"",""browser"")"	True	False					
http://id.who.int/icd/entity/1465721675	http://id.who.int/icd/release/11/mms/1465721675	XE5B1		"- - - - - Exterior window shutters"	category	2	False	X	"=hyperlink(""https://icd.who.int/browse11/l-m/en#/http%3A%2F%2Fid.who.int%2Ficd%2Fentity%2F1465721675"",""browser"")"	True	False					
http://id.who.int/icd/entity/1230016112	http://id.who.int/icd/release/11/mms/1230016112	XE7SG		"- - - - Floor or related fitting or feature"	category	1	False	X	"=hyperlink(""https://icd.who.int/browse11/l-m/en#/http%3A%2F%2Fid.who.int%2Ficd%2Fentity%2F1230016112"",""browser"")"	False	False					
http://id.who.int/icd/entity/747470503	http://id.who.int/icd/release/11/mms/747470503	XE0SK		"- - - - - Floor - carpeted"	category	2	False	X	"=hyperlink(""https://icd.who.int/browse11/l-m/en#/http%3A%2F%2Fid.who.int%2Ficd%2Fentity%2F747470503"",""browser"")"	True	False					
http://id.who.int/icd/entity/1881992615	http://id.who.int/icd/release/11/mms/1881992615	XE19Z		"- - - - - Floor - tile, brick, concrete"	category	2	False	X	"=hyperlink(""https://icd.who.int/browse11/l-m/en#/http%3A%2F%2Fid.who.int%2Ficd%2Fentity%2F1881992615"",""browser"")"	True	False					
http://id.who.int/icd/entity/1165983936	http://id.who.int/icd/release/11/mms/1165983936	XE6M6		"- - - - - Floor - wood"	category	2	False	X	"=hyperlink(""https://icd.who.int/browse11/l-m/en#/http%3A%2F%2Fid.who.int%2Ficd%2Fentity%2F1165983936"",""browser"")"	True	False					
http://id.who.int/icd/entity/251033472	http://id.who.int/icd/release/11/mms/251033472	XE6ZE		"- - - - - Floor - mud, clay, animal dung"	category	2	False	X	"=hyperlink(""https://icd.who.int/browse11/l-m/en#/http%3A%2F%2Fid.who.int%2Ficd%2Fentity%2F251033472"",""browser"")"	True	False					
http://id.who.int/icd/entity/747221040	http://id.who.int/icd/release/11/mms/747221040	XE4ZE		"- - - - Wall or related fitting or feature"	category	1	False	X	"=hyperlink(""https://icd.who.int/browse11/l-m/en#/http%3A%2F%2Fid.who.int%2Ficd%2Fentity%2F747221040"",""browser"")"	False	False					
http://id.who.int/icd/entity/679775732	http://id.who.int/icd/release/11/mms/679775732	XE19W		"- - - - - Fireplace"	category	2	False	X	"=hyperlink(""https://icd.who.int/browse11/l-m/en#/http%3A%2F%2Fid.who.int%2Ficd%2Fentity%2F679775732"",""browser"")"	True	False					
http://id.who.int/icd/entity/1948589812	http://id.who.int/icd/release/11/mms/1948589812	XE1B2		"- - - - - Built-in barbecue"	category	2	False	X	"=hyperlink(""https://icd.who.int/browse11/l-m/en#/http%3A%2F%2Fid.who.int%2Ficd%2Fentity%2F1948589812"",""browser"")"	True	False					
http://id.who.int/icd/entity/1098281965	http://id.who.int/icd/release/11/mms/1098281965	XE0WS		"- - - - - Wall - brick, concrete, tile"	category	2	False	X	"=hyperlink(""https://icd.who.int/browse11/l-m/en#/http%3A%2F%2Fid.who.int%2Ficd%2Fentity%2F1098281965"",""browser"")"	True	False					
http://id.who.int/icd/entity/184517677	http://id.who.int/icd/release/11/mms/184517677	XE7CH		"- - - - - Wall - wood"	category	2	False	X	"=hyperlink(""https://icd.who.int/browse11/l-m/en#/http%3A%2F%2Fid.who.int%2Ficd%2Fentity%2F184517677"",""browser"")"	True	False					
http://id.who.int/icd/entity/426302149	http://id.who.int/icd/release/11/mms/426302149	XE3GJ		"- - - - - Wall - mud, clay, animal dung"	category	2	False	X	"=hyperlink(""https://icd.who.int/browse11/l-m/en#/http%3A%2F%2Fid.who.int%2Ficd%2Fentity%2F426302149"",""browser"")"	True	False					
http://id.who.int/icd/entity/1706861385	http://id.who.int/icd/release/11/mms/1706861385	XE3PF		"- - - - Certain specified building, building component, or fitting"	category	1	False	X	"=hyperlink(""https://icd.who.int/browse11/l-m/en#/http%3A%2F%2Fid.who.int%2Ficd%2Fentity%2F1706861385"",""browser"")"	False	False					
http://id.who.int/icd/entity/669674593	http://id.who.int/icd/release/11/mms/669674593	XE39L		"- - - - - In-ground swimming pool"	category	2	False	X	"=hyperlink(""https://icd.who.int/browse11/l-m/en#/http%3A%2F%2Fid.who.int%2Ficd%2Fentity%2F669674593"",""browser"")"	True	False					
http://id.who.int/icd/entity/512934177	http://id.who.int/icd/release/11/mms/512934177	XE4PB		"- - - - - Above-ground swimming pool, external spa, or hot tub"	category	2	False	X	"=hyperlink(""https://icd.who.int/browse11/l-m/en#/http%3A%2F%2Fid.who.int%2Ficd%2Fentity%2F512934177"",""browser"")"	False	False					
http://id.who.int/icd/entity/1812221542	http://id.who.int/icd/release/11/mms/1812221542	XE5PL		"- - - - - - Above-ground swimming pool"	category	3	False	X	"=hyperlink(""https://icd.who.int/browse11/l-m/en#/http%3A%2F%2Fid.who.int%2Ficd%2Fentity%2F1812221542"",""browser"")"	True	False					
http://id.who.int/icd/entity/2020819440	http://id.who.int/icd/release/11/mms/2020819440	XE3PX		"- - - - - - external spa"	category	3	False	X	"=hyperlink(""https://icd.who.int/browse11/l-m/en#/http%3A%2F%2Fid.who.int%2Ficd%2Fentity%2F2020819440"",""browser"")"	True	False					
http://id.who.int/icd/entity/497609819	http://id.who.int/icd/release/11/mms/497609819	XE8AX		"- - - - - - external hot tub"	category	3	False	X	"=hyperlink(""https://icd.who.int/browse11/l-m/en#/http%3A%2F%2Fid.who.int%2Ficd%2Fentity%2F497609819"",""browser"")"	True	False					
http://id.who.int/icd/entity/2068578145	http://id.who.int/icd/release/11/mms/2068578145	XE7FP		"- - - - - Fence, gate"	category	2	False	X	"=hyperlink(""https://icd.who.int/browse11/l-m/en#/http%3A%2F%2Fid.who.int%2Ficd%2Fentity%2F2068578145"",""browser"")"	False	False					
http://id.who.int/icd/entity/942143865	http://id.who.int/icd/release/11/mms/942143865	XE3BP		"- - - - - - Fence"	category	3	False	X	"=hyperlink(""https://icd.who.int/browse11/l-m/en#/http%3A%2F%2Fid.who.int%2Ficd%2Fentity%2F942143865"",""browser"")"	True	False					
http://id.who.int/icd/entity/384743959	http://id.who.int/icd/release/11/mms/384743959	XE3GT		"- - - - - - Gate"	category	3	False	X	"=hyperlink(""https://icd.who.int/browse11/l-m/en#/http%3A%2F%2Fid.who.int%2Ficd%2Fentity%2F384743959"",""browser"")"	True	False					
http://id.who.int/icd/entity/1310233210	http://id.who.int/icd/release/11/mms/1310233210	XE9QW		"- - - - - Moving ramp, escalator"	category	2	False	X	"=hyperlink(""https://icd.who.int/browse11/l-m/en#/http%3A%2F%2Fid.who.int%2Ficd%2Fentity%2F1310233210"",""browser"")"	False	False					
http://id.who.int/icd/entity/1796852381	http://id.who.int/icd/release/11/mms/1796852381	XE0KF		"- - - - - - Moving ramp"	category	3	False	X	"=hyperlink(""https://icd.who.int/browse11/l-m/en#/http%3A%2F%2Fid.who.int%2Ficd%2Fentity%2F1796852381"",""browser"")"	True	False					
http://id.who.int/icd/entity/1807645421	http://id.who.int/icd/release/11/mms/1807645421	XE73T		"- - - - - - Escalator"	category	3	False	X	"=hyperlink(""https://icd.who.int/browse11/l-m/en#/http%3A%2F%2Fid.who.int%2Ficd%2Fentity%2F1807645421"",""browser"")"	True	False					
http://id.who.int/icd/entity/93414842	http://id.who.int/icd/release/11/mms/93414842	XE8PC		"- - - - - Lift, elevator"	category	2	False	X	"=hyperlink(""https://icd.who.int/browse11/l-m/en#/http%3A%2F%2Fid.who.int%2Ficd%2Fentity%2F93414842"",""browser"")"	True	False					
http://id.who.int/icd/entity/1021954298	http://id.who.int/icd/release/11/mms/1021954298	XE3HC		"- - - - - Stairs, steps"	category	2	False	X	"=hyperlink(""https://icd.who.int/browse11/l-m/en#/http%3A%2F%2Fid.who.int%2Ficd%2Fentity%2F1021954298"",""browser"")"	True	False					
http://id.who.int/icd/entity/369507154	http://id.who.int/icd/release/11/mms/369507154	XE2VG		"- - - - - Handrail, railing, banister"	category	2	False	X	"=hyperlink(""https://icd.who.int/browse11/l-m/en#/http%3A%2F%2Fid.who.int%2Ficd%2Fentity%2F369507154"",""browser"")"	True	False					
http://id.who.int/icd/entity/656280615	http://id.who.int/icd/release/11/mms/656280615	XE6T1		"- - - - - Electrical transmission line in or around building"	category	2	False	X	"=hyperlink(""https://icd.who.int/browse11/l-m/en#/http%3A%2F%2Fid.who.int%2Ficd%2Fentity%2F656280615"",""browser"")"	True	False					
http://id.who.int/icd/entity/1821899751	http://id.who.int/icd/release/11/mms/1821899751	XE7UU		"- - - - - Fittings or pipes for gas, steam or hot water"	category	2	False	X	"=hyperlink(""https://icd.who.int/browse11/l-m/en#/http%3A%2F%2Fid.who.int%2Ficd%2Fentity%2F1821899751"",""browser"")"	False	False					
http://id.who.int/icd/entity/847453435	http://id.who.int/icd/release/11/mms/847453435	XE171		"- - - - - - Fittings or pipes for gas"	category	3	False	X	"=hyperlink(""https://icd.who.int/browse11/l-m/en#/http%3A%2F%2Fid.who.int%2Ficd%2Fentity%2F847453435"",""browser"")"	True	False					
http://id.who.int/icd/entity/940489623	http://id.who.int/icd/release/11/mms/940489623	XE2BH		"- - - - - - Fittings or pipes for steam"	category	3	False	X	"=hyperlink(""https://icd.who.int/browse11/l-m/en#/http%3A%2F%2Fid.who.int%2Ficd%2Fentity%2F940489623"",""browser"")"	True	False					
http://id.who.int/icd/entity/312448599	http://id.who.int/icd/release/11/mms/312448599	XE48P		"- - - - - - Fittings or pipes for hot water"	category	3	False	X	"=hyperlink(""https://icd.who.int/browse11/l-m/en#/http%3A%2F%2Fid.who.int%2Ficd%2Fentity%2F312448599"",""browser"")"	True	False					
http://id.who.int/icd/entity/2130748687	http://id.who.int/icd/release/11/mms/2130748687	XE871		"- - - - - Electrical fixture"	category	2	False	X	"=hyperlink(""https://icd.who.int/browse11/l-m/en#/http%3A%2F%2Fid.who.int%2Ficd%2Fentity%2F2130748687"",""browser"")"	True	False					
http://id.who.int/icd/entity/1747501519	http://id.who.int/icd/release/11/mms/1747501519	XE9HH		"- - - - - Ducted air-conditioning unit or related fitting"	category	2	False	X	"=hyperlink(""https://icd.who.int/browse11/l-m/en#/http%3A%2F%2Fid.who.int%2Ficd%2Fentity%2F1747501519"",""browser"")"	True	False					
http://id.who.int/icd/entity/116042969	http://id.who.int/icd/release/11/mms/116042969			"- - - Ground surface or surface conformation"	block	3	False	X	"=hyperlink(""https://icd.who.int/browse11/l-m/en#/http%3A%2F%2Fid.who.int%2Ficd%2Fentity%2F116042969"",""browser"")"	False						
http://id.who.int/icd/entity/1723185907	http://id.who.int/icd/release/11/mms/1723185907	XE58F		"- - - - Ground surface"	category	1	False	X	"=hyperlink(""https://icd.who.int/browse11/l-m/en#/http%3A%2F%2Fid.who.int%2Ficd%2Fentity%2F1723185907"",""browser"")"	False	False					
http://id.who.int/icd/entity/191157675	http://id.who.int/icd/release/11/mms/191157675	XE1AK		"- - - - - Cliff"	category	2	False	X	"=hyperlink(""https://icd.who.int/browse11/l-m/en#/http%3A%2F%2Fid.who.int%2Ficd%2Fentity%2F191157675"",""browser"")"	True	False					
http://id.who.int/icd/entity/1472546475	http://id.who.int/icd/release/11/mms/1472546475	XE94G		"- - - - - Slope, ramp"	category	2	False	X	"=hyperlink(""https://icd.who.int/browse11/l-m/en#/http%3A%2F%2Fid.who.int%2Ficd%2Fentity%2F1472546475"",""browser"")"	True	False					
http://id.who.int/icd/entity/1654008756	http://id.who.int/icd/release/11/mms/1654008756	XE3EC		"- - - - - Trench, ditch, pit"	category	2	False	X	"=hyperlink(""https://icd.who.int/browse11/l-m/en#/http%3A%2F%2Fid.who.int%2Ficd%2Fentity%2F1654008756"",""browser"")"	True	False					
http://id.who.int/icd/entity/689953908	http://id.who.int/icd/release/11/mms/689953908	XE5Y0		"- - - - - Sewer grate"	category	2	False	X	"=hyperlink(""https://icd.who.int/browse11/l-m/en#/http%3A%2F%2Fid.who.int%2Ficd%2Fentity%2F689953908"",""browser"")"	True	False					
http://id.who.int/icd/entity/982024860	http://id.who.int/icd/release/11/mms/982024860	XE2G4		"- - - - - Open drain, channel"	category	2	False	X	"=hyperlink(""https://icd.who.int/browse11/l-m/en#/http%3A%2F%2Fid.who.int%2Ficd%2Fentity%2F982024860"",""browser"")"	True	False					
http://id.who.int/icd/entity/1607276467	http://id.who.int/icd/release/11/mms/1607276467	XE7K9		"- - - - Body of water"	category	1	False	X	"=hyperlink(""https://icd.who.int/browse11/l-m/en#/http%3A%2F%2Fid.who.int%2Ficd%2Fentity%2F1607276467"",""browser"")"	False	False					
http://id.who.int/icd/entity/163238540	http://id.who.int/icd/release/11/mms/163238540	XE9TJ		"- - - - - Body of water, man-made well, dug well for underground water"	category	2	False	X	"=hyperlink(""https://icd.who.int/browse11/l-m/en#/http%3A%2F%2Fid.who.int%2Ficd%2Fentity%2F163238540"",""browser"")"	True	False					
http://id.who.int/icd/entity/1427849612	http://id.who.int/icd/release/11/mms/1427849612	XE40U		"- - - - - Body of water, water reservoir"	category	2	False	X	"=hyperlink(""https://icd.who.int/browse11/l-m/en#/http%3A%2F%2Fid.who.int%2Ficd%2Fentity%2F1427849612"",""browser"")"	True	False					
http://id.who.int/icd/entity/734124885	http://id.who.int/icd/release/11/mms/734124885	XE64D		"- - - - - Body of water, puddle"	category	2	False	X	"=hyperlink(""https://icd.who.int/browse11/l-m/en#/http%3A%2F%2Fid.who.int%2Ficd%2Fentity%2F734124885"",""browser"")"	True	False					
http://id.who.int/icd/entity/945194429	http://id.who.int/icd/release/11/mms/945194429	XE285		"- - - - - Body of water, dam, lake"	category	2	False	X	"=hyperlink(""https://icd.who.int/browse11/l-m/en#/http%3A%2F%2Fid.who.int%2Ficd%2Fentity%2F945194429"",""browser"")"	True	False					
http://id.who.int/icd/entity/1944023677	http://id.who.int/icd/release/11/mms/1944023677	XE1CZ		"- - - - - Body of water, river, stream"	category	2	False	X	"=hyperlink(""https://icd.who.int/browse11/l-m/en#/http%3A%2F%2Fid.who.int%2Ficd%2Fentity%2F1944023677"",""browser"")"	True	False					
http://id.who.int/icd/entity/1183588196	http://id.who.int/icd/release/11/mms/1183588196	XE57J		"- - - - - Body of water, swamp, marsh, estuary"	category	2	False	X	"=hyperlink(""https://icd.who.int/browse11/l-m/en#/http%3A%2F%2Fid.who.int%2Ficd%2Fentity%2F1183588196"",""browser"")"	True	False					
http://id.who.int/icd/entity/218491044	http://id.who.int/icd/release/11/mms/218491044	XE636		"- - - - - Body of water, beach, seashore"	category	2	False	X	"=hyperlink(""https://icd.who.int/browse11/l-m/en#/http%3A%2F%2Fid.who.int%2Ficd%2Fentity%2F218491044"",""browser"")"	True	False					
http://id.who.int/icd/entity/2006198291	http://id.who.int/icd/release/11/mms/2006198291	XE5N4		"- - - - - Body of water, open sea"	category	2	False	X	"=hyperlink(""https://icd.who.int/browse11/l-m/en#/http%3A%2F%2Fid.who.int%2Ficd%2Fentity%2F2006198291"",""browser"")"	True	False					
http://id.who.int/icd/entity/1648132759	http://id.who.int/icd/release/11/mms/1648132759	XE0CX		"- - - - - Body of water, flood water"	category	2	False	X	"=hyperlink(""https://icd.who.int/browse11/l-m/en#/http%3A%2F%2Fid.who.int%2Ficd%2Fentity%2F1648132759"",""browser"")"	True	False					
http://id.who.int/icd/entity/1293382199	http://id.who.int/icd/release/11/mms/1293382199	XE2QX		"- - - - - Body of water, canal or irrigation channel"	category	2	False	X	"=hyperlink(""https://icd.who.int/browse11/l-m/en#/http%3A%2F%2Fid.who.int%2Ficd%2Fentity%2F1293382199"",""browser"")"	True	False					
http://id.who.int/icd/entity/1678335572	http://id.who.int/icd/release/11/mms/1678335572	XE7CY		"- - - - Certain specified surface conformation"	category	1	False	X	"=hyperlink(""https://icd.who.int/browse11/l-m/en#/http%3A%2F%2Fid.who.int%2Ficd%2Fentity%2F1678335572"",""browser"")"	False	False					
http://id.who.int/icd/entity/1392279657	http://id.who.int/icd/release/11/mms/1392279657	XE45P		"- - - - - Sloping surface, not elsewhere classified"	category	2	False	X	"=hyperlink(""https://icd.who.int/browse11/l-m/en#/http%3A%2F%2Fid.who.int%2Ficd%2Fentity%2F1392279657"",""browser"")"	True	False					
http://id.who.int/icd/entity/740694704	http://id.who.int/icd/release/11/mms/740694704	XE9CC		"- - - - - Even surface, not elsewhere classified"	category	2	False	X	"=hyperlink(""https://icd.who.int/browse11/l-m/en#/http%3A%2F%2Fid.who.int%2Ficd%2Fentity%2F740694704"",""browser"")"	True	False					
http://id.who.int/icd/entity/1949873048	http://id.who.int/icd/release/11/mms/1949873048	XE1DA		"- - - - - Uneven surface, not elsewhere classified"	category	2	False	X	"=hyperlink(""https://icd.who.int/browse11/l-m/en#/http%3A%2F%2Fid.who.int%2Ficd%2Fentity%2F1949873048"",""browser"")"	True	False					
http://id.who.int/icd/entity/1066533273	http://id.who.int/icd/release/11/mms/1066533273			"- - - Material, not elsewhere classified"	block	3	False	X	"=hyperlink(""https://icd.who.int/browse11/l-m/en#/http%3A%2F%2Fid.who.int%2Ficd%2Fentity%2F1066533273"",""browser"")"	False						
http://id.who.int/icd/entity/1684782550	http://id.who.int/icd/release/11/mms/1684782550	XE4BY		"- - - - Natural material"	category	1	False	X	"=hyperlink(""https://icd.who.int/browse11/l-m/en#/http%3A%2F%2Fid.who.int%2Ficd%2Fentity%2F1684782550"",""browser"")"	False	False					
http://id.who.int/icd/entity/1726097137	http://id.who.int/icd/release/11/mms/1726097137	XE3LV		"- - - - - Snow, ice"	category	2	False	X	"=hyperlink(""https://icd.who.int/browse11/l-m/en#/http%3A%2F%2Fid.who.int%2Ficd%2Fentity%2F1726097137"",""browser"")"	True	False					
http://id.who.int/icd/entity/977516017	http://id.who.int/icd/release/11/mms/977516017	XE233		"- - - - - Natural grass"	category	2	False	X	"=hyperlink(""https://icd.who.int/browse11/l-m/en#/http%3A%2F%2Fid.who.int%2Ficd%2Fentity%2F977516017"",""browser"")"	True	False					
http://id.who.int/icd/entity/930520015	http://id.who.int/icd/release/11/mms/930520015	XE83R		"- - - - - Rock, stone, not elsewhere classified"	category	2	False	X	"=hyperlink(""https://icd.who.int/browse11/l-m/en#/http%3A%2F%2Fid.who.int%2Ficd%2Fentity%2F930520015"",""browser"")"	True	False					
http://id.who.int/icd/entity/252762346	http://id.who.int/icd/release/11/mms/252762346	XE2JN		"- - - - - Wood - timber, board, splinter, not elsewhere classified"	category	2	False	X	"=hyperlink(""https://icd.who.int/browse11/l-m/en#/http%3A%2F%2Fid.who.int%2Ficd%2Fentity%2F252762346"",""browser"")"	True	False					
http://id.who.int/icd/entity/1150889770	http://id.who.int/icd/release/11/mms/1150889770	XE9D4		"- - - - - Gravel, soil, sand, not elsewhere classified"	category	2	False	X	"=hyperlink(""https://icd.who.int/browse11/l-m/en#/http%3A%2F%2Fid.who.int%2Ficd%2Fentity%2F1150889770"",""browser"")"	True	False					
http://id.who.int/icd/entity/1585735126	http://id.who.int/icd/release/11/mms/1585735126	XE36E		"- - - - - Hay, straw"	category	2	False	X	"=hyperlink(""https://icd.who.int/browse11/l-m/en#/http%3A%2F%2Fid.who.int%2Ficd%2Fentity%2F1585735126"",""browser"")"	True	False					
http://id.who.int/icd/entity/1460564418	http://id.who.int/icd/release/11/mms/1460564418	XE410		"- - - - - Grain in bulk"	category	2	False	X	"=hyperlink(""https://icd.who.int/browse11/l-m/en#/http%3A%2F%2Fid.who.int%2Ficd%2Fentity%2F1460564418"",""browser"")"	True	False					
http://id.who.int/icd/entity/1561530518	http://id.who.int/icd/release/11/mms/1561530518	XE4Y6		"- - - - Manufactured or industrial material"	category	1	False	X	"=hyperlink(""https://icd.who.int/browse11/l-m/en#/http%3A%2F%2Fid.who.int%2Ficd%2Fentity%2F1561530518"",""browser"")"	False	False					
http://id.who.int/icd/entity/1681662422	http://id.who.int/icd/release/11/mms/1681662422	XE59G		"- - - - - Artificial grass"	category	2	False	X	"=hyperlink(""https://icd.who.int/browse11/l-m/en#/http%3A%2F%2Fid.who.int%2Ficd%2Fentity%2F1681662422"",""browser"")"	True	False					
http://id.who.int/icd/entity/900242666	http://id.who.int/icd/release/11/mms/900242666	XE6MG		"- - - - - Brick, concrete, concrete block"	category	2	False	X	"=hyperlink(""https://icd.who.int/browse11/l-m/en#/http%3A%2F%2Fid.who.int%2Ficd%2Fentity%2F900242666"",""browser"")"	True	False					
http://id.who.int/icd/entity/231661519	http://id.who.int/icd/release/11/mms/231661519	XE983		"- - - - - Molten metal"	category	2	False	X	"=hyperlink(""https://icd.who.int/browse11/l-m/en#/http%3A%2F%2Fid.who.int%2Ficd%2Fentity%2F231661519"",""browser"")"	True	False					
http://id.who.int/icd/entity/1265763889	http://id.who.int/icd/release/11/mms/1265763889	XE1FP		"- - - - - Metal - sheet, part, piece etc."	category	2	False	X	"=hyperlink(""https://icd.who.int/browse11/l-m/en#/http%3A%2F%2Fid.who.int%2Ficd%2Fentity%2F1265763889"",""browser"")"	True	False					
http://id.who.int/icd/entity/325889817	http://id.who.int/icd/release/11/mms/325889817	XE1LM		"- - - - - China, ceramics - sheet, part, piece"	category	2	False	X	"=hyperlink(""https://icd.who.int/browse11/l-m/en#/http%3A%2F%2Fid.who.int%2Ficd%2Fentity%2F325889817"",""browser"")"	True	False					
http://id.who.int/icd/entity/722136126	http://id.who.int/icd/release/11/mms/722136126	XE57U		"- - - - - Molten glass"	category	2	False	X	"=hyperlink(""https://icd.who.int/browse11/l-m/en#/http%3A%2F%2Fid.who.int%2Ficd%2Fentity%2F722136126"",""browser"")"	True	False					
http://id.who.int/icd/entity/1840657858	http://id.who.int/icd/release/11/mms/1840657858	XE4KU		"- - - - - Glass - sheet, piece, shard"	category	2	False	X	"=hyperlink(""https://icd.who.int/browse11/l-m/en#/http%3A%2F%2Fid.who.int%2Ficd%2Fentity%2F1840657858"",""browser"")"	True	False					
http://id.who.int/icd/entity/578066542	http://id.who.int/icd/release/11/mms/578066542	XE7K4		"- - - - - Plastic"	category	2	False	X	"=hyperlink(""https://icd.who.int/browse11/l-m/en#/http%3A%2F%2Fid.who.int%2Ficd%2Fentity%2F578066542"",""browser"")"	True	False					
http://id.who.int/icd/entity/2053779782	http://id.who.int/icd/release/11/mms/2053779782	XE63Q		"- - - - - Paper, cardboard"	category	2	False	X	"=hyperlink(""https://icd.who.int/browse11/l-m/en#/http%3A%2F%2Fid.who.int%2Ficd%2Fentity%2F2053779782"",""browser"")"	True	False					
http://id.who.int/icd/entity/949859030	http://id.who.int/icd/release/11/mms/949859030	XE7CA		"- - - - - Bitumen"	category	2	False	X	"=hyperlink(""https://icd.who.int/browse11/l-m/en#/http%3A%2F%2Fid.who.int%2Ficd%2Fentity%2F949859030"",""browser"")"	True	False					
http://id.who.int/icd/entity/1725389171	http://id.who.int/icd/release/11/mms/1725389171	XE16B		"- - - - Material not mentioned elsewhere"	category	1	False	X	"=hyperlink(""https://icd.who.int/browse11/l-m/en#/http%3A%2F%2Fid.who.int%2Ficd%2Fentity%2F1725389171"",""browser"")"	False	False					
http://id.who.int/icd/entity/83470056	http://id.who.int/icd/release/11/mms/83470056	XE5XN		"- - - - - Textiles"	category	2	False	X	"=hyperlink(""https://icd.who.int/browse11/l-m/en#/http%3A%2F%2Fid.who.int%2Ficd%2Fentity%2F83470056"",""browser"")"	True	False					
http://id.who.int/icd/entity/683304281	http://id.who.int/icd/release/11/mms/683304281	XE3NR		"- - - Fire, flame or smoke causing injury"	category	1	False	X	"=hyperlink(""https://icd.who.int/browse11/l-m/en#/http%3A%2F%2Fid.who.int%2Ficd%2Fentity%2F683304281"",""browser"")"	False	False					
http://id.who.int/icd/entity/1709064393	http://id.who.int/icd/release/11/mms/1709064393	XE9DT		"- - - - Fire, flame causing injury"	category	2	False	X	"=hyperlink(""https://icd.who.int/browse11/l-m/en#/http%3A%2F%2Fid.who.int%2Ficd%2Fentity%2F1709064393"",""browser"")"	False	False					
http://id.who.int/icd/entity/1113618375	http://id.who.int/icd/release/11/mms/1113618375	XE7PM		"- - - - - Burning oil"	category	3	False	X	"=hyperlink(""https://icd.who.int/browse11/l-m/en#/http%3A%2F%2Fid.who.int%2Ficd%2Fentity%2F1113618375"",""browser"")"	True	False					
http://id.who.int/icd/entity/516023495	http://id.who.int/icd/release/11/mms/516023495	XE73M		"- - - - - Other burning liquid"	category	3	False	X	"=hyperlink(""https://icd.who.int/browse11/l-m/en#/http%3A%2F%2Fid.who.int%2Ficd%2Fentity%2F516023495"",""browser"")"	True	False					
http://id.who.int/icd/entity/731023840	http://id.who.int/icd/release/11/mms/731023840	XE3K6		"- - - - - Burning gas, not elsewhere classified"	category	3	False	X	"=hyperlink(""https://icd.who.int/browse11/l-m/en#/http%3A%2F%2Fid.who.int%2Ficd%2Fentity%2F731023840"",""browser"")"	True	False					
http://id.who.int/icd/entity/1612414496	http://id.who.int/icd/release/11/mms/1612414496	XE27S		"- - - - - Controlled fire, flame in building or structure"	category	3	False	X	"=hyperlink(""https://icd.who.int/browse11/l-m/en#/http%3A%2F%2Fid.who.int%2Ficd%2Fentity%2F1612414496"",""browser"")"	True	False					
http://id.who.int/icd/entity/1938563320	http://id.who.int/icd/release/11/mms/1938563320	XE7W8		"- - - - - Controlled fire, flame, not in building or structure"	category	3	False	X	"=hyperlink(""https://icd.who.int/browse11/l-m/en#/http%3A%2F%2Fid.who.int%2Ficd%2Fentity%2F1938563320"",""browser"")"	True	False					
http://id.who.int/icd/entity/939906872	http://id.who.int/icd/release/11/mms/939906872	XE87S		"- - - - - Uncontrolled fire, flame in building or structure"	category	3	False	X	"=hyperlink(""https://icd.who.int/browse11/l-m/en#/http%3A%2F%2Fid.who.int%2Ficd%2Fentity%2F939906872"",""browser"")"	True	False					
http://id.who.int/icd/entity/223787567	http://id.who.int/icd/release/11/mms/223787567	XE7V9		"- - - - - Uncontrolled fire, flame not in building or structure"	category	3	False	X	"=hyperlink(""https://icd.who.int/browse11/l-m/en#/http%3A%2F%2Fid.who.int%2Ficd%2Fentity%2F223787567"",""browser"")"	True	False					
http://id.who.int/icd/entity/1554443657	http://id.who.int/icd/release/11/mms/1554443657	XE4F3		"- - - - Smoke causing injury"	category	2	False	X	"=hyperlink(""https://icd.who.int/browse11/l-m/en#/http%3A%2F%2Fid.who.int%2Ficd%2Fentity%2F1554443657"",""browser"")"	True	False					
http://id.who.int/icd/entity/199197415	http://id.who.int/icd/release/11/mms/199197415	XE63H		"- - - Hot object or substance, not elsewhere classified"	category	1	False	X	"=hyperlink(""https://icd.who.int/browse11/l-m/en#/http%3A%2F%2Fid.who.int%2Ficd%2Fentity%2F199197415"",""browser"")"	False	False					
http://id.who.int/icd/entity/1819827060	http://id.who.int/icd/release/11/mms/1819827060	XE4VA		"- - - - Hot liquid"	category	2	False	X	"=hyperlink(""https://icd.who.int/browse11/l-m/en#/http%3A%2F%2Fid.who.int%2Ficd%2Fentity%2F1819827060"",""browser"")"	False	False					
http://id.who.int/icd/entity/1116491700	http://id.who.int/icd/release/11/mms/1116491700	XE396		"- - - - - Hot tap water"	category	3	False	X	"=hyperlink(""https://icd.who.int/browse11/l-m/en#/http%3A%2F%2Fid.who.int%2Ficd%2Fentity%2F1116491700"",""browser"")"	True	False					
http://id.who.int/icd/entity/506322100	http://id.who.int/icd/release/11/mms/506322100	XE4WG		"- - - - - Boiling water other than tap water"	category	3	False	X	"=hyperlink(""https://icd.who.int/browse11/l-m/en#/http%3A%2F%2Fid.who.int%2Ficd%2Fentity%2F506322100"",""browser"")"	True	False					
http://id.who.int/icd/entity/1426126388	http://id.who.int/icd/release/11/mms/1426126388	XE3BS		"- - - - Hot air or gas"	category	2	False	X	"=hyperlink(""https://icd.who.int/browse11/l-m/en#/http%3A%2F%2Fid.who.int%2Ficd%2Fentity%2F1426126388"",""browser"")"	False	False					
http://id.who.int/icd/entity/1079134355	http://id.who.int/icd/release/11/mms/1079134355	XE77R		"- - - - - Steam, hot vapour"	category	3	False	X	"=hyperlink(""https://icd.who.int/browse11/l-m/en#/http%3A%2F%2Fid.who.int%2Ficd%2Fentity%2F1079134355"",""browser"")"	True	False					
http://id.who.int/icd/entity/486008359	http://id.who.int/icd/release/11/mms/486008359			"- - - Food, drink"	block	3	False	X	"=hyperlink(""https://icd.who.int/browse11/l-m/en#/http%3A%2F%2Fid.who.int%2Ficd%2Fentity%2F486008359"",""browser"")"	False						
http://id.who.int/icd/entity/1842194031	http://id.who.int/icd/release/11/mms/1842194031	XE3FD		"- - - - Food, drink, or related product"	category	1	False	X	"=hyperlink(""https://icd.who.int/browse11/l-m/en#/http%3A%2F%2Fid.who.int%2Ficd%2Fentity%2F1842194031"",""browser"")"	False	False					
http://id.who.int/icd/entity/984583554	http://id.who.int/icd/release/11/mms/984583554	XE5VU		"- - - - - Hot cooking oil or fat"	category	2	False	X	"=hyperlink(""https://icd.who.int/browse11/l-m/en#/http%3A%2F%2Fid.who.int%2Ficd%2Fentity%2F984583554"",""browser"")"	True	False					
http://id.who.int/icd/entity/268230811	http://id.who.int/icd/release/11/mms/268230811	XE3KH		"- - - - - Hot solid food"	category	2	False	X	"=hyperlink(""https://icd.who.int/browse11/l-m/en#/http%3A%2F%2Fid.who.int%2Ficd%2Fentity%2F268230811"",""browser"")"	True	False					
http://id.who.int/icd/entity/1148524379	http://id.who.int/icd/release/11/mms/1148524379	XE36T		"- - - - - Hot drink"	category	2	False	X	"=hyperlink(""https://icd.who.int/browse11/l-m/en#/http%3A%2F%2Fid.who.int%2Ficd%2Fentity%2F1148524379"",""browser"")"	True	False					
http://id.who.int/icd/entity/1474447795	http://id.who.int/icd/release/11/mms/1474447795	XE3VM		"- - - - - Cold solid food"	category	2	False	X	"=hyperlink(""https://icd.who.int/browse11/l-m/en#/http%3A%2F%2Fid.who.int%2Ficd%2Fentity%2F1474447795"",""browser"")"	True	False					
http://id.who.int/icd/entity/476823155	http://id.who.int/icd/release/11/mms/476823155	XE6SF		"- - - - - Cold drink - non-alcoholic"	category	2	False	X	"=hyperlink(""https://icd.who.int/browse11/l-m/en#/http%3A%2F%2Fid.who.int%2Ficd%2Fentity%2F476823155"",""browser"")"	True	False					
http://id.who.int/icd/entity/1410221427	http://id.who.int/icd/release/11/mms/1410221427	XE4QT		"- - - Law enforcement equipment"	category	1	False	X	"=hyperlink(""https://icd.who.int/browse11/l-m/en#/http%3A%2F%2Fid.who.int%2Ficd%2Fentity%2F1410221427"",""browser"")"	False	False					
http://id.who.int/icd/entity/841809562	http://id.who.int/icd/release/11/mms/841809562	XE8YS		"- - - - Handcuffs"	category	2	False	X	"=hyperlink(""https://icd.who.int/browse11/l-m/en#/http%3A%2F%2Fid.who.int%2Ficd%2Fentity%2F841809562"",""browser"")"	True	False					
http://id.who.int/icd/entity/1836509235	http://id.who.int/icd/release/11/mms/1836509235	XE5TH		"- - - Public use item"	category	1	False	X	"=hyperlink(""https://icd.who.int/browse11/l-m/en#/http%3A%2F%2Fid.who.int%2Ficd%2Fentity%2F1836509235"",""browser"")"	False	False					
http://id.who.int/icd/entity/821230013	http://id.who.int/icd/release/11/mms/821230013	XE6KX		"- - - - Fire hydrant"	category	2	False	X	"=hyperlink(""https://icd.who.int/browse11/l-m/en#/http%3A%2F%2Fid.who.int%2Ficd%2Fentity%2F821230013"",""browser"")"	True	False					
http://id.who.int/icd/entity/1817406141	http://id.who.int/icd/release/11/mms/1817406141	XE0MT		"- - - - Telephone pole, Stobie pole"	category	2	False	X	"=hyperlink(""https://icd.who.int/browse11/l-m/en#/http%3A%2F%2Fid.who.int%2Ficd%2Fentity%2F1817406141"",""browser"")"	True	False					
http://id.who.int/icd/entity/1493174182	http://id.who.int/icd/release/11/mms/1493174182	XE35R		"- - - - High-tension overhead power line"	category	2	False	X	"=hyperlink(""https://icd.who.int/browse11/l-m/en#/http%3A%2F%2Fid.who.int%2Ficd%2Fentity%2F1493174182"",""browser"")"	True	False					
http://id.who.int/icd/entity/2053016819	http://id.who.int/icd/release/11/mms/2053016819	XE63M		"- - - Camping equipment"	category	1	False	X	"=hyperlink(""https://icd.who.int/browse11/l-m/en#/http%3A%2F%2Fid.who.int%2Ficd%2Fentity%2F2053016819"",""browser"")"	False	False					
http://id.who.int/icd/entity/826737824	http://id.who.int/icd/release/11/mms/826737824	XE14D		"- - - - Tent"	category	2	False	X	"=hyperlink(""https://icd.who.int/browse11/l-m/en#/http%3A%2F%2Fid.who.int%2Ficd%2Fentity%2F826737824"",""browser"")"	True	False					
http://id.who.int/icd/entity/528986803	http://id.who.int/icd/release/11/mms/528986803	XE11D		"- - - Fastening, binding, or securing item, not elsewhere classified"	category	1	False	X	"=hyperlink(""https://icd.who.int/browse11/l-m/en#/http%3A%2F%2Fid.who.int%2Ficd%2Fentity%2F528986803"",""browser"")"	False	False					
http://id.who.int/icd/entity/894367731	http://id.who.int/icd/release/11/mms/894367731	XE4H9		"- - - - Rope, string, or twine"	category	2	False	X	"=hyperlink(""https://icd.who.int/browse11/l-m/en#/http%3A%2F%2Fid.who.int%2Ficd%2Fentity%2F894367731"",""browser"")"	True	False					
http://id.who.int/icd/entity/1777296627	http://id.who.int/icd/release/11/mms/1777296627	XE3U7		"- - - - Barbed wire"	category	2	False	X	"=hyperlink(""https://icd.who.int/browse11/l-m/en#/http%3A%2F%2Fid.who.int%2Ficd%2Fentity%2F1777296627"",""browser"")"	True	False					
http://id.who.int/icd/entity/1692027597	http://id.who.int/icd/release/11/mms/1692027597	XE1PL		"- - - - Other wire"	category	2	False	X	"=hyperlink(""https://icd.who.int/browse11/l-m/en#/http%3A%2F%2Fid.who.int%2Ficd%2Fentity%2F1692027597"",""browser"")"	True	False					
http://id.who.int/icd/entity/1555827180	http://id.who.int/icd/release/11/mms/1555827180	XE18Y		"- - - - Chain"	category	2	False	X	"=hyperlink(""https://icd.who.int/browse11/l-m/en#/http%3A%2F%2Fid.who.int%2Ficd%2Fentity%2F1555827180"",""browser"")"	True	False					
http://id.who.int/icd/entity/145741427	http://id.who.int/icd/release/11/mms/145741427	XE3WL		"- - - Explosive material or flammable object, not elsewhere classified"	category	1	False	X	"=hyperlink(""https://icd.who.int/browse11/l-m/en#/http%3A%2F%2Fid.who.int%2Ficd%2Fentity%2F145741427"",""browser"")"	False	False					
http://id.who.int/icd/entity/888867566	http://id.who.int/icd/release/11/mms/888867566	XE6KQ		"- - - - Fireworks"	category	2	False	X	"=hyperlink(""https://icd.who.int/browse11/l-m/en#/http%3A%2F%2Fid.who.int%2Ficd%2Fentity%2F888867566"",""browser"")"	True	False					
http://id.who.int/icd/entity/1750768110	http://id.who.int/icd/release/11/mms/1750768110	XE59Q		"- - - - Explosive"	category	2	False	X	"=hyperlink(""https://icd.who.int/browse11/l-m/en#/http%3A%2F%2Fid.who.int%2Ficd%2Fentity%2F1750768110"",""browser"")"	True	False					
http://id.who.int/icd/entity/1454547412	http://id.who.int/icd/release/11/mms/1454547412	XE908		"- - - Certain other specified object or living thing involved in causing injury"	category	1	False	X	"=hyperlink(""https://icd.who.int/browse11/l-m/en#/http%3A%2F%2Fid.who.int%2Ficd%2Fentity%2F1454547412"",""browser"")"	False	False					
http://id.who.int/icd/entity/975181414	http://id.who.int/icd/release/11/mms/975181414	XE2JA		"- - - - High-pressure jet"	category	2	False	X	"=hyperlink(""https://icd.who.int/browse11/l-m/en#/http%3A%2F%2Fid.who.int%2Ficd%2Fentity%2F975181414"",""browser"")"	True	False					
http://id.who.int/icd/entity/1719764326	http://id.who.int/icd/release/11/mms/1719764326	XE5DQ		"- - - - Laser light and equipment"	category	2	False	X	"=hyperlink(""https://icd.who.int/browse11/l-m/en#/http%3A%2F%2Fid.who.int%2Ficd%2Fentity%2F1719764326"",""browser"")"	True	False					
http://id.who.int/icd/entity/1406331007	http://id.who.int/icd/release/11/mms/1406331007	XE9AP		"- - - - Laser pointer"	category	2	False	X	"=hyperlink(""https://icd.who.int/browse11/l-m/en#/http%3A%2F%2Fid.who.int%2Ficd%2Fentity%2F1406331007"",""browser"")"	True	False					
http://id.who.int/icd/entity/1299224745	http://id.who.int/icd/release/11/mms/1299224745	XE6UH		"- - - - Sharp object, not elsewhere classified"	category	2	False	X	"=hyperlink(""https://icd.who.int/browse11/l-m/en#/http%3A%2F%2Fid.who.int%2Ficd%2Fentity%2F1299224745"",""browser"")"	True	False					
http://id.who.int/icd/entity/866779762	http://id.who.int/icd/release/11/mms/866779762	XE9GE		"- - - - Blunt object, not elsewhere classified"	category	2	False	X	"=hyperlink(""https://icd.who.int/browse11/l-m/en#/http%3A%2F%2Fid.who.int%2Ficd%2Fentity%2F866779762"",""browser"")"	True	False					
http://id.who.int/icd/entity/45233415	http://id.who.int/icd/release/11/mms/45233415	XE98K		"- - - - Motor, engine, not elsewhere classified"	category	2	False	X	"=hyperlink(""https://icd.who.int/browse11/l-m/en#/http%3A%2F%2Fid.who.int%2Ficd%2Fentity%2F45233415"",""browser"")"	True	False					
http://id.who.int/icd/entity/987002402	http://id.who.int/icd/release/11/mms/987002402	XE8AE		"- - - - Dry cell battery"	category	2	False	X	"=hyperlink(""https://icd.who.int/browse11/l-m/en#/http%3A%2F%2Fid.who.int%2Ficd%2Fentity%2F987002402"",""browser"")"	True	False					
http://id.who.int/icd/entity/1901953506	http://id.who.int/icd/release/11/mms/1901953506	XE8H0		"- - - - Disc battery"	category	2	False	X	"=hyperlink(""https://icd.who.int/browse11/l-m/en#/http%3A%2F%2Fid.who.int%2Ficd%2Fentity%2F1901953506"",""browser"")"	True	False					
http://id.who.int/icd/entity/2087235550	http://id.who.int/icd/release/11/mms/2087235550	XE72W		"- - - - Battery, not elsewhere classified"	category	2	False	X	"=hyperlink(""https://icd.who.int/browse11/l-m/en#/http%3A%2F%2Fid.who.int%2Ficd%2Fentity%2F2087235550"",""browser"")"	True	False					
http://id.who.int/icd/entity/1657462538	http://id.who.int/icd/release/11/mms/1657462538	XE146		"- - - - Animal cage"	category	2	False	X	"=hyperlink(""https://icd.who.int/browse11/l-m/en#/http%3A%2F%2Fid.who.int%2Ficd%2Fentity%2F1657462538"",""browser"")"	True	False					
http://id.who.int/icd/entity/470828497	http://id.who.int/icd/release/11/mms/470828497	XE12Z		"- - - - Gastric content"	category	2	False	X	"=hyperlink(""https://icd.who.int/browse11/l-m/en#/http%3A%2F%2Fid.who.int%2Ficd%2Fentity%2F470828497"",""browser"")"	True	False					
http://id.who.int/icd/entity/1469690385	http://id.who.int/icd/release/11/mms/1469690385	XE8FT		"- - - - Excrement, human or animal"	category	2	False	X	"=hyperlink(""https://icd.who.int/browse11/l-m/en#/http%3A%2F%2Fid.who.int%2Ficd%2Fentity%2F1469690385"",""browser"")"	True	False					
http://id.who.int/icd/entity/1521261615	http://id.who.int/icd/release/11/mms/1521261615	XE08P		"- - - - Blood, carcass, body, bone, not elsewhere classified, human or animal"	category	2	False	X	"=hyperlink(""https://icd.who.int/browse11/l-m/en#/http%3A%2F%2Fid.who.int%2Ficd%2Fentity%2F1521261615"",""browser"")"	True	False					
http://id.who.int/icd/entity/16429544	http://id.who.int/icd/release/11/mms/16429544	XE2DW		"- - - - Plastic bag"	category	2	False	X	"=hyperlink(""https://icd.who.int/browse11/l-m/en#/http%3A%2F%2Fid.who.int%2Ficd%2Fentity%2F16429544"",""browser"")"	True	False					
http://id.who.int/icd/entity/1265845800	http://id.who.int/icd/release/11/mms/1265845800	XE2AU		"- - - - Garbage, litter, trash"	category	2	False	X	"=hyperlink(""https://icd.who.int/browse11/l-m/en#/http%3A%2F%2Fid.who.int%2Ficd%2Fentity%2F1265845800"",""browser"")"	True	False					
http://id.who.int/icd/entity/1179019288	http://id.who.int/icd/release/11/mms/1179019288	XE2VX		"- - - - Environmental pollution, not elsewhere classified"	category	2	False	X	"=hyperlink(""https://icd.who.int/browse11/l-m/en#/http%3A%2F%2Fid.who.int%2Ficd%2Fentity%2F1179019288"",""browser"")"	True	False					
http://id.who.int/icd/entity/1380607018	http://id.who.int/icd/release/11/mms/1380607018	XE6QS		"- - - Medical or surgical device not in therapeutic use"	category	1	False	X	"=hyperlink(""https://icd.who.int/browse11/l-m/en#/http%3A%2F%2Fid.who.int%2Ficd%2Fentity%2F1380607018"",""browser"")"	True	False					
http://id.who.int/icd/entity/1847862619	http://id.who.int/icd/release/11/mms/1847862619			"- - Alcohol use in injury event"	block	2	False	X	"=hyperlink(""https://icd.who.int/browse11/l-m/en#/http%3A%2F%2Fid.who.int%2Ficd%2Fentity%2F1847862619"",""browser"")"	False						
http://id.who.int/icd/entity/1993515327	http://id.who.int/icd/release/11/mms/1993515327	XE47R		"- - - Alcohol use, no information available"	category	1	False	X	"=hyperlink(""https://icd.who.int/browse11/l-m/en#/http%3A%2F%2Fid.who.int%2Ficd%2Fentity%2F1993515327"",""browser"")"	True	False					
http://id.who.int/icd/entity/1336544383	http://id.who.int/icd/release/11/mms/1336544383	XE08X		"- - - Alcohol use, no suspicion or evidence of alcohol use by any person involved in the injury event"	category	1	False	X	"=hyperlink(""https://icd.who.int/browse11/l-m/en#/http%3A%2F%2Fid.who.int%2Ficd%2Fentity%2F1336544383"",""browser"")"	True	False					
http://id.who.int/icd/entity/1484941503	http://id.who.int/icd/release/11/mms/1484941503	XE1G3		"- - - Alcohol use, suspicion or evidence of alcohol use by the injured person"	category	1	False	X	"=hyperlink(""https://icd.who.int/browse11/l-m/en#/http%3A%2F%2Fid.who.int%2Ficd%2Fentity%2F1484941503"",""browser"")"	True	False					
http://id.who.int/icd/entity/1029396223	http://id.who.int/icd/release/11/mms/1029396223	XE15H		"- - - Alcohol use, suspicion or evidence of alcohol use by other persons involved in the injury event"	category	1	False	X	"=hyperlink(""https://icd.who.int/browse11/l-m/en#/http%3A%2F%2Fid.who.int%2Ficd%2Fentity%2F1029396223"",""browser"")"	True	False					
http://id.who.int/icd/entity/712192575	http://id.who.int/icd/release/11/mms/712192575	XE3JF		"- - - Alcohol use, suspicion or evidence of alcohol use by both the injured person and other persons involved in the injury event"	category	1	False	X	"=hyperlink(""https://icd.who.int/browse11/l-m/en#/http%3A%2F%2Fid.who.int%2Ficd%2Fentity%2F712192575"",""browser"")"	True	False					
http://id.who.int/icd/entity/2030846363	http://id.who.int/icd/release/11/mms/2030846363			"- - Psychoactive drug use in injury event"	block	2	False	X	"=hyperlink(""https://icd.who.int/browse11/l-m/en#/http%3A%2F%2Fid.who.int%2Ficd%2Fentity%2F2030846363"",""browser"")"	False						
http://id.who.int/icd/entity/1848703062	http://id.who.int/icd/release/11/mms/1848703062	XE43G		"- - - Psychoactive drug use, no information available"	category	1	False	X	"=hyperlink(""https://icd.who.int/browse11/l-m/en#/http%3A%2F%2Fid.who.int%2Ficd%2Fentity%2F1848703062"",""browser"")"	True	False					
http://id.who.int/icd/entity/1464358166	http://id.who.int/icd/release/11/mms/1464358166	XE5TU		"- - - Psychoactive drug use, no suspicion or evidence of psychoactive drug use by any person involved in the injury event"	category	1	False	X	"=hyperlink(""https://icd.who.int/browse11/l-m/en#/http%3A%2F%2Fid.who.int%2Ficd%2Fentity%2F1464358166"",""browser"")"	True	False					
http://id.who.int/icd/entity/1080046038	http://id.who.int/icd/release/11/mms/1080046038	XE5VY		"- - - Psychoactive drug use, suspicion or evidence of psychoactive drug use by the injured person"	category	1	False	X	"=hyperlink(""https://icd.who.int/browse11/l-m/en#/http%3A%2F%2Fid.who.int%2Ficd%2Fentity%2F1080046038"",""browser"")"	True	False					
http://id.who.int/icd/entity/632885142	http://id.who.int/icd/release/11/mms/632885142	XE8GW		"- - - Psychoactive drug use, suspicion or evidence of psychoactive drug use by other persons involved in the injury event"	category	1	False	X	"=hyperlink(""https://icd.who.int/browse11/l-m/en#/http%3A%2F%2Fid.who.int%2Ficd%2Fentity%2F632885142"",""browser"")"	True	False					
http://id.who.int/icd/entity/848390998	http://id.who.int/icd/release/11/mms/848390998	XE28E		"- - - Psychoactive drug use, suspicion or evidence of psychoactive drug use by both the injured person and other persons involved in the injury event"	category	1	False	X	"=hyperlink(""https://icd.who.int/browse11/l-m/en#/http%3A%2F%2Fid.who.int%2Ficd%2Fentity%2F848390998"",""browser"")"	True	False					
http://id.who.int/icd/entity/1564873651	http://id.who.int/icd/release/11/mms/1564873651			"- - Aspects of transport injury events"	block	2	False	X	"=hyperlink(""https://icd.who.int/browse11/l-m/en#/http%3A%2F%2Fid.who.int%2Ficd%2Fentity%2F1564873651"",""browser"")"	False						
http://id.who.int/icd/entity/2037136197	http://id.who.int/icd/release/11/mms/2037136197			"- - - Mode of transport of person injured in transport event"	block	3	False	X	"=hyperlink(""https://icd.who.int/browse11/l-m/en#/http%3A%2F%2Fid.who.int%2Ficd%2Fentity%2F2037136197"",""browser"")"	False						
http://id.who.int/icd/entity/1809796899	http://id.who.int/icd/release/11/mms/1809796899	XE88K		"- - - - Pedestrian as mode of transport of person injured in transport event"	category	1	False	X	"=hyperlink(""https://icd.who.int/browse11/l-m/en#/http%3A%2F%2Fid.who.int%2Ficd%2Fentity%2F1809796899"",""browser"")"	False	False					
http://id.who.int/icd/entity/2084367557	http://id.who.int/icd/release/11/mms/2084367557	XE645		"- - - - - Person on foot injured in transport related event"	category	2	False	X	"=hyperlink(""https://icd.who.int/browse11/l-m/en#/http%3A%2F%2Fid.who.int%2Ficd%2Fentity%2F2084367557"",""browser"")"	True	False					
http://id.who.int/icd/entity/1765536272	http://id.who.int/icd/release/11/mms/1765536272	XE0HE		"- - - - - Person on foot standing, walking or running at the time of the crash"	category	2	False	X	"=hyperlink(""https://icd.who.int/browse11/l-m/en#/http%3A%2F%2Fid.who.int%2Ficd%2Fentity%2F1765536272"",""browser"")"	True	False					
http://id.who.int/icd/entity/2094369126	http://id.who.int/icd/release/11/mms/2094369126	XE7ZY		"- - - - Pedestrian conveyance as mode of transport of person injured in transport event"	category	1	False	X	"=hyperlink(""https://icd.who.int/browse11/l-m/en#/http%3A%2F%2Fid.who.int%2Ficd%2Fentity%2F2094369126"",""browser"")"	False	False					
http://id.who.int/icd/entity/1136268012	http://id.who.int/icd/release/11/mms/1136268012	XE0TE		"- - - - - Mobility scooter as mode of transport of person injured in transport related event"	category	2	False	X	"=hyperlink(""https://icd.who.int/browse11/l-m/en#/http%3A%2F%2Fid.who.int%2Ficd%2Fentity%2F1136268012"",""browser"")"	True	False					
http://id.who.int/icd/entity/77704030	http://id.who.int/icd/release/11/mms/77704030	XE80N		"- - - - - Motorised wheelchair as mode of transport of person injured in transport related event"	category	2	False	X	"=hyperlink(""https://icd.who.int/browse11/l-m/en#/http%3A%2F%2Fid.who.int%2Ficd%2Fentity%2F77704030"",""browser"")"	True	False					
http://id.who.int/icd/entity/1269392329	http://id.who.int/icd/release/11/mms/1269392329	XE08H		"- - - - - Ice skates as mode of transport of person injured in transport related event"	category	2	False	X	"=hyperlink(""https://icd.who.int/browse11/l-m/en#/http%3A%2F%2Fid.who.int%2Ficd%2Fentity%2F1269392329"",""browser"")"	True	False					
http://id.who.int/icd/entity/1103182901	http://id.who.int/icd/release/11/mms/1103182901	XE0FX		"- - - - - Skis as mode of transport of person injured in transport related event"	category	2	False	X	"=hyperlink(""https://icd.who.int/browse11/l-m/en#/http%3A%2F%2Fid.who.int%2Ficd%2Fentity%2F1103182901"",""browser"")"	True	False					
http://id.who.int/icd/entity/248116386	http://id.who.int/icd/release/11/mms/248116386	XE3JS		"- - - - - Snowboard as mode of transport of person injured in transport related event"	category	2	False	X	"=hyperlink(""https://icd.who.int/browse11/l-m/en#/http%3A%2F%2Fid.who.int%2Ficd%2Fentity%2F248116386"",""browser"")"	True	False					
http://id.who.int/icd/entity/713887908	http://id.who.int/icd/release/11/mms/713887908	XE036		"- - - - - Sled as mode of transport of person injured in transport related event"	category	2	False	X	"=hyperlink(""https://icd.who.int/browse11/l-m/en#/http%3A%2F%2Fid.who.int%2Ficd%2Fentity%2F713887908"",""browser"")"	True	False					
http://id.who.int/icd/entity/1901422543	http://id.who.int/icd/release/11/mms/1901422543	XE96G		"- - - - - Skateboard as mode of transport of person injured in transport related event"	category	2	False	X	"=hyperlink(""https://icd.who.int/browse11/l-m/en#/http%3A%2F%2Fid.who.int%2Ficd%2Fentity%2F1901422543"",""browser"")"	True	False					
http://id.who.int/icd/entity/2122835283	http://id.who.int/icd/release/11/mms/2122835283	XE2PW		"- - - - - Roller skates as mode of transport of person injured in transport related event"	category	2	False	X	"=hyperlink(""https://icd.who.int/browse11/l-m/en#/http%3A%2F%2Fid.who.int%2Ficd%2Fentity%2F2122835283"",""browser"")"	True	False					
http://id.who.int/icd/entity/76081588	http://id.who.int/icd/release/11/mms/76081588	XE4HS		"- - - - - Scooter as mode of transport of person injured in transport related event"	category	2	False	X	"=hyperlink(""https://icd.who.int/browse11/l-m/en#/http%3A%2F%2Fid.who.int%2Ficd%2Fentity%2F76081588"",""browser"")"	True	False					
http://id.who.int/icd/entity/1005023802	http://id.who.int/icd/release/11/mms/1005023802	XE7RL		"- - - - - Baby carriage as mode of transport of person injured in transport related event"	category	2	False	X	"=hyperlink(""https://icd.who.int/browse11/l-m/en#/http%3A%2F%2Fid.who.int%2Ficd%2Fentity%2F1005023802"",""browser"")"	True	False					
http://id.who.int/icd/entity/903299946	http://id.who.int/icd/release/11/mms/903299946	XE1BH		"- - - - - Perambulator as mode of transport of person injured in transport related event"	category	2	False	X	"=hyperlink(""https://icd.who.int/browse11/l-m/en#/http%3A%2F%2Fid.who.int%2Ficd%2Fentity%2F903299946"",""browser"")"	True	False					
http://id.who.int/icd/entity/1846490117	http://id.who.int/icd/release/11/mms/1846490117	XE9SV		"- - - - - Push chair as mode of transport of person injured in transport related event"	category	2	False	X	"=hyperlink(""https://icd.who.int/browse11/l-m/en#/http%3A%2F%2Fid.who.int%2Ficd%2Fentity%2F1846490117"",""browser"")"	True	False					
http://id.who.int/icd/entity/1964885085	http://id.who.int/icd/release/11/mms/1964885085	XE7KT		"- - - - - Stroller as mode of transport of person injured in transport related event"	category	2	False	X	"=hyperlink(""https://icd.who.int/browse11/l-m/en#/http%3A%2F%2Fid.who.int%2Ficd%2Fentity%2F1964885085"",""browser"")"	True	False					
http://id.who.int/icd/entity/1386734179	http://id.who.int/icd/release/11/mms/1386734179	XE71D		"- - - - Pedal cycle as mode of transport of person injured in transport related event"	category	1	False	X	"=hyperlink(""https://icd.who.int/browse11/l-m/en#/http%3A%2F%2Fid.who.int%2Ficd%2Fentity%2F1386734179"",""browser"")"	False	False					
http://id.who.int/icd/entity/252889276	http://id.who.int/icd/release/11/mms/252889276	XE2BW		"- - - - - Trailer or sidecar attached to a pedal cycle as mode of transport of person injured in transport related event"	category	2	False	X	"=hyperlink(""https://icd.who.int/browse11/l-m/en#/http%3A%2F%2Fid.who.int%2Ficd%2Fentity%2F252889276"",""browser"")"	True	False					
http://id.who.int/icd/entity/813519670	http://id.who.int/icd/release/11/mms/813519670	XE6R4		"- - - - - Cycle rickshaw or tri-shaw as mode of transport of person injured in transport related event"	category	2	False	X	"=hyperlink(""https://icd.who.int/browse11/l-m/en#/http%3A%2F%2Fid.who.int%2Ficd%2Fentity%2F813519670"",""browser"")"	True	False					
http://id.who.int/icd/entity/542554339	http://id.who.int/icd/release/11/mms/542554339	XE7NK		"- - - - Motorcycle as mode of transport of person injured in transport related event"	category	1	False	X	"=hyperlink(""https://icd.who.int/browse11/l-m/en#/http%3A%2F%2Fid.who.int%2Ficd%2Fentity%2F542554339"",""browser"")"	False	False					
http://id.who.int/icd/entity/1953596685	http://id.who.int/icd/release/11/mms/1953596685	XE2J1		"- - - - - Moped as mode of transport of person injured in transport related event"	category	2	False	X	"=hyperlink(""https://icd.who.int/browse11/l-m/en#/http%3A%2F%2Fid.who.int%2Ficd%2Fentity%2F1953596685"",""browser"")"	True	False					
http://id.who.int/icd/entity/799666784	http://id.who.int/icd/release/11/mms/799666784	XE39A		"- - - - - Underbone motorcycle as mode of transport of person injured in transport related event"	category	2	False	X	"=hyperlink(""https://icd.who.int/browse11/l-m/en#/http%3A%2F%2Fid.who.int%2Ficd%2Fentity%2F799666784"",""browser"")"	True	False					
http://id.who.int/icd/entity/544960766	http://id.who.int/icd/release/11/mms/544960766	XE9BU		"- - - - - Motor scooter as mode of transport of person injured in transport related event"	category	2	False	X	"=hyperlink(""https://icd.who.int/browse11/l-m/en#/http%3A%2F%2Fid.who.int%2Ficd%2Fentity%2F544960766"",""browser"")"	True	False					
http://id.who.int/icd/entity/1313481586	http://id.who.int/icd/release/11/mms/1313481586	XE9RC		"- - - - - Motorised bicycle as mode of transport of injured person in transport related event"	category	2	False	X	"=hyperlink(""https://icd.who.int/browse11/l-m/en#/http%3A%2F%2Fid.who.int%2Ficd%2Fentity%2F1313481586"",""browser"")"	True	False					
http://id.who.int/icd/entity/1022588333	http://id.who.int/icd/release/11/mms/1022588333	XE1ZG		"- - - - - Ag bike as mode of transport of person injured in transport related event"	category	2	False	X	"=hyperlink(""https://icd.who.int/browse11/l-m/en#/http%3A%2F%2Fid.who.int%2Ficd%2Fentity%2F1022588333"",""browser"")"	True	False					
http://id.who.int/icd/entity/1485925736	http://id.who.int/icd/release/11/mms/1485925736	XE2W4		"- - - - Car as mode of transport of person injured in transport related event"	category	1	False	X	"=hyperlink(""https://icd.who.int/browse11/l-m/en#/http%3A%2F%2Fid.who.int%2Ficd%2Fentity%2F1485925736"",""browser"")"	False	False					
http://id.who.int/icd/entity/1526753309	http://id.who.int/icd/release/11/mms/1526753309	XE0V3		"- - - - - 4x4 vehicle as mode of transport of person injured in transport related event"	category	2	False	X	"=hyperlink(""https://icd.who.int/browse11/l-m/en#/http%3A%2F%2Fid.who.int%2Ficd%2Fentity%2F1526753309"",""browser"")"	True	False					
http://id.who.int/icd/entity/277454813	http://id.who.int/icd/release/11/mms/277454813	XE2TP		"- - - - - Light transport vehicle with four or more wheels used in sport and leisure activities as mode of transport of person injured in transport related event"	category	2	False	X	"=hyperlink(""https://icd.who.int/browse11/l-m/en#/http%3A%2F%2Fid.who.int%2Ficd%2Fentity%2F277454813"",""browser"")"	True	False					
http://id.who.int/icd/entity/674502377	http://id.who.int/icd/release/11/mms/674502377	XE9K7		"- - - - - Microcar as mode of transport of person injured in transport related event"	category	2	False	X	"=hyperlink(""https://icd.who.int/browse11/l-m/en#/http%3A%2F%2Fid.who.int%2Ficd%2Fentity%2F674502377"",""browser"")"	True	False					
http://id.who.int/icd/entity/1030557905	http://id.who.int/icd/release/11/mms/1030557905	XE62M		"- - - - - Motor car as mode of transport of person injured in transport related event"	category	2	False	X	"=hyperlink(""https://icd.who.int/browse11/l-m/en#/http%3A%2F%2Fid.who.int%2Ficd%2Fentity%2F1030557905"",""browser"")"	True	False					
http://id.who.int/icd/entity/728890556	http://id.who.int/icd/release/11/mms/728890556	XE85J		"- - - - - Station wagon as mode of transport of person injured in transport related event"	category	2	False	X	"=hyperlink(""https://icd.who.int/browse11/l-m/en#/http%3A%2F%2Fid.who.int%2Ficd%2Fentity%2F728890556"",""browser"")"	True	False					
http://id.who.int/icd/entity/625069552	http://id.who.int/icd/release/11/mms/625069552	XE7LL		"- - - - - Minivan as mode of transport of person injured in transport related event"	category	2	False	X	"=hyperlink(""https://icd.who.int/browse11/l-m/en#/http%3A%2F%2Fid.who.int%2Ficd%2Fentity%2F625069552"",""browser"")"	True	False					
http://id.who.int/icd/entity/1638458183	http://id.who.int/icd/release/11/mms/1638458183	XE1CK		"- - - - - Jeep as mode of transport of person injured in transport related event"	category	2	False	X	"=hyperlink(""https://icd.who.int/browse11/l-m/en#/http%3A%2F%2Fid.who.int%2Ficd%2Fentity%2F1638458183"",""browser"")"	True	False					
http://id.who.int/icd/entity/782248914	http://id.who.int/icd/release/11/mms/782248914	XE5X0		"- - - - - Sport utility vehicle as mode of transport of person injured in transport related event"	category	2	False	X	"=hyperlink(""https://icd.who.int/browse11/l-m/en#/http%3A%2F%2Fid.who.int%2Ficd%2Fentity%2F782248914"",""browser"")"	True	False					
http://id.who.int/icd/entity/1813975252	http://id.who.int/icd/release/11/mms/1813975252	XE2RA		"- - - - Bus or coach as mode of transport of person injured in transport related event"	category	1	False	X	"=hyperlink(""https://icd.who.int/browse11/l-m/en#/http%3A%2F%2Fid.who.int%2Ficd%2Fentity%2F1813975252"",""browser"")"	True	False					
http://id.who.int/icd/entity/235303267	http://id.who.int/icd/release/11/mms/235303267	XE9JB		"- - - - Light goods vehicle as mode of transport of person injured in transport related event"	category	1	False	X	"=hyperlink(""https://icd.who.int/browse11/l-m/en#/http%3A%2F%2Fid.who.int%2Ficd%2Fentity%2F235303267"",""browser"")"	False	False					
http://id.who.int/icd/entity/1652082013	http://id.who.int/icd/release/11/mms/1652082013	XE6PF		"- - - - - Minibus or passenger van as mode of transport of person injured in transport related event"	category	2	False	X	"=hyperlink(""https://icd.who.int/browse11/l-m/en#/http%3A%2F%2Fid.who.int%2Ficd%2Fentity%2F1652082013"",""browser"")"	True	False					
http://id.who.int/icd/entity/1968218525	http://id.who.int/icd/release/11/mms/1968218525	XE165		"- - - - - Pick-up truck, goods or work van, ambulance, motor home as mode of transport of person injured in transport related event"	category	2	False	X	"=hyperlink(""https://icd.who.int/browse11/l-m/en#/http%3A%2F%2Fid.who.int%2Ficd%2Fentity%2F1968218525"",""browser"")"	True	False					
http://id.who.int/icd/entity/422450595	http://id.who.int/icd/release/11/mms/422450595	XE1PH		"- - - - Heavy goods vehicle as mode of transport of person injured in transport related event"	category	1	False	X	"=hyperlink(""https://icd.who.int/browse11/l-m/en#/http%3A%2F%2Fid.who.int%2Ficd%2Fentity%2F422450595"",""browser"")"	False	False					
http://id.who.int/icd/entity/2056952886	http://id.who.int/icd/release/11/mms/2056952886	XE10A		"- - - - - Trucks, lorries, and other heavy goods vehicle as mode of transport of person injured in transport related event"	category	2	False	X	"=hyperlink(""https://icd.who.int/browse11/l-m/en#/http%3A%2F%2Fid.who.int%2Ficd%2Fentity%2F2056952886"",""browser"")"	True	False					
http://id.who.int/icd/entity/268714364	http://id.who.int/icd/release/11/mms/268714364	XE1VN		"- - - - - Fire brigade pump vehicle as mode of transport of person injured in transport related event"	category	2	False	X	"=hyperlink(""https://icd.who.int/browse11/l-m/en#/http%3A%2F%2Fid.who.int%2Ficd%2Fentity%2F268714364"",""browser"")"	True	False					
http://id.who.int/icd/entity/1682994887	http://id.who.int/icd/release/11/mms/1682994887	XE7XM		"- - - - - Road tractor with or without semi-trailer as mode of transport of person injured in transport related event"	category	2	False	X	"=hyperlink(""https://icd.who.int/browse11/l-m/en#/http%3A%2F%2Fid.who.int%2Ficd%2Fentity%2F1682994887"",""browser"")"	True	False					
http://id.who.int/icd/entity/1250139363	http://id.who.int/icd/release/11/mms/1250139363	XE5ET		"- - - - - Truck with trailer as mode of transport of person injured in transport related event"	category	2	False	X	"=hyperlink(""https://icd.who.int/browse11/l-m/en#/http%3A%2F%2Fid.who.int%2Ficd%2Fentity%2F1250139363"",""browser"")"	True	False					
http://id.who.int/icd/entity/1205597072	http://id.who.int/icd/release/11/mms/1205597072	XE41E		"- - - - Streetcar or tram as mode of transport of person injured in transport related event"	category	1	False	X	"=hyperlink(""https://icd.who.int/browse11/l-m/en#/http%3A%2F%2Fid.who.int%2Ficd%2Fentity%2F1205597072"",""browser"")"	True	False					
http://id.who.int/icd/entity/931060771	http://id.who.int/icd/release/11/mms/931060771	XE5WB		"- - - - Low-powered passenger vehicle as mode of transport of person injured in transport event"	category	1	False	X	"=hyperlink(""https://icd.who.int/browse11/l-m/en#/http%3A%2F%2Fid.who.int%2Ficd%2Fentity%2F931060771"",""browser"")"	False	False					
http://id.who.int/icd/entity/1517583389	http://id.who.int/icd/release/11/mms/1517583389	XE8DK		"- - - - - Tuk-tuk as mode of transport of person injured in transport related event"	category	2	False	X	"=hyperlink(""https://icd.who.int/browse11/l-m/en#/http%3A%2F%2Fid.who.int%2Ficd%2Fentity%2F1517583389"",""browser"")"	True	False					
http://id.who.int/icd/entity/1696327573	http://id.who.int/icd/release/11/mms/1696327573	XE1DF		"- - - - - Mototaxi as mode of transport of person injured in transport related event"	category	2	False	X	"=hyperlink(""https://icd.who.int/browse11/l-m/en#/http%3A%2F%2Fid.who.int%2Ficd%2Fentity%2F1696327573"",""browser"")"	True	False					
http://id.who.int/icd/entity/181243198	http://id.who.int/icd/release/11/mms/181243198	XE4SA		"- - - - - Auto rickshaw three-wheeler as mode of transport of person injured in transport related event"	category	2	False	X	"=hyperlink(""https://icd.who.int/browse11/l-m/en#/http%3A%2F%2Fid.who.int%2Ficd%2Fentity%2F181243198"",""browser"")"	True	False					
http://id.who.int/icd/entity/1649731250	http://id.who.int/icd/release/11/mms/1649731250	XE35C		"- - - - Special vehicle mainly used in agriculture as mode of transport of person injured in transport related event"	category	1	False	X	"=hyperlink(""https://icd.who.int/browse11/l-m/en#/http%3A%2F%2Fid.who.int%2Ficd%2Fentity%2F1649731250"",""browser"")"	False	False					
http://id.who.int/icd/entity/1332687557	http://id.who.int/icd/release/11/mms/1332687557	XE3WV		"- - - - - Self-propelled agricultural machine as mode of transport of person injured in transport related event"	category	2	False	X	"=hyperlink(""https://icd.who.int/browse11/l-m/en#/http%3A%2F%2Fid.who.int%2Ficd%2Fentity%2F1332687557"",""browser"")"	True	False					
http://id.who.int/icd/entity/1798035143	http://id.who.int/icd/release/11/mms/1798035143	XE3QK		"- - - - - Harvester as mode of transport of person injured in transport related event"	category	2	False	X	"=hyperlink(""https://icd.who.int/browse11/l-m/en#/http%3A%2F%2Fid.who.int%2Ficd%2Fentity%2F1798035143"",""browser"")"	True	False					
http://id.who.int/icd/entity/761015847	http://id.who.int/icd/release/11/mms/761015847	XE872		"- - - - - Agricultural tractor as mode of transport of person injured in transport related event"	category	2	False	X	"=hyperlink(""https://icd.who.int/browse11/l-m/en#/http%3A%2F%2Fid.who.int%2Ficd%2Fentity%2F761015847"",""browser"")"	True	False					
http://id.who.int/icd/entity/761501405	http://id.who.int/icd/release/11/mms/761501405	XE885		"- - - - Special vehicle mainly used on industrial premises as mode of transport of person injured in transport related event"	category	1	False	X	"=hyperlink(""https://icd.who.int/browse11/l-m/en#/http%3A%2F%2Fid.who.int%2Ficd%2Fentity%2F761501405"",""browser"")"	False	False					
http://id.who.int/icd/entity/689291641	http://id.who.int/icd/release/11/mms/689291641	XE31K		"- - - - - Fork lift truck as mode of transport of person injured in transport related event"	category	2	False	X	"=hyperlink(""https://icd.who.int/browse11/l-m/en#/http%3A%2F%2Fid.who.int%2Ficd%2Fentity%2F689291641"",""browser"")"	True	False					
http://id.who.int/icd/entity/1393249384	http://id.who.int/icd/release/11/mms/1393249384	XE312		"- - - - Special construction vehicle as mode of transport of person injured in transport related event"	category	1	False	X	"=hyperlink(""https://icd.who.int/browse11/l-m/en#/http%3A%2F%2Fid.who.int%2Ficd%2Fentity%2F1393249384"",""browser"")"	True	False					
http://id.who.int/icd/entity/339419809	http://id.who.int/icd/release/11/mms/339419809	XE5RK		"- - - - Special all-terrain vehicle as mode of transport of person injured in transport related event"	category	1	False	X	"=hyperlink(""https://icd.who.int/browse11/l-m/en#/http%3A%2F%2Fid.who.int%2Ficd%2Fentity%2F339419809"",""browser"")"	False	False					
http://id.who.int/icd/entity/406005819	http://id.who.int/icd/release/11/mms/406005819	XE63N		"- - - - - Snowmobile as mode of transport of person injured in transport related event"	category	2	False	X	"=hyperlink(""https://icd.who.int/browse11/l-m/en#/http%3A%2F%2Fid.who.int%2Ficd%2Fentity%2F406005819"",""browser"")"	True	False					
http://id.who.int/icd/entity/558597499	http://id.who.int/icd/release/11/mms/558597499	XE5U7		"- - - - - Hovercraft operating on land or swamp as mode of transport of person injured in transport related event"	category	2	False	X	"=hyperlink(""https://icd.who.int/browse11/l-m/en#/http%3A%2F%2Fid.who.int%2Ficd%2Fentity%2F558597499"",""browser"")"	True	False					
http://id.who.int/icd/entity/1190951244	http://id.who.int/icd/release/11/mms/1190951244	XE4MT		"- - - - - Amphibious vehicle on land as mode of transport of person injured in transport related event"	category	2	False	X	"=hyperlink(""https://icd.who.int/browse11/l-m/en#/http%3A%2F%2Fid.who.int%2Ficd%2Fentity%2F1190951244"",""browser"")"	True	False					
http://id.who.int/icd/entity/821273002	http://id.who.int/icd/release/11/mms/821273002	XE3SA		"- - - - - Quad bike as mode of transport of person injured in transport related event"	category	2	False	X	"=hyperlink(""https://icd.who.int/browse11/l-m/en#/http%3A%2F%2Fid.who.int%2Ficd%2Fentity%2F821273002"",""browser"")"	True	False					
http://id.who.int/icd/entity/1343097580	http://id.who.int/icd/release/11/mms/1343097580	XE940		"- - - - Animal being ridden as mode of transport of person injured in transport related event"	category	1	False	X	"=hyperlink(""https://icd.who.int/browse11/l-m/en#/http%3A%2F%2Fid.who.int%2Ficd%2Fentity%2F1343097580"",""browser"")"	False	False					
http://id.who.int/icd/entity/1279382176	http://id.who.int/icd/release/11/mms/1279382176	XE1ZJ		"- - - - - Horse as mode of transport of person injured in transport related event"	category	2	False	X	"=hyperlink(""https://icd.who.int/browse11/l-m/en#/http%3A%2F%2Fid.who.int%2Ficd%2Fentity%2F1279382176"",""browser"")"	True	False					
http://id.who.int/icd/entity/1167034019	http://id.who.int/icd/release/11/mms/1167034019	XE4ZZ		"- - - - Animal drawn vehicle as mode of transport of person injured in transport related event"	category	1	False	X	"=hyperlink(""https://icd.who.int/browse11/l-m/en#/http%3A%2F%2Fid.who.int%2Ficd%2Fentity%2F1167034019"",""browser"")"	True	False					
http://id.who.int/icd/entity/978055709	http://id.who.int/icd/release/11/mms/978055709	XE8YD		"- - - - Railway vehicle as mode of transport of person injured in transport related event"	category	1	False	X	"=hyperlink(""https://icd.who.int/browse11/l-m/en#/http%3A%2F%2Fid.who.int%2Ficd%2Fentity%2F978055709"",""browser"")"	False	False					
http://id.who.int/icd/entity/838309904	http://id.who.int/icd/release/11/mms/838309904	XE1KN		"- - - - - Railway train as mode of transport of person injured in transport related event"	category	2	False	X	"=hyperlink(""https://icd.who.int/browse11/l-m/en#/http%3A%2F%2Fid.who.int%2Ficd%2Fentity%2F838309904"",""browser"")"	True	False					
http://id.who.int/icd/entity/531059088	http://id.who.int/icd/release/11/mms/531059088	XE3NY		"- - - - - Funicular or monorail as mode of transport of person injured in transport related event"	category	2	False	X	"=hyperlink(""https://icd.who.int/browse11/l-m/en#/http%3A%2F%2Fid.who.int%2Ficd%2Fentity%2F531059088"",""browser"")"	True	False					
http://id.who.int/icd/entity/51594849	http://id.who.int/icd/release/11/mms/51594849	XE27K		"- - - - Watercraft as mode of transport of person injured in transport related event"	category	1	False	X	"=hyperlink(""https://icd.who.int/browse11/l-m/en#/http%3A%2F%2Fid.who.int%2Ficd%2Fentity%2F51594849"",""browser"")"	False	False					
http://id.who.int/icd/entity/965022387	http://id.who.int/icd/release/11/mms/965022387	XE4FF		"- - - - - Submarine as mode of transport of person injured in transport related event"	category	2	False	X	"=hyperlink(""https://icd.who.int/browse11/l-m/en#/http%3A%2F%2Fid.who.int%2Ficd%2Fentity%2F965022387"",""browser"")"	True	False					
http://id.who.int/icd/entity/13726036	http://id.who.int/icd/release/11/mms/13726036	XE3QY		"- - - - - Merchant ship as mode of transport of person injured in transport related event"	category	2	False	X	"=hyperlink(""https://icd.who.int/browse11/l-m/en#/http%3A%2F%2Fid.who.int%2Ficd%2Fentity%2F13726036"",""browser"")"	True	False					
http://id.who.int/icd/entity/967433236	http://id.who.int/icd/release/11/mms/967433236	XE9YQ		"- - - - - Passenger ship as mode of transport of person injured in transport related event"	category	2	False	X	"=hyperlink(""https://icd.who.int/browse11/l-m/en#/http%3A%2F%2Fid.who.int%2Ficd%2Fentity%2F967433236"",""browser"")"	True	False					
http://id.who.int/icd/entity/780253396	http://id.who.int/icd/release/11/mms/780253396	XE9PA		"- - - - - Fishing boat or trawler as mode of transport of person injured in transport related event"	category	2	False	X	"=hyperlink(""https://icd.who.int/browse11/l-m/en#/http%3A%2F%2Fid.who.int%2Ficd%2Fentity%2F780253396"",""browser"")"	True	False					
http://id.who.int/icd/entity/1550901844	http://id.who.int/icd/release/11/mms/1550901844	XE0L4		"- - - - - Sailboat or unpowered yacht as mode of transport of person injured in transport related event"	category	2	False	X	"=hyperlink(""https://icd.who.int/browse11/l-m/en#/http%3A%2F%2Fid.who.int%2Ficd%2Fentity%2F1550901844"",""browser"")"	True	False					
http://id.who.int/icd/entity/1082830183	http://id.who.int/icd/release/11/mms/1082830183	XE4AK		"- - - - - Hovercraft and amphibious vehicles when in or above a body of water as mode of transport of person injured in transport related event"	category	2	False	X	"=hyperlink(""https://icd.who.int/browse11/l-m/en#/http%3A%2F%2Fid.who.int%2Ficd%2Fentity%2F1082830183"",""browser"")"	True	False					
http://id.who.int/icd/entity/1264092820	http://id.who.int/icd/release/11/mms/1264092820	XE5WL		"- - - - - Other specified powered or motorised watercraft as mode of transport of person injured in transport related event"	category	2	False	X	"=hyperlink(""https://icd.who.int/browse11/l-m/en#/http%3A%2F%2Fid.who.int%2Ficd%2Fentity%2F1264092820"",""browser"")"	True	False					
http://id.who.int/icd/entity/1363528812	http://id.who.int/icd/release/11/mms/1363528812	XE36L		"- - - - - Other specified unpowered watercraft as mode of transport of person injured in transport related event"	category	2	False	X	"=hyperlink(""https://icd.who.int/browse11/l-m/en#/http%3A%2F%2Fid.who.int%2Ficd%2Fentity%2F1363528812"",""browser"")"	True	False					
http://id.who.int/icd/entity/980151073	http://id.who.int/icd/release/11/mms/980151073	XE1JR		"- - - - Aircraft as mode of transport of person injured in transport related event"	category	1	False	X	"=hyperlink(""https://icd.who.int/browse11/l-m/en#/http%3A%2F%2Fid.who.int%2Ficd%2Fentity%2F980151073"",""browser"")"	False	False					
http://id.who.int/icd/entity/55596123	http://id.who.int/icd/release/11/mms/55596123	XE3J3		"- - - - - Balloons and other lighter than air devices as mode of transport of person injured in transport related event"	category	2	False	X	"=hyperlink(""https://icd.who.int/browse11/l-m/en#/http%3A%2F%2Fid.who.int%2Ficd%2Fentity%2F55596123"",""browser"")"	True	False					
http://id.who.int/icd/entity/226059092	http://id.who.int/icd/release/11/mms/226059092	XE2UU		"- - - - - Powered aircraft as mode of transport of person injured in transport related event"	category	2	False	X	"=hyperlink(""https://icd.who.int/browse11/l-m/en#/http%3A%2F%2Fid.who.int%2Ficd%2Fentity%2F226059092"",""browser"")"	True	False					
http://id.who.int/icd/entity/872533524	http://id.who.int/icd/release/11/mms/872533524	XE6SQ		"- - - - - Unpowered aircraft as mode of transport of person injured in transport related event"	category	2	False	X	"=hyperlink(""https://icd.who.int/browse11/l-m/en#/http%3A%2F%2Fid.who.int%2Ficd%2Fentity%2F872533524"",""browser"")"	True	False					
http://id.who.int/icd/entity/1373171796	http://id.who.int/icd/release/11/mms/1373171796	XE4VS		"- - - - - Parachute used in descent from damaged aircraft as mode of transport of person injured in transport related event"	category	2	False	X	"=hyperlink(""https://icd.who.int/browse11/l-m/en#/http%3A%2F%2Fid.who.int%2Ficd%2Fentity%2F1373171796"",""browser"")"	True	False					
http://id.who.int/icd/entity/1755340052	http://id.who.int/icd/release/11/mms/1755340052	XE08L		"- - - - - Parachute used in descent from undamaged aircraft as mode of transport of person injured in transport related event"	category	2	False	X	"=hyperlink(""https://icd.who.int/browse11/l-m/en#/http%3A%2F%2Fid.who.int%2Ficd%2Fentity%2F1755340052"",""browser"")"	True	False					
http://id.who.int/icd/entity/1241975307	http://id.who.int/icd/release/11/mms/1241975307	XE33H		"- - - - - Glider as mode of transport of person injured in transport related event"	category	2	False	X	"=hyperlink(""https://icd.who.int/browse11/l-m/en#/http%3A%2F%2Fid.who.int%2Ficd%2Fentity%2F1241975307"",""browser"")"	True	False					
http://id.who.int/icd/entity/1081038327	http://id.who.int/icd/release/11/mms/1081038327	XE48X		"- - - - - Helicopter as mode of transport of person injured in transport related event"	category	2	False	X	"=hyperlink(""https://icd.who.int/browse11/l-m/en#/http%3A%2F%2Fid.who.int%2Ficd%2Fentity%2F1081038327"",""browser"")"	True	False					
http://id.who.int/icd/entity/2003233412	http://id.who.int/icd/release/11/mms/2003233412	XE0VS		"- - - - Spacecraft as mode of transport of person injured in transport related event"	category	1	False	X	"=hyperlink(""https://icd.who.int/browse11/l-m/en#/http%3A%2F%2Fid.who.int%2Ficd%2Fentity%2F2003233412"",""browser"")"	False	False					
http://id.who.int/icd/entity/2036291772	http://id.who.int/icd/release/11/mms/2036291772	XE82G		"- - - - - Devices or parts of devices designed for ascent from and landing on earth or the surface of other bodies as mode of transport of person injured in transport related event"	category	2	False	X	"=hyperlink(""https://icd.who.int/browse11/l-m/en#/http%3A%2F%2Fid.who.int%2Ficd%2Fentity%2F2036291772"",""browser"")"	True	False					
http://id.who.int/icd/entity/1075090949	http://id.who.int/icd/release/11/mms/1075090949			"- - - Vehicle user role of person injured in transport event"	block	3	False	X	"=hyperlink(""https://icd.who.int/browse11/l-m/en#/http%3A%2F%2Fid.who.int%2Ficd%2Fentity%2F1075090949"",""browser"")"	False						
http://id.who.int/icd/entity/1594880101	http://id.who.int/icd/release/11/mms/1594880101	XE42A		"- - - - Vehicle driver injured in transport related event"	category	1	False	X	"=hyperlink(""https://icd.who.int/browse11/l-m/en#/http%3A%2F%2Fid.who.int%2Ficd%2Fentity%2F1594880101"",""browser"")"	False	False					
http://id.who.int/icd/entity/798945120	http://id.who.int/icd/release/11/mms/798945120	XE8ZW		"- - - - - Person driving a motor vehicle injured in transport related event"	category	2	False	X	"=hyperlink(""https://icd.who.int/browse11/l-m/en#/http%3A%2F%2Fid.who.int%2Ficd%2Fentity%2F798945120"",""browser"")"	True	False					
http://id.who.int/icd/entity/198839134	http://id.who.int/icd/release/11/mms/198839134	XE65U		"- - - - - Person riding, operating or controlling a motorcycle or pedal cycle injured in transport related event"	category	2	False	X	"=hyperlink(""https://icd.who.int/browse11/l-m/en#/http%3A%2F%2Fid.who.int%2Ficd%2Fentity%2F198839134"",""browser"")"	True	False					
http://id.who.int/icd/entity/1342340145	http://id.who.int/icd/release/11/mms/1342340145	XE3WH		"- - - - - Person responsible to resume manual control of a vehicle under autonomous or partly autonomous control injured in transport related event"	category	2	False	X	"=hyperlink(""https://icd.who.int/browse11/l-m/en#/http%3A%2F%2Fid.who.int%2Ficd%2Fentity%2F1342340145"",""browser"")"	True	False					
http://id.who.int/icd/entity/1607532205	http://id.who.int/icd/release/11/mms/1607532205	XE8SZ		"- - - - - Person with control of steering and braking in the case of a tandem bicycle or similar vehicle injured in transport related event"	category	2	False	X	"=hyperlink(""https://icd.who.int/browse11/l-m/en#/http%3A%2F%2Fid.who.int%2Ficd%2Fentity%2F1607532205"",""browser"")"	True	False					
http://id.who.int/icd/entity/635433550	http://id.who.int/icd/release/11/mms/635433550	XE302		"- - - - - Person directing or attempting to direct an animal injured in transport related event"	category	2	False	X	"=hyperlink(""https://icd.who.int/browse11/l-m/en#/http%3A%2F%2Fid.who.int%2Ficd%2Fentity%2F635433550"",""browser"")"	True	False					
http://id.who.int/icd/entity/1210553509	http://id.who.int/icd/release/11/mms/1210553509	XE1LZ		"- - - - Vehicle passenger injured in transport related event"	category	1	False	X	"=hyperlink(""https://icd.who.int/browse11/l-m/en#/http%3A%2F%2Fid.who.int%2Ficd%2Fentity%2F1210553509"",""browser"")"	False	False					
http://id.who.int/icd/entity/61760357	http://id.who.int/icd/release/11/mms/61760357	XE5X3		"- - - - - Vehicle occupant not otherwise specified"	category	2	False	X	"=hyperlink(""https://icd.who.int/browse11/l-m/en#/http%3A%2F%2Fid.who.int%2Ficd%2Fentity%2F61760357"",""browser"")"	True	False					
http://id.who.int/icd/entity/447769028	http://id.who.int/icd/release/11/mms/447769028	XE3FA		"- - - - - Occupant of position provided for patient in an ambulance"	category	2	False	X	"=hyperlink(""https://icd.who.int/browse11/l-m/en#/http%3A%2F%2Fid.who.int%2Ficd%2Fentity%2F447769028"",""browser"")"	True	False					
http://id.who.int/icd/entity/343955608	http://id.who.int/icd/release/11/mms/343955608	XE9FE		"- - - - - Occupants of wheelchair or mobility scooter located in a position in a motor vehicle provided for carrying such devices"	category	2	False	X	"=hyperlink(""https://icd.who.int/browse11/l-m/en#/http%3A%2F%2Fid.who.int%2Ficd%2Fentity%2F343955608"",""browser"")"	True	False					
http://id.who.int/icd/entity/1331179515	http://id.who.int/icd/release/11/mms/1331179515	XE9CP		"- - - - - Occupants of area in a bus provided for standing"	category	2	False	X	"=hyperlink(""https://icd.who.int/browse11/l-m/en#/http%3A%2F%2Fid.who.int%2Ficd%2Fentity%2F1331179515"",""browser"")"	True	False					
http://id.who.int/icd/entity/771664613	http://id.who.int/icd/release/11/mms/771664613	XE9Y1		"- - - - Person boarding or alighting a vehicle injured in transport related event"	category	1	False	X	"=hyperlink(""https://icd.who.int/browse11/l-m/en#/http%3A%2F%2Fid.who.int%2Ficd%2Fentity%2F771664613"",""browser"")"	False	False					
http://id.who.int/icd/entity/962066205	http://id.who.int/icd/release/11/mms/962066205	XE76V		"- - - - - Person getting into or out of a vehicle injured in transport related event"	category	2	False	X	"=hyperlink(""https://icd.who.int/browse11/l-m/en#/http%3A%2F%2Fid.who.int%2Ficd%2Fentity%2F962066205"",""browser"")"	True	False					
http://id.who.int/icd/entity/1129905148	http://id.who.int/icd/release/11/mms/1129905148	XE6LC		"- - - - - Person boarding or alighting from a bus, tram, streetcar or railway vehicle injured in transport related event"	category	2	False	X	"=hyperlink(""https://icd.who.int/browse11/l-m/en#/http%3A%2F%2Fid.who.int%2Ficd%2Fentity%2F1129905148"",""browser"")"	True	False					
http://id.who.int/icd/entity/987156005	http://id.who.int/icd/release/11/mms/987156005	XE166		"- - - - Person on outside of vehicle or in load space injured in transport related event"	category	1	False	X	"=hyperlink(""https://icd.who.int/browse11/l-m/en#/http%3A%2F%2Fid.who.int%2Ficd%2Fentity%2F987156005"",""browser"")"	False	False					
http://id.who.int/icd/entity/1136460652	http://id.who.int/icd/release/11/mms/1136460652	XE7FA		"- - - - - Person being transported by a vehicle and occupying space intended for the transport of goods or cargo injured in transport related event"	category	2	False	X	"=hyperlink(""https://icd.who.int/browse11/l-m/en#/http%3A%2F%2Fid.who.int%2Ficd%2Fentity%2F1136460652"",""browser"")"	True	False					
http://id.who.int/icd/entity/213240825	http://id.who.int/icd/release/11/mms/213240825	XE4CZ		"- - - - - Person being transported by a vehicle and occupying space on the roof injured in transport related event"	category	2	False	X	"=hyperlink(""https://icd.who.int/browse11/l-m/en#/http%3A%2F%2Fid.who.int%2Ficd%2Fentity%2F213240825"",""browser"")"	True	False					
http://id.who.int/icd/entity/686895099	http://id.who.int/icd/release/11/mms/686895099	XE9X1		"- - - - - Person being transported by a vehicle and occupying space on a running board injured in transport related event"	category	2	False	X	"=hyperlink(""https://icd.who.int/browse11/l-m/en#/http%3A%2F%2Fid.who.int%2Ficd%2Fentity%2F686895099"",""browser"")"	True	False					
http://id.who.int/icd/entity/1932089494	http://id.who.int/icd/release/11/mms/1932089494	XE7PL		"- - - - - Person being transported by a vehicle and occupying space outside the cabin holding onto the vehicle injured in transport related event"	category	2	False	X	"=hyperlink(""https://icd.who.int/browse11/l-m/en#/http%3A%2F%2Fid.who.int%2Ficd%2Fentity%2F1932089494"",""browser"")"	True	False					
http://id.who.int/icd/entity/428328911	http://id.who.int/icd/release/11/mms/428328911	XE6R5		"- - - - Rider of an animal injured in transport event"	category	1	False	X	"=hyperlink(""https://icd.who.int/browse11/l-m/en#/http%3A%2F%2Fid.who.int%2Ficd%2Fentity%2F428328911"",""browser"")"	True	False					
http://id.who.int/icd/entity/1463612101	http://id.who.int/icd/release/11/mms/1463612101			"- - - Counterpart in land transport crash"	block	3	False	X	"=hyperlink(""https://icd.who.int/browse11/l-m/en#/http%3A%2F%2Fid.who.int%2Ficd%2Fentity%2F1463612101"",""browser"")"	False						
http://id.who.int/icd/entity/2123695182	http://id.who.int/icd/release/11/mms/2123695182	XE6K0		"- - - - Pedestrian as counterpart in land transport crash"	category	1	False	X	"=hyperlink(""https://icd.who.int/browse11/l-m/en#/http%3A%2F%2Fid.who.int%2Ficd%2Fentity%2F2123695182"",""browser"")"	False	False					
http://id.who.int/icd/entity/83700437	http://id.who.int/icd/release/11/mms/83700437	XE57K		"- - - - - Person on foot as counterpart in land transport crash"	category	2	False	X	"=hyperlink(""https://icd.who.int/browse11/l-m/en#/http%3A%2F%2Fid.who.int%2Ficd%2Fentity%2F83700437"",""browser"")"	True	False					
http://id.who.int/icd/entity/1032161173	http://id.who.int/icd/release/11/mms/1032161173	XE2ZK		"- - - - - Person using a pedestrian conveyance as counterpart in land transport crash"	category	2	False	X	"=hyperlink(""https://icd.who.int/browse11/l-m/en#/http%3A%2F%2Fid.who.int%2Ficd%2Fentity%2F1032161173"",""browser"")"	True	False					
http://id.who.int/icd/entity/1590845204	http://id.who.int/icd/release/11/mms/1590845204	XE3NU		"- - - - Pedestrian conveyance as counterpart in land transport crash"	category	1	False	X	"=hyperlink(""https://icd.who.int/browse11/l-m/en#/http%3A%2F%2Fid.who.int%2Ficd%2Fentity%2F1590845204"",""browser"")"	False	False					
http://id.who.int/icd/entity/152036091	http://id.who.int/icd/release/11/mms/152036091	XE93R		"- - - - - Mobility scooter as counterpart in land transport crash"	category	2	False	X	"=hyperlink(""https://icd.who.int/browse11/l-m/en#/http%3A%2F%2Fid.who.int%2Ficd%2Fentity%2F152036091"",""browser"")"	True	False					
http://id.who.int/icd/entity/478773497	http://id.who.int/icd/release/11/mms/478773497	XE3XF		"- - - - - Wheelchair as counterpart in land transport crash"	category	2	False	X	"=hyperlink(""https://icd.who.int/browse11/l-m/en#/http%3A%2F%2Fid.who.int%2Ficd%2Fentity%2F478773497"",""browser"")"	True	False					
http://id.who.int/icd/entity/1400981612	http://id.who.int/icd/release/11/mms/1400981612	XE1TJ		"- - - - - Ice skates as counterpart in land transport crash"	category	2	False	X	"=hyperlink(""https://icd.who.int/browse11/l-m/en#/http%3A%2F%2Fid.who.int%2Ficd%2Fentity%2F1400981612"",""browser"")"	True	False					
http://id.who.int/icd/entity/1508448144	http://id.who.int/icd/release/11/mms/1508448144	XE5XW		"- - - - - Skis as counterpart in land transport crash"	category	2	False	X	"=hyperlink(""https://icd.who.int/browse11/l-m/en#/http%3A%2F%2Fid.who.int%2Ficd%2Fentity%2F1508448144"",""browser"")"	True	False					
http://id.who.int/icd/entity/383901445	http://id.who.int/icd/release/11/mms/383901445	XE4NZ		"- - - - - Snowboard as counterpart in land transport crash"	category	2	False	X	"=hyperlink(""https://icd.who.int/browse11/l-m/en#/http%3A%2F%2Fid.who.int%2Ficd%2Fentity%2F383901445"",""browser"")"	True	False					
http://id.who.int/icd/entity/849689351	http://id.who.int/icd/release/11/mms/849689351	XE5D9		"- - - - - Sled as counterpart in land transport crash"	category	2	False	X	"=hyperlink(""https://icd.who.int/browse11/l-m/en#/http%3A%2F%2Fid.who.int%2Ficd%2Fentity%2F849689351"",""browser"")"	True	False					
http://id.who.int/icd/entity/1769819242	http://id.who.int/icd/release/11/mms/1769819242	XE5H4		"- - - - - Skateboard as counterpart in land transport crash"	category	2	False	X	"=hyperlink(""https://icd.who.int/browse11/l-m/en#/http%3A%2F%2Fid.who.int%2Ficd%2Fentity%2F1769819242"",""browser"")"	True	False					
http://id.who.int/icd/entity/1722797816	http://id.who.int/icd/release/11/mms/1722797816	XE9J0		"- - - - - Roller skates as counterpart in land transport crash"	category	2	False	X	"=hyperlink(""https://icd.who.int/browse11/l-m/en#/http%3A%2F%2Fid.who.int%2Ficd%2Fentity%2F1722797816"",""browser"")"	True	False					
http://id.who.int/icd/entity/480297495	http://id.who.int/icd/release/11/mms/480297495	XE28X		"- - - - - Scooter as counterpart in land transport crash"	category	2	False	X	"=hyperlink(""https://icd.who.int/browse11/l-m/en#/http%3A%2F%2Fid.who.int%2Ficd%2Fentity%2F480297495"",""browser"")"	True	False					
http://id.who.int/icd/entity/600791455	http://id.who.int/icd/release/11/mms/600791455	XE5SX		"- - - - - Baby carriage as counterpart in land transport crash"	category	2	False	X	"=hyperlink(""https://icd.who.int/browse11/l-m/en#/http%3A%2F%2Fid.who.int%2Ficd%2Fentity%2F600791455"",""browser"")"	False	False					
http://id.who.int/icd/entity/771713229	http://id.who.int/icd/release/11/mms/771713229	XE1ZX		"- - - - - - Perambulator as counterpart in land transport crash"	category	3	False	X	"=hyperlink(""https://icd.who.int/browse11/l-m/en#/http%3A%2F%2Fid.who.int%2Ficd%2Fentity%2F771713229"",""browser"")"	True	False					
http://id.who.int/icd/entity/1982275488	http://id.who.int/icd/release/11/mms/1982275488	XE168		"- - - - - Push chair as counterpart in land transport crash"	category	2	False	X	"=hyperlink(""https://icd.who.int/browse11/l-m/en#/http%3A%2F%2Fid.who.int%2Ficd%2Fentity%2F1982275488"",""browser"")"	True	False					
http://id.who.int/icd/entity/1832251384	http://id.who.int/icd/release/11/mms/1832251384	XE2JL		"- - - - - Stroller as counterpart in land transport crash"	category	2	False	X	"=hyperlink(""https://icd.who.int/browse11/l-m/en#/http%3A%2F%2Fid.who.int%2Ficd%2Fentity%2F1832251384"",""browser"")"	True	False					
http://id.who.int/icd/entity/1206757646	http://id.who.int/icd/release/11/mms/1206757646	XE7ZZ		"- - - - Pedal cycle as counterpart in land transport crash"	category	1	False	X	"=hyperlink(""https://icd.who.int/browse11/l-m/en#/http%3A%2F%2Fid.who.int%2Ficd%2Fentity%2F1206757646"",""browser"")"	False	False					
http://id.who.int/icd/entity/264915300	http://id.who.int/icd/release/11/mms/264915300	XE5GG		"- - - - - Trailer or sidecar attached to a pedal cycle as counterpart in land transport crash"	category	2	False	X	"=hyperlink(""https://icd.who.int/browse11/l-m/en#/http%3A%2F%2Fid.who.int%2Ficd%2Fentity%2F264915300"",""browser"")"	True	False					
http://id.who.int/icd/entity/816173806	http://id.who.int/icd/release/11/mms/816173806	XE2PY		"- - - - - Cycle rickshaw or tri-shaw as counterpart in land transport crash"	category	2	False	X	"=hyperlink(""https://icd.who.int/browse11/l-m/en#/http%3A%2F%2Fid.who.int%2Ficd%2Fentity%2F816173806"",""browser"")"	True	False					
http://id.who.int/icd/entity/891089806	http://id.who.int/icd/release/11/mms/891089806	XE8XQ		"- - - - Motorcycle as counterpart in land transport crash"	category	1	False	X	"=hyperlink(""https://icd.who.int/browse11/l-m/en#/http%3A%2F%2Fid.who.int%2Ficd%2Fentity%2F891089806"",""browser"")"	False	False					
http://id.who.int/icd/entity/915137890	http://id.who.int/icd/release/11/mms/915137890	XE1SA		"- - - - - Motorised bicycle as counterpart in land transport crash"	category	2	False	X	"=hyperlink(""https://icd.who.int/browse11/l-m/en#/http%3A%2F%2Fid.who.int%2Ficd%2Fentity%2F915137890"",""browser"")"	True	False					
http://id.who.int/icd/entity/1252711949	http://id.who.int/icd/release/11/mms/1252711949	XE0V4		"- - - - - Moped as counterpart in land transport crash"	category	2	False	X	"=hyperlink(""https://icd.who.int/browse11/l-m/en#/http%3A%2F%2Fid.who.int%2Ficd%2Fentity%2F1252711949"",""browser"")"	True	False					
http://id.who.int/icd/entity/1794382913	http://id.who.int/icd/release/11/mms/1794382913	XE4C1		"- - - - - Underbone motorcycle as counterpart in land transport crash"	category	2	False	X	"=hyperlink(""https://icd.who.int/browse11/l-m/en#/http%3A%2F%2Fid.who.int%2Ficd%2Fentity%2F1794382913"",""browser"")"	True	False					
http://id.who.int/icd/entity/1320220739	http://id.who.int/icd/release/11/mms/1320220739	XE9FR		"- - - - - Motor scooter as counterpart in land transport crash"	category	2	False	X	"=hyperlink(""https://icd.who.int/browse11/l-m/en#/http%3A%2F%2Fid.who.int%2Ficd%2Fentity%2F1320220739"",""browser"")"	True	False					
http://id.who.int/icd/entity/988073984	http://id.who.int/icd/release/11/mms/988073984	XE59J		"- - - - - Ag-bike as counterpart in land transport crash"	category	2	False	X	"=hyperlink(""https://icd.who.int/browse11/l-m/en#/http%3A%2F%2Fid.who.int%2Ficd%2Fentity%2F988073984"",""browser"")"	True	False					
http://id.who.int/icd/entity/899576709	http://id.who.int/icd/release/11/mms/899576709	XE0JH		"- - - - Car as counterpart in land transport crash"	category	1	False	X	"=hyperlink(""https://icd.who.int/browse11/l-m/en#/http%3A%2F%2Fid.who.int%2Ficd%2Fentity%2F899576709"",""browser"")"	False	False					
http://id.who.int/icd/entity/1060804103	http://id.who.int/icd/release/11/mms/1060804103	XE0LP		"- - - - - Motorcar as counterpart in land transport crash"	category	2	False	X	"=hyperlink(""https://icd.who.int/browse11/l-m/en#/http%3A%2F%2Fid.who.int%2Ficd%2Fentity%2F1060804103"",""browser"")"	True	False					
http://id.who.int/icd/entity/548175795	http://id.who.int/icd/release/11/mms/548175795	XE0HH		"- - - - - Station wagon as counterpart in land transport crash"	category	2	False	X	"=hyperlink(""https://icd.who.int/browse11/l-m/en#/http%3A%2F%2Fid.who.int%2Ficd%2Fentity%2F548175795"",""browser"")"	False	False					
http://id.who.int/icd/entity/1978402667	http://id.who.int/icd/release/11/mms/1978402667	XE0ZR		"- - - - - - Microcar as counterpart in land transport crash"	category	3	False	X	"=hyperlink(""https://icd.who.int/browse11/l-m/en#/http%3A%2F%2Fid.who.int%2Ficd%2Fentity%2F1978402667"",""browser"")"	True	False					
http://id.who.int/icd/entity/599895565	http://id.who.int/icd/release/11/mms/599895565	XE0T7		"- - - - - Minivan as counterpart in land transport crash"	category	2	False	X	"=hyperlink(""https://icd.who.int/browse11/l-m/en#/http%3A%2F%2Fid.who.int%2Ficd%2Fentity%2F599895565"",""browser"")"	True	False					
http://id.who.int/icd/entity/1093730051	http://id.who.int/icd/release/11/mms/1093730051	XE38X		"- - - - - 4x4 as counterpart in land transport crash"	category	2	False	X	"=hyperlink(""https://icd.who.int/browse11/l-m/en#/http%3A%2F%2Fid.who.int%2Ficd%2Fentity%2F1093730051"",""browser"")"	True	False					
http://id.who.int/icd/entity/1634614607	http://id.who.int/icd/release/11/mms/1634614607	XE6G7		"- - - - - Sport utility vehicle as counterpart in land transport crash"	category	2	False	X	"=hyperlink(""https://icd.who.int/browse11/l-m/en#/http%3A%2F%2Fid.who.int%2Ficd%2Fentity%2F1634614607"",""browser"")"	True	False					
http://id.who.int/icd/entity/994325712	http://id.who.int/icd/release/11/mms/994325712	XE3BW		"- - - - - Jeep as counterpart in land transport crash"	category	2	False	X	"=hyperlink(""https://icd.who.int/browse11/l-m/en#/http%3A%2F%2Fid.who.int%2Ficd%2Fentity%2F994325712"",""browser"")"	True	False					
http://id.who.int/icd/entity/992212838	http://id.who.int/icd/release/11/mms/992212838	XE5LJ		"- - - - Bus or coach as counterpart in land transport crash"	category	1	False	X	"=hyperlink(""https://icd.who.int/browse11/l-m/en#/http%3A%2F%2Fid.who.int%2Ficd%2Fentity%2F992212838"",""browser"")"	True	False					
http://id.who.int/icd/entity/457980430	http://id.who.int/icd/release/11/mms/457980430	XE6UN		"- - - - Light goods vehicle as counterpart in land transport crash"	category	1	False	X	"=hyperlink(""https://icd.who.int/browse11/l-m/en#/http%3A%2F%2Fid.who.int%2Ficd%2Fentity%2F457980430"",""browser"")"	False	False					
http://id.who.int/icd/entity/448332621	http://id.who.int/icd/release/11/mms/448332621	XE0ZL		"- - - - - Minibus or passenger van as counterpart in land transport crash"	category	2	False	X	"=hyperlink(""https://icd.who.int/browse11/l-m/en#/http%3A%2F%2Fid.who.int%2Ficd%2Fentity%2F448332621"",""browser"")"	True	False					
http://id.who.int/icd/entity/227633037	http://id.who.int/icd/release/11/mms/227633037	XE4DB		"- - - - - Pick-up truck, goods or work van, ambulance or motor home as counterpart in land transport crash"	category	2	False	X	"=hyperlink(""https://icd.who.int/browse11/l-m/en#/http%3A%2F%2Fid.who.int%2Ficd%2Fentity%2F227633037"",""browser"")"	True	False					
http://id.who.int/icd/entity/1749572045	http://id.who.int/icd/release/11/mms/1749572045	XE0MB		"- - - - - Light transport vehicle with four or more wheels used in sport and leisure activities as counterpart in land transport crash"	category	2	False	X	"=hyperlink(""https://icd.who.int/browse11/l-m/en#/http%3A%2F%2Fid.who.int%2Ficd%2Fentity%2F1749572045"",""browser"")"	True	False					
http://id.who.int/icd/entity/207904462	http://id.who.int/icd/release/11/mms/207904462	XE854		"- - - - Heavy goods vehicle as counterpart in land transport crash"	category	1	False	X	"=hyperlink(""https://icd.who.int/browse11/l-m/en#/http%3A%2F%2Fid.who.int%2Ficd%2Fentity%2F207904462"",""browser"")"	False	False					
http://id.who.int/icd/entity/39541286	http://id.who.int/icd/release/11/mms/39541286	XE590		"- - - - - Trucks, lorries, and other heavy goods vehicles as counterpart in land transport crash"	category	2	False	X	"=hyperlink(""https://icd.who.int/browse11/l-m/en#/http%3A%2F%2Fid.who.int%2Ficd%2Fentity%2F39541286"",""browser"")"	True	False					
http://id.who.int/icd/entity/93017206	http://id.who.int/icd/release/11/mms/93017206	XE4Q6		"- - - - - Truck with trailer as counterpart in land transport crash"	category	2	False	X	"=hyperlink(""https://icd.who.int/browse11/l-m/en#/http%3A%2F%2Fid.who.int%2Ficd%2Fentity%2F93017206"",""browser"")"	True	False					
http://id.who.int/icd/entity/282219088	http://id.who.int/icd/release/11/mms/282219088	XE45E		"- - - - - Road tractor with or without semi-trailer as counterpart in land transport crash"	category	2	False	X	"=hyperlink(""https://icd.who.int/browse11/l-m/en#/http%3A%2F%2Fid.who.int%2Ficd%2Fentity%2F282219088"",""browser"")"	True	False					
http://id.who.int/icd/entity/483558985	http://id.who.int/icd/release/11/mms/483558985	XE3M3		"- - - - - Fire brigade pump vehicle as counterpart in land transport crash"	category	2	False	X	"=hyperlink(""https://icd.who.int/browse11/l-m/en#/http%3A%2F%2Fid.who.int%2Ficd%2Fentity%2F483558985"",""browser"")"	True	False					
http://id.who.int/icd/entity/549237391	http://id.who.int/icd/release/11/mms/549237391	XE8UX		"- - - - Streetcar or tram as counterpart in land transport crash"	category	1	False	X	"=hyperlink(""https://icd.who.int/browse11/l-m/en#/http%3A%2F%2Fid.who.int%2Ficd%2Fentity%2F549237391"",""browser"")"	True	False					
http://id.who.int/icd/entity/573871950	http://id.who.int/icd/release/11/mms/573871950	XE90S		"- - - - Low powered passenger vehicle as counterpart in land transport crash"	category	1	False	X	"=hyperlink(""https://icd.who.int/browse11/l-m/en#/http%3A%2F%2Fid.who.int%2Ficd%2Fentity%2F573871950"",""browser"")"	False	False					
http://id.who.int/icd/entity/316847899	http://id.who.int/icd/release/11/mms/316847899	XE9VV		"- - - - - Tuk-tuk as counterpart in land transport crash"	category	2	False	X	"=hyperlink(""https://icd.who.int/browse11/l-m/en#/http%3A%2F%2Fid.who.int%2Ficd%2Fentity%2F316847899"",""browser"")"	True	False					
http://id.who.int/icd/entity/1443600818	http://id.who.int/icd/release/11/mms/1443600818	XE9ML		"- - - - - Mototaxi as counterpart in land transport crash"	category	2	False	X	"=hyperlink(""https://icd.who.int/browse11/l-m/en#/http%3A%2F%2Fid.who.int%2Ficd%2Fentity%2F1443600818"",""browser"")"	True	False					
http://id.who.int/icd/entity/419647783	http://id.who.int/icd/release/11/mms/419647783	XE73V		"- - - - - Auto rickshaw three-wheeler as counterpart in land transport crash"	category	2	False	X	"=hyperlink(""https://icd.who.int/browse11/l-m/en#/http%3A%2F%2Fid.who.int%2Ficd%2Fentity%2F419647783"",""browser"")"	True	False					
http://id.who.int/icd/entity/419014753	http://id.who.int/icd/release/11/mms/419014753	XE9HB		"- - - - Special vehicle mainly used in agriculture as counterpart in land transport crash"	category	1	False	X	"=hyperlink(""https://icd.who.int/browse11/l-m/en#/http%3A%2F%2Fid.who.int%2Ficd%2Fentity%2F419014753"",""browser"")"	False	False					
http://id.who.int/icd/entity/207247135	http://id.who.int/icd/release/11/mms/207247135	XE9HZ		"- - - - - Self-propelled agricultural machine as counterpart in land transport crash"	category	2	False	X	"=hyperlink(""https://icd.who.int/browse11/l-m/en#/http%3A%2F%2Fid.who.int%2Ficd%2Fentity%2F207247135"",""browser"")"	True	False					
http://id.who.int/icd/entity/59299203	http://id.who.int/icd/release/11/mms/59299203	XE6W7		"- - - - - Harvester as counterpart in land transport crash"	category	2	False	X	"=hyperlink(""https://icd.who.int/browse11/l-m/en#/http%3A%2F%2Fid.who.int%2Ficd%2Fentity%2F59299203"",""browser"")"	True	False					
http://id.who.int/icd/entity/667693441	http://id.who.int/icd/release/11/mms/667693441	XE9GD		"- - - - - Agricultural tractor as counterpart in land transport crash"	category	2	False	X	"=hyperlink(""https://icd.who.int/browse11/l-m/en#/http%3A%2F%2Fid.who.int%2Ficd%2Fentity%2F667693441"",""browser"")"	True	False					
http://id.who.int/icd/entity/1475436790	http://id.who.int/icd/release/11/mms/1475436790	XE9DQ		"- - - - Special vehicle mainly used on industrial premises as counterpart in land transport crash"	category	1	False	X	"=hyperlink(""https://icd.who.int/browse11/l-m/en#/http%3A%2F%2Fid.who.int%2Ficd%2Fentity%2F1475436790"",""browser"")"	False	False					
http://id.who.int/icd/entity/912976231	http://id.who.int/icd/release/11/mms/912976231	XE1U3		"- - - - - Fork lift truck as counterpart in land transport crash"	category	2	False	X	"=hyperlink(""https://icd.who.int/browse11/l-m/en#/http%3A%2F%2Fid.who.int%2Ficd%2Fentity%2F912976231"",""browser"")"	True	False					
http://id.who.int/icd/entity/1570324234	http://id.who.int/icd/release/11/mms/1570324234	XE1YW		"- - - - Special construction vehicle as counterpart in land transport crash"	category	1	False	X	"=hyperlink(""https://icd.who.int/browse11/l-m/en#/http%3A%2F%2Fid.who.int%2Ficd%2Fentity%2F1570324234"",""browser"")"	True	False					
http://id.who.int/icd/entity/311555997	http://id.who.int/icd/release/11/mms/311555997	XE23Q		"- - - - Special all-terrain vehicle as counterpart in land transport crash"	category	1	False	X	"=hyperlink(""https://icd.who.int/browse11/l-m/en#/http%3A%2F%2Fid.who.int%2Ficd%2Fentity%2F311555997"",""browser"")"	False	False					
http://id.who.int/icd/entity/2036474356	http://id.who.int/icd/release/11/mms/2036474356	XE60L		"- - - - - Snowmobile as counterpart in land transport crash"	category	2	False	X	"=hyperlink(""https://icd.who.int/browse11/l-m/en#/http%3A%2F%2Fid.who.int%2Ficd%2Fentity%2F2036474356"",""browser"")"	True	False					
http://id.who.int/icd/entity/1562822130	http://id.who.int/icd/release/11/mms/1562822130	XE28S		"- - - - - Hovercraft operating on land or swamp as counterpart in land transport crash"	category	2	False	X	"=hyperlink(""https://icd.who.int/browse11/l-m/en#/http%3A%2F%2Fid.who.int%2Ficd%2Fentity%2F1562822130"",""browser"")"	True	False					
http://id.who.int/icd/entity/117355165	http://id.who.int/icd/release/11/mms/117355165	XE8AH		"- - - - - Amphibious vehicle on land as counterpart in land transport crash"	category	2	False	X	"=hyperlink(""https://icd.who.int/browse11/l-m/en#/http%3A%2F%2Fid.who.int%2Ficd%2Fentity%2F117355165"",""browser"")"	True	False					
http://id.who.int/icd/entity/1512509912	http://id.who.int/icd/release/11/mms/1512509912	XE9KN		"- - - - - Quad bike as counterpart in land transport crash"	category	2	False	X	"=hyperlink(""https://icd.who.int/browse11/l-m/en#/http%3A%2F%2Fid.who.int%2Ficd%2Fentity%2F1512509912"",""browser"")"	True	False					
http://id.who.int/icd/entity/1274104731	http://id.who.int/icd/release/11/mms/1274104731	XE6QK		"- - - - Animal as counterpart in land transport crash"	category	1	False	X	"=hyperlink(""https://icd.who.int/browse11/l-m/en#/http%3A%2F%2Fid.who.int%2Ficd%2Fentity%2F1274104731"",""browser"")"	False	False					
http://id.who.int/icd/entity/174240752	http://id.who.int/icd/release/11/mms/174240752	XE7A0		"- - - - - Unattended animal as counterpart in land transport crash"	category	2	False	X	"=hyperlink(""https://icd.who.int/browse11/l-m/en#/http%3A%2F%2Fid.who.int%2Ficd%2Fentity%2F174240752"",""browser"")"	True	False					
http://id.who.int/icd/entity/857349808	http://id.who.int/icd/release/11/mms/857349808	XE22V		"- - - - - Animal being herded as counterpart in land transport crash"	category	2	False	X	"=hyperlink(""https://icd.who.int/browse11/l-m/en#/http%3A%2F%2Fid.who.int%2Ficd%2Fentity%2F857349808"",""browser"")"	True	False					
http://id.who.int/icd/entity/684707068	http://id.who.int/icd/release/11/mms/684707068	XE756		"- - - - - Animal being ridden as counterpart in land transport crash"	category	2	False	X	"=hyperlink(""https://icd.who.int/browse11/l-m/en#/http%3A%2F%2Fid.who.int%2Ficd%2Fentity%2F684707068"",""browser"")"	True	False					
http://id.who.int/icd/entity/1355140558	http://id.who.int/icd/release/11/mms/1355140558	XE6X8		"- - - - Animal drawn vehicle as counterpart in land transport crash"	category	1	False	X	"=hyperlink(""https://icd.who.int/browse11/l-m/en#/http%3A%2F%2Fid.who.int%2Ficd%2Fentity%2F1355140558"",""browser"")"	True	False					
http://id.who.int/icd/entity/788642162	http://id.who.int/icd/release/11/mms/788642162	XE6DQ		"- - - - Railway vehicle as counterpart in land transport crash"	category	1	False	X	"=hyperlink(""https://icd.who.int/browse11/l-m/en#/http%3A%2F%2Fid.who.int%2Ficd%2Fentity%2F788642162"",""browser"")"	False	False					
http://id.who.int/icd/entity/1228299776	http://id.who.int/icd/release/11/mms/1228299776	XE320		"- - - - - Railway train as counterpart in land transport crash"	category	2	False	X	"=hyperlink(""https://icd.who.int/browse11/l-m/en#/http%3A%2F%2Fid.who.int%2Ficd%2Fentity%2F1228299776"",""browser"")"	True	False					
http://id.who.int/icd/entity/1734776704	http://id.who.int/icd/release/11/mms/1734776704	XE1W8		"- - - - - Funicular or monorail as counterpart in land transport crash"	category	2	False	X	"=hyperlink(""https://icd.who.int/browse11/l-m/en#/http%3A%2F%2Fid.who.int%2Ficd%2Fentity%2F1734776704"",""browser"")"	True	False					
http://id.who.int/icd/entity/774403547	http://id.who.int/icd/release/11/mms/774403547	XE98X		"- - - - Fixed or stationary object as counterpart in land transport crash"	category	1	False	X	"=hyperlink(""https://icd.who.int/browse11/l-m/en#/http%3A%2F%2Fid.who.int%2Ficd%2Fentity%2F774403547"",""browser"")"	False	False					
http://id.who.int/icd/entity/761149226	http://id.who.int/icd/release/11/mms/761149226	XE3KY		"- - - - - Vehicle parked at the side of a road or in a parking lot as counterpart in land transport crash"	category	2	False	X	"=hyperlink(""https://icd.who.int/browse11/l-m/en#/http%3A%2F%2Fid.who.int%2Ficd%2Fentity%2F761149226"",""browser"")"	True	False					
http://id.who.int/icd/entity/338074218	http://id.who.int/icd/release/11/mms/338074218	XE1RC		"- - - - - Small loose object as counterpart in land transport crash"	category	2	False	X	"=hyperlink(""https://icd.who.int/browse11/l-m/en#/http%3A%2F%2Fid.who.int%2Ficd%2Fentity%2F338074218"",""browser"")"	True	False					
http://id.who.int/icd/entity/51314346	http://id.who.int/icd/release/11/mms/51314346	XE9KG		"- - - - - Small or light fixed object as counterpart in land transport crash"	category	2	False	X	"=hyperlink(""https://icd.who.int/browse11/l-m/en#/http%3A%2F%2Fid.who.int%2Ficd%2Fentity%2F51314346"",""browser"")"	True	False					
http://id.who.int/icd/entity/1725415658	http://id.who.int/icd/release/11/mms/1725415658	XE43C		"- - - - - Large or heavy fixed object as counterpart in land transport crash"	category	2	False	X	"=hyperlink(""https://icd.who.int/browse11/l-m/en#/http%3A%2F%2Fid.who.int%2Ficd%2Fentity%2F1725415658"",""browser"")"	True	False					
http://id.who.int/icd/entity/594925588	http://id.who.int/icd/release/11/mms/594925588			"- - - Other mechanisms of transport injury without counterpart"	block	3	False	X	"=hyperlink(""https://icd.who.int/browse11/l-m/en#/http%3A%2F%2Fid.who.int%2Ficd%2Fentity%2F594925588"",""browser"")"	False						
http://id.who.int/icd/entity/730835390	http://id.who.int/icd/release/11/mms/730835390	XE0JJ		"- - - - Fall in mode of transport without counterpart"	category	1	False	X	"=hyperlink(""https://icd.who.int/browse11/l-m/en#/http%3A%2F%2Fid.who.int%2Ficd%2Fentity%2F730835390"",""browser"")"	True	False					
http://id.who.int/icd/entity/1557737307	http://id.who.int/icd/release/11/mms/1557737307	XE3M5		"- - - - Fall from mode of transport without counterpart"	category	1	False	X	"=hyperlink(""https://icd.who.int/browse11/l-m/en#/http%3A%2F%2Fid.who.int%2Ficd%2Fentity%2F1557737307"",""browser"")"	False	False					
http://id.who.int/icd/entity/805796895	http://id.who.int/icd/release/11/mms/805796895	XE64P		"- - - - - Fall from horse without counterpart"	category	2	False	X	"=hyperlink(""https://icd.who.int/browse11/l-m/en#/http%3A%2F%2Fid.who.int%2Ficd%2Fentity%2F805796895"",""browser"")"	True	False					
http://id.who.int/icd/entity/2131735692	http://id.who.int/icd/release/11/mms/2131735692	XE20L		"- - - - - Fall from motor vehicle without counterpart"	category	2	False	X	"=hyperlink(""https://icd.who.int/browse11/l-m/en#/http%3A%2F%2Fid.who.int%2Ficd%2Fentity%2F2131735692"",""browser"")"	True	False					
http://id.who.int/icd/entity/1531662474	http://id.who.int/icd/release/11/mms/1531662474	XE7JA		"- - - - - Fall from motorcycle without counterpart"	category	2	False	X	"=hyperlink(""https://icd.who.int/browse11/l-m/en#/http%3A%2F%2Fid.who.int%2Ficd%2Fentity%2F1531662474"",""browser"")"	True	False					
http://id.who.int/icd/entity/9644005	http://id.who.int/icd/release/11/mms/9644005	XE2K7		"- - - - - Fall from pedal cycle without counterpart"	category	2	False	X	"=hyperlink(""https://icd.who.int/browse11/l-m/en#/http%3A%2F%2Fid.who.int%2Ficd%2Fentity%2F9644005"",""browser"")"	True	False					
http://id.who.int/icd/entity/255960441	http://id.who.int/icd/release/11/mms/255960441	XE929		"- - - - - Fall from pedestrian conveyance without counterpart"	category	2	False	X	"=hyperlink(""https://icd.who.int/browse11/l-m/en#/http%3A%2F%2Fid.who.int%2Ficd%2Fentity%2F255960441"",""browser"")"	True	False					
http://id.who.int/icd/entity/2082390565	http://id.who.int/icd/release/11/mms/2082390565	XE5XB		"- - - - Other specified mechanism with no counterpart"	category	1	False	X	"=hyperlink(""https://icd.who.int/browse11/l-m/en#/http%3A%2F%2Fid.who.int%2Ficd%2Fentity%2F2082390565"",""browser"")"	False	False					
http://id.who.int/icd/entity/310438553	http://id.who.int/icd/release/11/mms/310438553	XE5FP		"- - - - - Sudden movement of vehicle, without collision, resulting in injury"	category	2	False	X	"=hyperlink(""https://icd.who.int/browse11/l-m/en#/http%3A%2F%2Fid.who.int%2Ficd%2Fentity%2F310438553"",""browser"")"	True	False					
http://id.who.int/icd/entity/1968089498	http://id.who.int/icd/release/11/mms/1968089498	XE9K8		"- - - - - Vehicle overturned without counterpart"	category	2	False	X	"=hyperlink(""https://icd.who.int/browse11/l-m/en#/http%3A%2F%2Fid.who.int%2Ficd%2Fentity%2F1968089498"",""browser"")"	True	False					
http://id.who.int/icd/entity/1243689488	http://id.who.int/icd/release/11/mms/1243689488	XE5YL		"- - - - - Vehicle out of control without mention of collision with another vehicle or fixed object"	category	2	False	X	"=hyperlink(""https://icd.who.int/browse11/l-m/en#/http%3A%2F%2Fid.who.int%2Ficd%2Fentity%2F1243689488"",""browser"")"	True	False					
http://id.who.int/icd/entity/571191390	http://id.who.int/icd/release/11/mms/571191390			"- - Aspects of sports injury events"	block	2	False	X	"=hyperlink(""https://icd.who.int/browse11/l-m/en#/http%3A%2F%2Fid.who.int%2Ficd%2Fentity%2F571191390"",""browser"")"	False						
http://id.who.int/icd/entity/1582350237	http://id.who.int/icd/release/11/mms/1582350237			"- - - Type of sport or exercise activity"	block	3	False	X	"=hyperlink(""https://icd.who.int/browse11/l-m/en#/http%3A%2F%2Fid.who.int%2Ficd%2Fentity%2F1582350237"",""browser"")"	False						
http://id.who.int/icd/entity/553785829	http://id.who.int/icd/release/11/mms/553785829	XE3GK		"- - - - Team ball sports"	category	1	False	X	"=hyperlink(""https://icd.who.int/browse11/l-m/en#/http%3A%2F%2Fid.who.int%2Ficd%2Fentity%2F553785829"",""browser"")"	False	False					
http://id.who.int/icd/entity/1719815692	http://id.who.int/icd/release/11/mms/1719815692	XE9UG		"- - - - - Type of sport or exercise activity, basketball"	category	2	False	X	"=hyperlink(""https://icd.who.int/browse11/l-m/en#/http%3A%2F%2Fid.who.int%2Ficd%2Fentity%2F1719815692"",""browser"")"	True	False					
http://id.who.int/icd/entity/1610277708	http://id.who.int/icd/release/11/mms/1610277708	XE3T2		"- - - - - Type of sport or exercise activity, football - American tackle"	category	2	False	X	"=hyperlink(""https://icd.who.int/browse11/l-m/en#/http%3A%2F%2Fid.who.int%2Ficd%2Fentity%2F1610277708"",""browser"")"	True	False					
http://id.who.int/icd/entity/1221756812	http://id.who.int/icd/release/11/mms/1221756812	XE31W		"- - - - - Type of sport or exercise activity, football - American touch or flag"	category	2	False	X	"=hyperlink(""https://icd.who.int/browse11/l-m/en#/http%3A%2F%2Fid.who.int%2Ficd%2Fentity%2F1221756812"",""browser"")"	True	False					
http://id.who.int/icd/entity/755743180	http://id.who.int/icd/release/11/mms/755743180	XE72L		"- - - - - Type of sport or exercise activity, football - Australian rules"	category	2	False	X	"=hyperlink(""https://icd.who.int/browse11/l-m/en#/http%3A%2F%2Fid.who.int%2Ficd%2Fentity%2F755743180"",""browser"")"	True	False					
http://id.who.int/icd/entity/56324172	http://id.who.int/icd/release/11/mms/56324172	XE3BA		"- - - - - Type of sport or exercise activity, football not otherwise specified"	category	2	False	X	"=hyperlink(""https://icd.who.int/browse11/l-m/en#/http%3A%2F%2Fid.who.int%2Ficd%2Fentity%2F56324172"",""browser"")"	True	False					
http://id.who.int/icd/entity/343086220	http://id.who.int/icd/release/11/mms/343086220	XE7D6		"- - - - - Type of sport or exercise activity, handball - team"	category	2	False	X	"=hyperlink(""https://icd.who.int/browse11/l-m/en#/http%3A%2F%2Fid.who.int%2Ficd%2Fentity%2F343086220"",""browser"")"	True	False					
http://id.who.int/icd/entity/924250932	http://id.who.int/icd/release/11/mms/924250932	XE510		"- - - - - Type of sport or exercise activity, netball"	category	2	False	X	"=hyperlink(""https://icd.who.int/browse11/l-m/en#/http%3A%2F%2Fid.who.int%2Ficd%2Fentity%2F924250932"",""browser"")"	True	False					
http://id.who.int/icd/entity/540973044	http://id.who.int/icd/release/11/mms/540973044	XE9RW		"- - - - - Type of sport or exercise activity, rugby union"	category	2	False	X	"=hyperlink(""https://icd.who.int/browse11/l-m/en#/http%3A%2F%2Fid.who.int%2Ficd%2Fentity%2F540973044"",""browser"")"	True	False					
http://id.who.int/icd/entity/259043347	http://id.who.int/icd/release/11/mms/259043347	XE5XZ		"- - - - - Type of sport or exercise activity, rugby league"	category	2	False	X	"=hyperlink(""https://icd.who.int/browse11/l-m/en#/http%3A%2F%2Fid.who.int%2Ficd%2Fentity%2F259043347"",""browser"")"	True	False					
http://id.who.int/icd/entity/408474835	http://id.who.int/icd/release/11/mms/408474835	XE1XR		"- - - - - Type of sport or exercise activity, rugby not otherwise specified"	category	2	False	X	"=hyperlink(""https://icd.who.int/browse11/l-m/en#/http%3A%2F%2Fid.who.int%2Ficd%2Fentity%2F408474835"",""browser"")"	True	False					
http://id.who.int/icd/entity/555776403	http://id.who.int/icd/release/11/mms/555776403	XE5EU		"- - - - - Type of sport or exercise activity, soccer - outdoor"	category	2	False	X	"=hyperlink(""https://icd.who.int/browse11/l-m/en#/http%3A%2F%2Fid.who.int%2Ficd%2Fentity%2F555776403"",""browser"")"	True	False					
http://id.who.int/icd/entity/906501459	http://id.who.int/icd/release/11/mms/906501459	XE0TN		"- - - - - Type of sport or exercise activity, soccer - indoor"	category	2	False	X	"=hyperlink(""https://icd.who.int/browse11/l-m/en#/http%3A%2F%2Fid.who.int%2Ficd%2Fentity%2F906501459"",""browser"")"	True	False					
http://id.who.int/icd/entity/1406214931	http://id.who.int/icd/release/11/mms/1406214931	XE8WP		"- - - - - Type of sport or exercise activity, soccer not otherwise specified"	category	2	False	X	"=hyperlink(""https://icd.who.int/browse11/l-m/en#/http%3A%2F%2Fid.who.int%2Ficd%2Fentity%2F1406214931"",""browser"")"	True	False					
http://id.who.int/icd/entity/1157187539	http://id.who.int/icd/release/11/mms/1157187539	XE79M		"- - - - - Type of sport or exercise activity, volleyball"	category	2	False	X	"=hyperlink(""https://icd.who.int/browse11/l-m/en#/http%3A%2F%2Fid.who.int%2Ficd%2Fentity%2F1157187539"",""browser"")"	True	False					
http://id.who.int/icd/entity/2105666195	http://id.who.int/icd/release/11/mms/2105666195	XE0JP		"- - - - - Type of sport or exercise activity, wallyball"	category	2	False	X	"=hyperlink(""https://icd.who.int/browse11/l-m/en#/http%3A%2F%2Fid.who.int%2Ficd%2Fentity%2F2105666195"",""browser"")"	True	False					
http://id.who.int/icd/entity/410694821	http://id.who.int/icd/release/11/mms/410694821	XE2BF		"- - - - Team bat or stick sports"	category	1	False	X	"=hyperlink(""https://icd.who.int/browse11/l-m/en#/http%3A%2F%2Fid.who.int%2Ficd%2Fentity%2F410694821"",""browser"")"	False	False					
http://id.who.int/icd/entity/1683769645	http://id.who.int/icd/release/11/mms/1683769645	XE84M		"- - - - - Type of sport or exercise activity, baseball"	category	2	False	X	"=hyperlink(""https://icd.who.int/browse11/l-m/en#/http%3A%2F%2Fid.who.int%2Ficd%2Fentity%2F1683769645"",""browser"")"	True	False					
http://id.who.int/icd/entity/1562698861	http://id.who.int/icd/release/11/mms/1562698861	XE5M7		"- - - - - Type of sport or exercise activity, cricket"	category	2	False	X	"=hyperlink(""https://icd.who.int/browse11/l-m/en#/http%3A%2F%2Fid.who.int%2Ficd%2Fentity%2F1562698861"",""browser"")"	True	False					
http://id.who.int/icd/entity/1242333357	http://id.who.int/icd/release/11/mms/1242333357	XE2UD		"- - - - - Type of sport or exercise activity, ice hockey"	category	2	False	X	"=hyperlink(""https://icd.who.int/browse11/l-m/en#/http%3A%2F%2Fid.who.int%2Ficd%2Fentity%2F1242333357"",""browser"")"	True	False					
http://id.who.int/icd/entity/802537197	http://id.who.int/icd/release/11/mms/802537197	XE6B7		"- - - - - Type of sport or exercise activity, hockey - street or ball"	category	2	False	X	"=hyperlink(""https://icd.who.int/browse11/l-m/en#/http%3A%2F%2Fid.who.int%2Ficd%2Fentity%2F802537197"",""browser"")"	True	False					
http://id.who.int/icd/entity/956160557	http://id.who.int/icd/release/11/mms/956160557	XE8HB		"- - - - - Type of sport or exercise activity, field hockey"	category	2	False	X	"=hyperlink(""https://icd.who.int/browse11/l-m/en#/http%3A%2F%2Fid.who.int%2Ficd%2Fentity%2F956160557"",""browser"")"	True	False					
http://id.who.int/icd/entity/25524077	http://id.who.int/icd/release/11/mms/25524077	XE9N5		"- - - - - Type of sport or exercise activity, floor hockey"	category	2	False	X	"=hyperlink(""https://icd.who.int/browse11/l-m/en#/http%3A%2F%2Fid.who.int%2Ficd%2Fentity%2F25524077"",""browser"")"	True	False					
http://id.who.int/icd/entity/902362131	http://id.who.int/icd/release/11/mms/902362131	XE02P		"- - - - - Type of sport or exercise activity, hockey not otherwise specified"	category	2	False	X	"=hyperlink(""https://icd.who.int/browse11/l-m/en#/http%3A%2F%2Fid.who.int%2Ficd%2Fentity%2F902362131"",""browser"")"	True	False					
http://id.who.int/icd/entity/585142483	http://id.who.int/icd/release/11/mms/585142483	XE8M1		"- - - - - Type of sport or exercise activity, ringette"	category	2	False	X	"=hyperlink(""https://icd.who.int/browse11/l-m/en#/http%3A%2F%2Fid.who.int%2Ficd%2Fentity%2F585142483"",""browser"")"	True	False					
http://id.who.int/icd/entity/229553972	http://id.who.int/icd/release/11/mms/229553972	XE63E		"- - - - - Type of sport or exercise activity, softball"	category	2	False	X	"=hyperlink(""https://icd.who.int/browse11/l-m/en#/http%3A%2F%2Fid.who.int%2Ficd%2Fentity%2F229553972"",""browser"")"	True	False					
http://id.who.int/icd/entity/445043700	http://id.who.int/icd/release/11/mms/445043700	XE5WM		"- - - - - Type of sport or exercise activity, t-ball"	category	2	False	X	"=hyperlink(""https://icd.who.int/browse11/l-m/en#/http%3A%2F%2Fid.who.int%2Ficd%2Fentity%2F445043700"",""browser"")"	True	False					
http://id.who.int/icd/entity/257085541	http://id.who.int/icd/release/11/mms/257085541	XE2BG		"- - - - Team water sports"	category	1	False	X	"=hyperlink(""https://icd.who.int/browse11/l-m/en#/http%3A%2F%2Fid.who.int%2Ficd%2Fentity%2F257085541"",""browser"")"	False	False					
http://id.who.int/icd/entity/1709814834	http://id.who.int/icd/release/11/mms/1709814834	XE8KM		"- - - - - Type of sport or exercise activity, rescue and resuscitation"	category	2	False	X	"=hyperlink(""https://icd.who.int/browse11/l-m/en#/http%3A%2F%2Fid.who.int%2Ficd%2Fentity%2F1709814834"",""browser"")"	True	False					
http://id.who.int/icd/entity/1553013106	http://id.who.int/icd/release/11/mms/1553013106	XE6Y2		"- - - - - Type of sport or exercise activity, synchronized swimming"	category	2	False	X	"=hyperlink(""https://icd.who.int/browse11/l-m/en#/http%3A%2F%2Fid.who.int%2Ficd%2Fentity%2F1553013106"",""browser"")"	True	False					
http://id.who.int/icd/entity/1270447538	http://id.who.int/icd/release/11/mms/1270447538	XE323		"- - - - - Type of sport or exercise activity, underwater hockey"	category	2	False	X	"=hyperlink(""https://icd.who.int/browse11/l-m/en#/http%3A%2F%2Fid.who.int%2Ficd%2Fentity%2F1270447538"",""browser"")"	True	False					
http://id.who.int/icd/entity/778060786	http://id.who.int/icd/release/11/mms/778060786	XE2YS		"- - - - - Type of sport or exercise activity, water polo"	category	2	False	X	"=hyperlink(""https://icd.who.int/browse11/l-m/en#/http%3A%2F%2Fid.who.int%2Ficd%2Fentity%2F778060786"",""browser"")"	True	False					
http://id.who.int/icd/entity/1787555365	http://id.who.int/icd/release/11/mms/1787555365	XE85T		"- - - - Boating sports"	category	1	False	X	"=hyperlink(""https://icd.who.int/browse11/l-m/en#/http%3A%2F%2Fid.who.int%2Ficd%2Fentity%2F1787555365"",""browser"")"	False	False					
http://id.who.int/icd/entity/1642088291	http://id.who.int/icd/release/11/mms/1642088291	XE1LG		"- - - - - Type of sport or exercise activity, canoeing"	category	2	False	X	"=hyperlink(""https://icd.who.int/browse11/l-m/en#/http%3A%2F%2Fid.who.int%2Ficd%2Fentity%2F1642088291"",""browser"")"	True	False					
http://id.who.int/icd/entity/1486416419	http://id.who.int/icd/release/11/mms/1486416419	XE7BZ		"- - - - - Type of sport or exercise activity, jet skiing"	category	2	False	X	"=hyperlink(""https://icd.who.int/browse11/l-m/en#/http%3A%2F%2Fid.who.int%2Ficd%2Fentity%2F1486416419"",""browser"")"	True	False					
http://id.who.int/icd/entity/1336970979	http://id.who.int/icd/release/11/mms/1336970979	XE99V		"- - - - - Type of sport or exercise activity, kayaking or white-water rafting"	category	2	False	X	"=hyperlink(""https://icd.who.int/browse11/l-m/en#/http%3A%2F%2Fid.who.int%2Ficd%2Fentity%2F1336970979"",""browser"")"	True	False					
http://id.who.int/icd/entity/711569571	http://id.who.int/icd/release/11/mms/711569571	XE4LT		"- - - - - Type of sport or exercise activity, power boat racing"	category	2	False	X	"=hyperlink(""https://icd.who.int/browse11/l-m/en#/http%3A%2F%2Fid.who.int%2Ficd%2Fentity%2F711569571"",""browser"")"	True	False					
http://id.who.int/icd/entity/1027724387	http://id.who.int/icd/release/11/mms/1027724387	XE4XV		"- - - - - Type of sport or exercise activity, rowing or sculling"	category	2	False	X	"=hyperlink(""https://icd.who.int/browse11/l-m/en#/http%3A%2F%2Fid.who.int%2Ficd%2Fentity%2F1027724387"",""browser"")"	True	False					
http://id.who.int/icd/entity/70875427	http://id.who.int/icd/release/11/mms/70875427	XE0XD		"- - - - - Type of sport or exercise activity, surf boating"	category	2	False	X	"=hyperlink(""https://icd.who.int/browse11/l-m/en#/http%3A%2F%2Fid.who.int%2Ficd%2Fentity%2F70875427"",""browser"")"	True	False					
http://id.who.int/icd/entity/319888867	http://id.who.int/icd/release/11/mms/319888867	XE0G3		"- - - - - Type of sport or exercise activity, yachting or sailing"	category	2	False	X	"=hyperlink(""https://icd.who.int/browse11/l-m/en#/http%3A%2F%2Fid.who.int%2Ficd%2Fentity%2F319888867"",""browser"")"	True	False					
http://id.who.int/icd/entity/2107869925	http://id.who.int/icd/release/11/mms/2107869925	XE6W9		"- - - - Individual water sports"	category	1	False	X	"=hyperlink(""https://icd.who.int/browse11/l-m/en#/http%3A%2F%2Fid.who.int%2Ficd%2Fentity%2F2107869925"",""browser"")"	False	False					
http://id.who.int/icd/entity/1616231040	http://id.who.int/icd/release/11/mms/1616231040	XE3R2		"- - - - - Type of sport or exercise activity, platform diving"	category	2	False	X	"=hyperlink(""https://icd.who.int/browse11/l-m/en#/http%3A%2F%2Fid.who.int%2Ficd%2Fentity%2F1616231040"",""browser"")"	True	False					
http://id.who.int/icd/entity/1496127296	http://id.who.int/icd/release/11/mms/1496127296	XE7S0		"- - - - - Type of sport or exercise activity, springboard diving"	category	2	False	X	"=hyperlink(""https://icd.who.int/browse11/l-m/en#/http%3A%2F%2Fid.who.int%2Ficd%2Fentity%2F1496127296"",""browser"")"	True	False					
http://id.who.int/icd/entity/1308980224	http://id.who.int/icd/release/11/mms/1308980224	XE5UC		"- - - - - type of sport/exercise activity, diving - unspecified"	category	2	False	X	"=hyperlink(""https://icd.who.int/browse11/l-m/en#/http%3A%2F%2Fid.who.int%2Ficd%2Fentity%2F1308980224"",""browser"")"	True	False					
http://id.who.int/icd/entity/735858112	http://id.who.int/icd/release/11/mms/735858112	XE5FN		"- - - - - Type of sport or exercise activity, fishing"	category	2	False	X	"=hyperlink(""https://icd.who.int/browse11/l-m/en#/http%3A%2F%2Fid.who.int%2Ficd%2Fentity%2F735858112"",""browser"")"	True	False					
http://id.who.int/icd/entity/1022634368	http://id.who.int/icd/release/11/mms/1022634368	XE1TE		"- - - - - Type of sport or exercise activity, scuba diving"	category	2	False	X	"=hyperlink(""https://icd.who.int/browse11/l-m/en#/http%3A%2F%2Fid.who.int%2Ficd%2Fentity%2F1022634368"",""browser"")"	True	False					
http://id.who.int/icd/entity/93094976	http://id.who.int/icd/release/11/mms/93094976	XE1ZK		"- - - - - Type of sport or exercise activity, snorkelling"	category	2	False	X	"=hyperlink(""https://icd.who.int/browse11/l-m/en#/http%3A%2F%2Fid.who.int%2Ficd%2Fentity%2F93094976"",""browser"")"	True	False					
http://id.who.int/icd/entity/312795392	http://id.who.int/icd/release/11/mms/312795392	XE48G		"- - - - - Type of sport or exercise activity, surfing or boogie boarding"	category	2	False	X	"=hyperlink(""https://icd.who.int/browse11/l-m/en#/http%3A%2F%2Fid.who.int%2Ficd%2Fentity%2F312795392"",""browser"")"	True	False					
http://id.who.int/icd/entity/834733888	http://id.who.int/icd/release/11/mms/834733888	XE84Q		"- - - - - Type of sport or exercise activity, surf life saving"	category	2	False	X	"=hyperlink(""https://icd.who.int/browse11/l-m/en#/http%3A%2F%2Fid.who.int%2Ficd%2Fentity%2F834733888"",""browser"")"	True	False					
http://id.who.int/icd/entity/652829568	http://id.who.int/icd/release/11/mms/652829568	XE1FN		"- - - - - Type of sport or exercise activity, competitive swimming"	category	2	False	X	"=hyperlink(""https://icd.who.int/browse11/l-m/en#/http%3A%2F%2Fid.who.int%2Ficd%2Fentity%2F652829568"",""browser"")"	True	False					
http://id.who.int/icd/entity/161956967	http://id.who.int/icd/release/11/mms/161956967	XE167		"- - - - - Type of sport or exercise activity, water skiing"	category	2	False	X	"=hyperlink(""https://icd.who.int/browse11/l-m/en#/http%3A%2F%2Fid.who.int%2Ficd%2Fentity%2F161956967"",""browser"")"	True	False					
http://id.who.int/icd/entity/512696487	http://id.who.int/icd/release/11/mms/512696487	XE92F		"- - - - - Type of sport or exercise activity, water tubing"	category	2	False	X	"=hyperlink(""https://icd.who.int/browse11/l-m/en#/http%3A%2F%2Fid.who.int%2Ficd%2Fentity%2F512696487"",""browser"")"	True	False					
http://id.who.int/icd/entity/670535143	http://id.who.int/icd/release/11/mms/670535143	XE7PV		"- - - - - Type of sport or exercise activity, wind surfing"	category	2	False	X	"=hyperlink(""https://icd.who.int/browse11/l-m/en#/http%3A%2F%2Fid.who.int%2Ficd%2Fentity%2F670535143"",""browser"")"	True	False					
http://id.who.int/icd/entity/819980583	http://id.who.int/icd/release/11/mms/819980583	XE5RZ		"- - - - - Type of sport or exercise activity, cliff diving"	category	2	False	X	"=hyperlink(""https://icd.who.int/browse11/l-m/en#/http%3A%2F%2Fid.who.int%2Ficd%2Fentity%2F819980583"",""browser"")"	True	False					
http://id.who.int/icd/entity/1426511719	http://id.who.int/icd/release/11/mms/1426511719	XE6P1		"- - - - - Type of sport or exercise activity, recreational swimming"	category	2	False	X	"=hyperlink(""https://icd.who.int/browse11/l-m/en#/http%3A%2F%2Fid.who.int%2Ficd%2Fentity%2F1426511719"",""browser"")"	True	False					
http://id.who.int/icd/entity/1155213221	http://id.who.int/icd/release/11/mms/1155213221	XE9DF		"- - - - Ice or snow sports"	category	1	False	X	"=hyperlink(""https://icd.who.int/browse11/l-m/en#/http%3A%2F%2Fid.who.int%2Ficd%2Fentity%2F1155213221"",""browser"")"	False	False					
http://id.who.int/icd/entity/1653325145	http://id.who.int/icd/release/11/mms/1653325145	XE225		"- - - - - Type of sport or exercise activity, bobsledding"	category	2	False	X	"=hyperlink(""https://icd.who.int/browse11/l-m/en#/http%3A%2F%2Fid.who.int%2Ficd%2Fentity%2F1653325145"",""browser"")"	True	False					
http://id.who.int/icd/entity/1542656025	http://id.who.int/icd/release/11/mms/1542656025	XE7J1		"- - - - - Type of sport or exercise activity, curling"	category	2	False	X	"=hyperlink(""https://icd.who.int/browse11/l-m/en#/http%3A%2F%2Fid.who.int%2Ficd%2Fentity%2F1542656025"",""browser"")"	True	False					
http://id.who.int/icd/entity/1289450713	http://id.who.int/icd/release/11/mms/1289450713	XE1SZ		"- - - - - Type of sport or exercise activity, ice skating or ice dancing"	category	2	False	X	"=hyperlink(""https://icd.who.int/browse11/l-m/en#/http%3A%2F%2Fid.who.int%2Ficd%2Fentity%2F1289450713"",""browser"")"	True	False					
http://id.who.int/icd/entity/688016025	http://id.who.int/icd/release/11/mms/688016025	XE9KF		"- - - - - Type of sport or exercise activity, luge"	category	2	False	X	"=hyperlink(""https://icd.who.int/browse11/l-m/en#/http%3A%2F%2Fid.who.int%2Ficd%2Fentity%2F688016025"",""browser"")"	True	False					
http://id.who.int/icd/entity/1042951769	http://id.who.int/icd/release/11/mms/1042951769	XE7E1		"- - - - - Type of sport or exercise activity, ski patrolling"	category	2	False	X	"=hyperlink(""https://icd.who.int/browse11/l-m/en#/http%3A%2F%2Fid.who.int%2Ficd%2Fentity%2F1042951769"",""browser"")"	True	False					
http://id.who.int/icd/entity/122848025	http://id.who.int/icd/release/11/mms/122848025	XE9X7		"- - - - - Type of sport or exercise activity, skiing - alpine or downhill"	category	2	False	X	"=hyperlink(""https://icd.who.int/browse11/l-m/en#/http%3A%2F%2Fid.who.int%2Ficd%2Fentity%2F122848025"",""browser"")"	True	False					
http://id.who.int/icd/entity/276490201	http://id.who.int/icd/release/11/mms/276490201	XE8CR		"- - - - - Type of sport or exercise activity, skiing - Nordic cross country"	category	2	False	X	"=hyperlink(""https://icd.who.int/browse11/l-m/en#/http%3A%2F%2Fid.who.int%2Ficd%2Fentity%2F276490201"",""browser"")"	True	False					
http://id.who.int/icd/entity/857669735	http://id.who.int/icd/release/11/mms/857669735	XE8UF		"- - - - - Type of sport or exercise activity, freestyle skiing"	category	2	False	X	"=hyperlink(""https://icd.who.int/browse11/l-m/en#/http%3A%2F%2Fid.who.int%2Ficd%2Fentity%2F857669735"",""browser"")"	True	False					
http://id.who.int/icd/entity/607610023	http://id.who.int/icd/release/11/mms/607610023	XE471		"- - - - - Type of sport or exercise activity, snow ski jumping"	category	2	False	X	"=hyperlink(""https://icd.who.int/browse11/l-m/en#/http%3A%2F%2Fid.who.int%2Ficd%2Fentity%2F607610023"",""browser"")"	True	False					
http://id.who.int/icd/entity/623479488	http://id.who.int/icd/release/11/mms/623479488	XE240		"- - - - - Type of sport or exercise activity, snowmobiling"	category	2	False	X	"=hyperlink(""https://icd.who.int/browse11/l-m/en#/http%3A%2F%2Fid.who.int%2Ficd%2Fentity%2F623479488"",""browser"")"	True	False					
http://id.who.int/icd/entity/838987264	http://id.who.int/icd/release/11/mms/838987264	XE7J0		"- - - - - Type of sport or exercise activity, snow boarding"	category	2	False	X	"=hyperlink(""https://icd.who.int/browse11/l-m/en#/http%3A%2F%2Fid.who.int%2Ficd%2Fentity%2F838987264"",""browser"")"	True	False					
http://id.who.int/icd/entity/1473826880	http://id.who.int/icd/release/11/mms/1473826880	XE6RE		"- - - - - Type of sport or exercise activity, speed skating"	category	2	False	X	"=hyperlink(""https://icd.who.int/browse11/l-m/en#/http%3A%2F%2Fid.who.int%2Ficd%2Fentity%2F1473826880"",""browser"")"	True	False					
http://id.who.int/icd/entity/1089516672	http://id.who.int/icd/release/11/mms/1089516672	XE8G0		"- - - - - Type of sport or exercise activity, tobogganing"	category	2	False	X	"=hyperlink(""https://icd.who.int/browse11/l-m/en#/http%3A%2F%2Fid.who.int%2Ficd%2Fentity%2F1089516672"",""browser"")"	True	False					
http://id.who.int/icd/entity/1408451429	http://id.who.int/icd/release/11/mms/1408451429	XE3L1		"- - - - Individual athletic activities"	category	1	False	X	"=hyperlink(""https://icd.who.int/browse11/l-m/en#/http%3A%2F%2Fid.who.int%2Ficd%2Fentity%2F1408451429"",""browser"")"	False	False					
http://id.who.int/icd/entity/1665024070	http://id.who.int/icd/release/11/mms/1665024070	XE286		"- - - - - Type of sport or exercise activity, aerobic or callisthenics"	category	2	False	X	"=hyperlink(""https://icd.who.int/browse11/l-m/en#/http%3A%2F%2Fid.who.int%2Ficd%2Fentity%2F1665024070"",""browser"")"	True	False					
http://id.who.int/icd/entity/1514597638	http://id.who.int/icd/release/11/mms/1514597638	XE5KC		"- - - - - Type of sport or exercise activity, jogging or running"	category	2	False	X	"=hyperlink(""https://icd.who.int/browse11/l-m/en#/http%3A%2F%2Fid.who.int%2Ficd%2Fentity%2F1514597638"",""browser"")"	True	False					
http://id.who.int/icd/entity/1299089862	http://id.who.int/icd/release/11/mms/1299089862	XE05C		"- - - - - Type of sport or exercise activity, tai chi"	category	2	False	X	"=hyperlink(""https://icd.who.int/browse11/l-m/en#/http%3A%2F%2Fid.who.int%2Ficd%2Fentity%2F1299089862"",""browser"")"	True	False					
http://id.who.int/icd/entity/683128710	http://id.who.int/icd/release/11/mms/683128710	XE1SW		"- - - - - Type of sport or exercise activity, track and field - racing over obstacles or hurdles"	category	2	False	X	"=hyperlink(""https://icd.who.int/browse11/l-m/en#/http%3A%2F%2Fid.who.int%2Ficd%2Fentity%2F683128710"",""browser"")"	True	False					
http://id.who.int/icd/entity/1067438918	http://id.who.int/icd/release/11/mms/1067438918	XE02A		"- - - - - Type of sport or exercise activity, track and field - sprinting (1-400 metres)"	category	2	False	X	"=hyperlink(""https://icd.who.int/browse11/l-m/en#/http%3A%2F%2Fid.who.int%2Ficd%2Fentity%2F1067438918"",""browser"")"	True	False					
http://id.who.int/icd/entity/115834374	http://id.who.int/icd/release/11/mms/115834374	XE2RC		"- - - - - Type of sport or exercise activity, track and field - running middle distances (401-1,500 metres)"	category	2	False	X	"=hyperlink(""https://icd.who.int/browse11/l-m/en#/http%3A%2F%2Fid.who.int%2Ficd%2Fentity%2F115834374"",""browser"")"	True	False					
http://id.who.int/icd/entity/298785478	http://id.who.int/icd/release/11/mms/298785478	XE4Y7		"- - - - - Type of sport or exercise activity, track and field - running long distances (greater than 1,500 metres)"	category	2	False	X	"=hyperlink(""https://icd.who.int/browse11/l-m/en#/http%3A%2F%2Fid.who.int%2Ficd%2Fentity%2F298785478"",""browser"")"	True	False					
http://id.who.int/icd/entity/850066810	http://id.who.int/icd/release/11/mms/850066810	XE1X1		"- - - - - Type of sport or exercise activity, track and field - high jump"	category	2	False	X	"=hyperlink(""https://icd.who.int/browse11/l-m/en#/http%3A%2F%2Fid.who.int%2Ficd%2Fentity%2F850066810"",""browser"")"	True	False					
http://id.who.int/icd/entity/629316026	http://id.who.int/icd/release/11/mms/629316026	XE10W		"- - - - - Type of sport or exercise activity, track and field - long jump"	category	2	False	X	"=hyperlink(""https://icd.who.int/browse11/l-m/en#/http%3A%2F%2Fid.who.int%2Ficd%2Fentity%2F629316026"",""browser"")"	True	False					
http://id.who.int/icd/entity/181190237	http://id.who.int/icd/release/11/mms/181190237	XE8YM		"- - - - - Type of sport or exercise activity, track and field - pole vault"	category	2	False	X	"=hyperlink(""https://icd.who.int/browse11/l-m/en#/http%3A%2F%2Fid.who.int%2Ficd%2Fentity%2F181190237"",""browser"")"	True	False					
http://id.who.int/icd/entity/501537437	http://id.who.int/icd/release/11/mms/501537437	XE5X4		"- - - - - Type of sport or exercise activity, track and field - triple jump"	category	2	False	X	"=hyperlink(""https://icd.who.int/browse11/l-m/en#/http%3A%2F%2Fid.who.int%2Ficd%2Fentity%2F501537437"",""browser"")"	True	False					
http://id.who.int/icd/entity/614234077	http://id.who.int/icd/release/11/mms/614234077	XE4C5		"- - - - - Type of sport or exercise activity, track and field - discus"	category	2	False	X	"=hyperlink(""https://icd.who.int/browse11/l-m/en#/http%3A%2F%2Fid.who.int%2Ficd%2Fentity%2F614234077"",""browser"")"	True	False					
http://id.who.int/icd/entity/867439389	http://id.who.int/icd/release/11/mms/867439389	XE037		"- - - - - Type of sport or exercise activity, track and field - javelin"	category	2	False	X	"=hyperlink(""https://icd.who.int/browse11/l-m/en#/http%3A%2F%2Fid.who.int%2Ficd%2Fentity%2F867439389"",""browser"")"	True	False					
http://id.who.int/icd/entity/1449995613	http://id.who.int/icd/release/11/mms/1449995613	XE1FT		"- - - - - Type of sport or exercise activity, track and field - hammer throw"	category	2	False	X	"=hyperlink(""https://icd.who.int/browse11/l-m/en#/http%3A%2F%2Fid.who.int%2Ficd%2Fentity%2F1449995613"",""browser"")"	True	False					
http://id.who.int/icd/entity/1095059869	http://id.who.int/icd/release/11/mms/1095059869	XE3M7		"- - - - - Type of sport or exercise activity, track and field - shot putt"	category	2	False	X	"=hyperlink(""https://icd.who.int/browse11/l-m/en#/http%3A%2F%2Fid.who.int%2Ficd%2Fentity%2F1095059869"",""browser"")"	True	False					
http://id.who.int/icd/entity/1282434979	http://id.who.int/icd/release/11/mms/1282434979	XE2TV		"- - - - - Type of sport or exercise activity, walking"	category	2	False	X	"=hyperlink(""https://icd.who.int/browse11/l-m/en#/http%3A%2F%2Fid.who.int%2Ficd%2Fentity%2F1282434979"",""browser"")"	True	False					
http://id.who.int/icd/entity/1532494691	http://id.who.int/icd/release/11/mms/1532494691	XE7F9		"- - - - - Type of sport or exercise activity, yoga or Pilates"	category	2	False	X	"=hyperlink(""https://icd.who.int/browse11/l-m/en#/http%3A%2F%2Fid.who.int%2Ficd%2Fentity%2F1532494691"",""browser"")"	True	False					
http://id.who.int/icd/entity/1389500277	http://id.who.int/icd/release/11/mms/1389500277	XE9V7		"- - - - - Type of sport or exercise activity, stationary aerobic exercise with equipment"	category	2	False	X	"=hyperlink(""https://icd.who.int/browse11/l-m/en#/http%3A%2F%2Fid.who.int%2Ficd%2Fentity%2F1389500277"",""browser"")"	True	False					
http://id.who.int/icd/entity/1888920795	http://id.who.int/icd/release/11/mms/1888920795	XE4HZ		"- - - - Acrobatic sports"	category	1	False	X	"=hyperlink(""https://icd.who.int/browse11/l-m/en#/http%3A%2F%2Fid.who.int%2Ficd%2Fentity%2F1888920795"",""browser"")"	False	False					
http://id.who.int/icd/entity/1788369919	http://id.who.int/icd/release/11/mms/1788369919	XE2T9		"- - - - - Type of sport or exercise activity, cheerleading"	category	2	False	X	"=hyperlink(""https://icd.who.int/browse11/l-m/en#/http%3A%2F%2Fid.who.int%2Ficd%2Fentity%2F1788369919"",""browser"")"	True	False					
http://id.who.int/icd/entity/1407252159	http://id.who.int/icd/release/11/mms/1407252159	XE65D		"- - - - - Type of sport or exercise activity, gymnastics - balance beam"	category	2	False	X	"=hyperlink(""https://icd.who.int/browse11/l-m/en#/http%3A%2F%2Fid.who.int%2Ficd%2Fentity%2F1407252159"",""browser"")"	True	False					
http://id.who.int/icd/entity/1153995391	http://id.who.int/icd/release/11/mms/1153995391	XE5WY		"- - - - - Type of sport or exercise activity, gymnastics - floor exercise or tumbling"	category	2	False	X	"=hyperlink(""https://icd.who.int/browse11/l-m/en#/http%3A%2F%2Fid.who.int%2Ficd%2Fentity%2F1153995391"",""browser"")"	True	False					
http://id.who.int/icd/entity/554806335	http://id.who.int/icd/release/11/mms/554806335	XE69D		"- - - - - Type of sport or exercise activity, gymnastics - high bar"	category	2	False	X	"=hyperlink(""https://icd.who.int/browse11/l-m/en#/http%3A%2F%2Fid.who.int%2Ficd%2Fentity%2F554806335"",""browser"")"	True	False					
http://id.who.int/icd/entity/909756671	http://id.who.int/icd/release/11/mms/909756671	XE6R6		"- - - - - Type of sport or exercise activity, gymnastics - parallel bars"	category	2	False	X	"=hyperlink(""https://icd.who.int/browse11/l-m/en#/http%3A%2F%2Fid.who.int%2Ficd%2Fentity%2F909756671"",""browser"")"	True	False					
http://id.who.int/icd/entity/255944127	http://id.who.int/icd/release/11/mms/255944127	XE4YF		"- - - - - Type of sport or exercise activity, gymnastics - rhythmic with or without props"	category	2	False	X	"=hyperlink(""https://icd.who.int/browse11/l-m/en#/http%3A%2F%2Fid.who.int%2Ficd%2Fentity%2F255944127"",""browser"")"	True	False					
http://id.who.int/icd/entity/409534847	http://id.who.int/icd/release/11/mms/409534847	XE8WK		"- - - - - Type of sport or exercise activity, gymnastics - rings"	category	2	False	X	"=hyperlink(""https://icd.who.int/browse11/l-m/en#/http%3A%2F%2Fid.who.int%2Ficd%2Fentity%2F409534847"",""browser"")"	True	False					
http://id.who.int/icd/entity/990701249	http://id.who.int/icd/release/11/mms/990701249	XE802		"- - - - - Type of sport or exercise activity, gymnastics - side horse or pommel horse"	category	2	False	X	"=hyperlink(""https://icd.who.int/browse11/l-m/en#/http%3A%2F%2Fid.who.int%2Ficd%2Fentity%2F990701249"",""browser"")"	True	False					
http://id.who.int/icd/entity/740590081	http://id.who.int/icd/release/11/mms/740590081	XE8V7		"- - - - - Type of sport or exercise activity, gymnastics - trampoline or mini-trampoline"	category	2	False	X	"=hyperlink(""https://icd.who.int/browse11/l-m/en#/http%3A%2F%2Fid.who.int%2Ficd%2Fentity%2F740590081"",""browser"")"	True	False					
http://id.who.int/icd/entity/57320934	http://id.who.int/icd/release/11/mms/57320934	XE5KU		"- - - - - Type of sport or exercise activity, gymnastics - uneven parallel bars"	category	2	False	X	"=hyperlink(""https://icd.who.int/browse11/l-m/en#/http%3A%2F%2Fid.who.int%2Ficd%2Fentity%2F57320934"",""browser"")"	True	False					
http://id.who.int/icd/entity/339919142	http://id.who.int/icd/release/11/mms/339919142	XE7PU		"- - - - - Type of sport or exercise activity, gymnastics - vault"	category	2	False	X	"=hyperlink(""https://icd.who.int/browse11/l-m/en#/http%3A%2F%2Fid.who.int%2Ficd%2Fentity%2F339919142"",""browser"")"	True	False					
http://id.who.int/icd/entity/1740554267	http://id.who.int/icd/release/11/mms/1740554267	XE9SK		"- - - - Aesthetic activities"	category	1	False	X	"=hyperlink(""https://icd.who.int/browse11/l-m/en#/http%3A%2F%2Fid.who.int%2Ficd%2Fentity%2F1740554267"",""browser"")"	False	False					
http://id.who.int/icd/entity/1798153956	http://id.who.int/icd/release/11/mms/1798153956	XE6H2		"- - - - - Type of sport or exercise activity, dancing"	category	2	False	X	"=hyperlink(""https://icd.who.int/browse11/l-m/en#/http%3A%2F%2Fid.who.int%2Ficd%2Fentity%2F1798153956"",""browser"")"	True	False					
http://id.who.int/icd/entity/1381305252	http://id.who.int/icd/release/11/mms/1381305252	XE0R2		"- - - - - Type of sport or exercise activity, marching"	category	2	False	X	"=hyperlink(""https://icd.who.int/browse11/l-m/en#/http%3A%2F%2Fid.who.int%2Ficd%2Fentity%2F1381305252"",""browser"")"	True	False					
http://id.who.int/icd/entity/1397870540	http://id.who.int/icd/release/11/mms/1397870540	XE0KE		"- - - - Racquet sports"	category	1	False	X	"=hyperlink(""https://icd.who.int/browse11/l-m/en#/http%3A%2F%2Fid.who.int%2Ficd%2Fentity%2F1397870540"",""browser"")"	False	False					
http://id.who.int/icd/entity/1654529381	http://id.who.int/icd/release/11/mms/1654529381	XE3SV		"- - - - - Type of sport or exercise activity, badminton"	category	2	False	X	"=hyperlink(""https://icd.who.int/browse11/l-m/en#/http%3A%2F%2Fid.who.int%2Ficd%2Fentity%2F1654529381"",""browser"")"	True	False					
http://id.who.int/icd/entity/1541845029	http://id.who.int/icd/release/11/mms/1541845029	XE5Z7		"- - - - - Type of sport or exercise activity, racquetball"	category	2	False	X	"=hyperlink(""https://icd.who.int/browse11/l-m/en#/http%3A%2F%2Fid.who.int%2Ficd%2Fentity%2F1541845029"",""browser"")"	True	False					
http://id.who.int/icd/entity/1288623333	http://id.who.int/icd/release/11/mms/1288623333	XE629		"- - - - - Type of sport or exercise activity, squash"	category	2	False	X	"=hyperlink(""https://icd.who.int/browse11/l-m/en#/http%3A%2F%2Fid.who.int%2Ficd%2Fentity%2F1288623333"",""browser"")"	True	False					
http://id.who.int/icd/entity/689433253	http://id.who.int/icd/release/11/mms/689433253	XE5JM		"- - - - - Type of sport or exercise activity, table tennis or ping-pong"	category	2	False	X	"=hyperlink(""https://icd.who.int/browse11/l-m/en#/http%3A%2F%2Fid.who.int%2Ficd%2Fentity%2F689433253"",""browser"")"	True	False					
http://id.who.int/icd/entity/1044352613	http://id.who.int/icd/release/11/mms/1044352613	XE97B		"- - - - - Type of sport or exercise activity, tennis"	category	2	False	X	"=hyperlink(""https://icd.who.int/browse11/l-m/en#/http%3A%2F%2Fid.who.int%2Ficd%2Fentity%2F1044352613"",""browser"")"	True	False					
http://id.who.int/icd/entity/1148824332	http://id.who.int/icd/release/11/mms/1148824332	XE2NY		"- - - - Target or precision sports"	category	1	False	X	"=hyperlink(""https://icd.who.int/browse11/l-m/en#/http%3A%2F%2Fid.who.int%2Ficd%2Fentity%2F1148824332"",""browser"")"	False	False					
http://id.who.int/icd/entity/1663819896	http://id.who.int/icd/release/11/mms/1663819896	XE0KA		"- - - - - Type of sport or exercise activity, archery"	category	2	False	X	"=hyperlink(""https://icd.who.int/browse11/l-m/en#/http%3A%2F%2Fid.who.int%2Ficd%2Fentity%2F1663819896"",""browser"")"	True	False					
http://id.who.int/icd/entity/1515408696	http://id.who.int/icd/release/11/mms/1515408696	XE760		"- - - - - Type of sport or exercise activity, bocce, boules or petanque"	category	2	False	X	"=hyperlink(""https://icd.who.int/browse11/l-m/en#/http%3A%2F%2Fid.who.int%2Ficd%2Fentity%2F1515408696"",""browser"")"	True	False					
http://id.who.int/icd/entity/1299917304	http://id.who.int/icd/release/11/mms/1299917304	XE5XX		"- - - - - Type of sport or exercise activity, billiards, pool or snooker"	category	2	False	X	"=hyperlink(""https://icd.who.int/browse11/l-m/en#/http%3A%2F%2Fid.who.int%2Ficd%2Fentity%2F1299917304"",""browser"")"	True	False					
http://id.who.int/icd/entity/681711544	http://id.who.int/icd/release/11/mms/681711544	XE5VJ		"- - - - - Type of sport or exercise activity, lawn bowling"	category	2	False	X	"=hyperlink(""https://icd.who.int/browse11/l-m/en#/http%3A%2F%2Fid.who.int%2Ficd%2Fentity%2F681711544"",""browser"")"	True	False					
http://id.who.int/icd/entity/1066038136	http://id.who.int/icd/release/11/mms/1066038136	XE8AU		"- - - - - Type of sport or exercise activity, croquet"	category	2	False	X	"=hyperlink(""https://icd.who.int/browse11/l-m/en#/http%3A%2F%2Fid.who.int%2Ficd%2Fentity%2F1066038136"",""browser"")"	True	False					
http://id.who.int/icd/entity/116579896	http://id.who.int/icd/release/11/mms/116579896	XE7NG		"- - - - - Type of sport or exercise activity, darts"	category	2	False	X	"=hyperlink(""https://icd.who.int/browse11/l-m/en#/http%3A%2F%2Fid.who.int%2Ficd%2Fentity%2F116579896"",""browser"")"	True	False					
http://id.who.int/icd/entity/299547384	http://id.who.int/icd/release/11/mms/299547384	XE416		"- - - - - Type of sport or exercise activity, golf"	category	2	False	X	"=hyperlink(""https://icd.who.int/browse11/l-m/en#/http%3A%2F%2Fid.who.int%2Ficd%2Fentity%2F299547384"",""browser"")"	True	False					
http://id.who.int/icd/entity/851402056	http://id.who.int/icd/release/11/mms/851402056	XE6YY		"- - - - - Type of sport or exercise activity, ten-pin bowling"	category	2	False	X	"=hyperlink(""https://icd.who.int/browse11/l-m/en#/http%3A%2F%2Fid.who.int%2Ficd%2Fentity%2F851402056"",""browser"")"	True	False					
http://id.who.int/icd/entity/630667656	http://id.who.int/icd/release/11/mms/630667656	XE08Q		"- - - - - Type of sport or exercise activity, firearm shooting"	category	2	False	X	"=hyperlink(""https://icd.who.int/browse11/l-m/en#/http%3A%2F%2Fid.who.int%2Ficd%2Fentity%2F630667656"",""browser"")"	True	False					
http://id.who.int/icd/entity/182001249	http://id.who.int/icd/release/11/mms/182001249	XE0HX		"- - - - - Type of sport or exercise activity, bb or pellet gun shooting"	category	2	False	X	"=hyperlink(""https://icd.who.int/browse11/l-m/en#/http%3A%2F%2Fid.who.int%2Ficd%2Fentity%2F182001249"",""browser"")"	True	False					
http://id.who.int/icd/entity/502364833	http://id.who.int/icd/release/11/mms/502364833	XE1N9		"- - - - - Type of sport or exercise activity, paintball gun shooting"	category	2	False	X	"=hyperlink(""https://icd.who.int/browse11/l-m/en#/http%3A%2F%2Fid.who.int%2Ficd%2Fentity%2F502364833"",""browser"")"	True	False					
http://id.who.int/icd/entity/2097219148	http://id.who.int/icd/release/11/mms/2097219148	XE3E4		"- - - - Combative sports"	category	1	False	X	"=hyperlink(""https://icd.who.int/browse11/l-m/en#/http%3A%2F%2Fid.who.int%2Ficd%2Fentity%2F2097219148"",""browser"")"	False	False					
http://id.who.int/icd/entity/1643505503	http://id.who.int/icd/release/11/mms/1643505503	XE7K5		"- - - - - Type of sport or exercise activity, aikido"	category	2	False	X	"=hyperlink(""https://icd.who.int/browse11/l-m/en#/http%3A%2F%2Fid.who.int%2Ficd%2Fentity%2F1643505503"",""browser"")"	True	False					
http://id.who.int/icd/entity/1485654559	http://id.who.int/icd/release/11/mms/1485654559	XE8AB		"- - - - - Type of sport or exercise activity, boxing"	category	2	False	X	"=hyperlink(""https://icd.who.int/browse11/l-m/en#/http%3A%2F%2Fid.who.int%2Ficd%2Fentity%2F1485654559"",""browser"")"	True	False					
http://id.who.int/icd/entity/1336225503	http://id.who.int/icd/release/11/mms/1336225503	XE4E3		"- - - - - Type of sport or exercise activity, fencing"	category	2	False	X	"=hyperlink(""https://icd.who.int/browse11/l-m/en#/http%3A%2F%2Fid.who.int%2Ficd%2Fentity%2F1336225503"",""browser"")"	True	False					
http://id.who.int/icd/entity/712773791	http://id.who.int/icd/release/11/mms/712773791	XE6B1		"- - - - - Type of sport or exercise activity, judo"	category	2	False	X	"=hyperlink(""https://icd.who.int/browse11/l-m/en#/http%3A%2F%2Fid.who.int%2Ficd%2Fentity%2F712773791"",""browser"")"	True	False					
http://id.who.int/icd/entity/1028944991	http://id.who.int/icd/release/11/mms/1028944991	XE0U2		"- - - - - Type of sport or exercise activity, jujitsu"	category	2	False	X	"=hyperlink(""https://icd.who.int/browse11/l-m/en#/http%3A%2F%2Fid.who.int%2Ficd%2Fentity%2F1028944991"",""browser"")"	True	False					
http://id.who.int/icd/entity/70048031	http://id.who.int/icd/release/11/mms/70048031	XE567		"- - - - - Type of sport or exercise activity, karate"	category	2	False	X	"=hyperlink(""https://icd.who.int/browse11/l-m/en#/http%3A%2F%2Fid.who.int%2Ficd%2Fentity%2F70048031"",""browser"")"	True	False					
http://id.who.int/icd/entity/319077855	http://id.who.int/icd/release/11/mms/319077855	XE8WT		"- - - - - Type of sport or exercise activity, kendo"	category	2	False	X	"=hyperlink(""https://icd.who.int/browse11/l-m/en#/http%3A%2F%2Fid.who.int%2Ficd%2Fentity%2F319077855"",""browser"")"	True	False					
http://id.who.int/icd/entity/811686497	http://id.who.int/icd/release/11/mms/811686497	XE0Y9		"- - - - - Type of sport or exercise activity, kick-boxing"	category	2	False	X	"=hyperlink(""https://icd.who.int/browse11/l-m/en#/http%3A%2F%2Fid.who.int%2Ficd%2Fentity%2F811686497"",""browser"")"	True	False					
http://id.who.int/icd/entity/659111585	http://id.who.int/icd/release/11/mms/659111585	XE5QV		"- - - - - Type of sport or exercise activity, kung fu"	category	2	False	X	"=hyperlink(""https://icd.who.int/browse11/l-m/en#/http%3A%2F%2Fid.who.int%2Ficd%2Fentity%2F659111585"",""browser"")"	True	False					
http://id.who.int/icd/entity/134682952	http://id.who.int/icd/release/11/mms/134682952	XE7RA		"- - - - - Type of sport or exercise activity, tae kwon do"	category	2	False	X	"=hyperlink(""https://icd.who.int/browse11/l-m/en#/http%3A%2F%2Fid.who.int%2Ficd%2Fentity%2F134682952"",""browser"")"	True	False					
http://id.who.int/icd/entity/523206024	http://id.who.int/icd/release/11/mms/523206024	XE0CG		"- - - - - Type of sport or exercise activity, freestyle wrestling"	category	2	False	X	"=hyperlink(""https://icd.who.int/browse11/l-m/en#/http%3A%2F%2Fid.who.int%2Ficd%2Fentity%2F523206024"",""browser"")"	True	False					
http://id.who.int/icd/entity/643289288	http://id.who.int/icd/release/11/mms/643289288	XE8M6		"- - - - - Type of sport or exercise activity, Greco-Roman wrestling"	category	2	False	X	"=hyperlink(""https://icd.who.int/browse11/l-m/en#/http%3A%2F%2Fid.who.int%2Ficd%2Fentity%2F643289288"",""browser"")"	True	False					
http://id.who.int/icd/entity/830452744	http://id.who.int/icd/release/11/mms/830452744	XE4QQ		"- - - - - Type of sport or exercise activity, professional wrestling - entertainment style"	category	2	False	X	"=hyperlink(""https://icd.who.int/browse11/l-m/en#/http%3A%2F%2Fid.who.int%2Ficd%2Fentity%2F830452744"",""browser"")"	True	False					
http://id.who.int/icd/entity/1420200520	http://id.who.int/icd/release/11/mms/1420200520	XE75J		"- - - - - Type of sport or exercise activity, self defence training"	category	2	False	X	"=hyperlink(""https://icd.who.int/browse11/l-m/en#/http%3A%2F%2Fid.who.int%2Ficd%2Fentity%2F1420200520"",""browser"")"	True	False					
http://id.who.int/icd/entity/1781097100	http://id.who.int/icd/release/11/mms/1781097100	XE1EU		"- - - - Power sports"	category	1	False	X	"=hyperlink(""https://icd.who.int/browse11/l-m/en#/http%3A%2F%2Fid.who.int%2Ficd%2Fentity%2F1781097100"",""browser"")"	False	False					
http://id.who.int/icd/entity/1614813762	http://id.who.int/icd/release/11/mms/1614813762	XE7QE		"- - - - - Type of sport or exercise activity, power lifting"	category	2	False	X	"=hyperlink(""https://icd.who.int/browse11/l-m/en#/http%3A%2F%2Fid.who.int%2Ficd%2Fentity%2F1614813762"",""browser"")"	True	False					
http://id.who.int/icd/entity/1496889090	http://id.who.int/icd/release/11/mms/1496889090	XE6RQ		"- - - - - Type of sport or exercise activity, Olympic weightlifting"	category	2	False	X	"=hyperlink(""https://icd.who.int/browse11/l-m/en#/http%3A%2F%2Fid.who.int%2Ficd%2Fentity%2F1496889090"",""browser"")"	True	False					
http://id.who.int/icd/entity/1309725634	http://id.who.int/icd/release/11/mms/1309725634	XE0N6		"- - - - - Type of sport or exercise activity, strength training or body building"	category	2	False	X	"=hyperlink(""https://icd.who.int/browse11/l-m/en#/http%3A%2F%2Fid.who.int%2Ficd%2Fentity%2F1309725634"",""browser"")"	True	False					
http://id.who.int/icd/entity/734653826	http://id.who.int/icd/release/11/mms/734653826	XE3PG		"- - - - - Type of sport or exercise activity, timber-related sports"	category	2	False	X	"=hyperlink(""https://icd.who.int/browse11/l-m/en#/http%3A%2F%2Fid.who.int%2Ficd%2Fentity%2F734653826"",""browser"")"	True	False					
http://id.who.int/icd/entity/267410636	http://id.who.int/icd/release/11/mms/267410636	XE42Q		"- - - - Equestrian activities"	category	1	False	X	"=hyperlink(""https://icd.who.int/browse11/l-m/en#/http%3A%2F%2Fid.who.int%2Ficd%2Fentity%2F267410636"",""browser"")"	False	False					
http://id.who.int/icd/entity/1682565393	http://id.who.int/icd/release/11/mms/1682565393	XE6DF		"- - - - - Type of sport or exercise activity, equestrian dressage"	category	2	False	X	"=hyperlink(""https://icd.who.int/browse11/l-m/en#/http%3A%2F%2Fid.who.int%2Ficd%2Fentity%2F1682565393"",""browser"")"	True	False					
http://id.who.int/icd/entity/1563509841	http://id.who.int/icd/release/11/mms/1563509841	XE75K		"- - - - - Type of sport or exercise activity, endurance riding"	category	2	False	X	"=hyperlink(""https://icd.who.int/browse11/l-m/en#/http%3A%2F%2Fid.who.int%2Ficd%2Fentity%2F1563509841"",""browser"")"	True	False					
http://id.who.int/icd/entity/1243160721	http://id.who.int/icd/release/11/mms/1243160721	XE8JM		"- - - - - Type of sport or exercise activity, equestrian eventing"	category	2	False	X	"=hyperlink(""https://icd.who.int/browse11/l-m/en#/http%3A%2F%2Fid.who.int%2Ficd%2Fentity%2F1243160721"",""browser"")"	True	False					
http://id.who.int/icd/entity/801119953	http://id.who.int/icd/release/11/mms/801119953	XE0BK		"- - - - - Type of sport or exercise activity, mustering or stock work"	category	2	False	X	"=hyperlink(""https://icd.who.int/browse11/l-m/en#/http%3A%2F%2Fid.who.int%2Ficd%2Fentity%2F801119953"",""browser"")"	True	False					
http://id.who.int/icd/entity/954759697	http://id.who.int/icd/release/11/mms/954759697	XE6PK		"- - - - - Type of sport or exercise activity, equestrian polo or polocrosse"	category	2	False	X	"=hyperlink(""https://icd.who.int/browse11/l-m/en#/http%3A%2F%2Fid.who.int%2Ficd%2Fentity%2F954759697"",""browser"")"	True	False					
http://id.who.int/icd/entity/26269521	http://id.who.int/icd/release/11/mms/26269521	XE4GZ		"- - - - - Type of sport or exercise activity, pony club"	category	2	False	X	"=hyperlink(""https://icd.who.int/browse11/l-m/en#/http%3A%2F%2Fid.who.int%2Ficd%2Fentity%2F26269521"",""browser"")"	True	False					
http://id.who.int/icd/entity/381203345	http://id.who.int/icd/release/11/mms/381203345	XE0P4		"- - - - - Type of sport or exercise activity, horse racing"	category	2	False	X	"=hyperlink(""https://icd.who.int/browse11/l-m/en#/http%3A%2F%2Fid.who.int%2Ficd%2Fentity%2F381203345"",""browser"")"	True	False					
http://id.who.int/icd/entity/903697455	http://id.who.int/icd/release/11/mms/903697455	XE56X		"- - - - - Type of sport or exercise activity, rodeo"	category	2	False	X	"=hyperlink(""https://icd.who.int/browse11/l-m/en#/http%3A%2F%2Fid.who.int%2Ficd%2Fentity%2F903697455"",""browser"")"	True	False					
http://id.who.int/icd/entity/586494191	http://id.who.int/icd/release/11/mms/586494191	XE7X5		"- - - - - Type of sport or exercise activity, show jumping"	category	2	False	X	"=hyperlink(""https://icd.who.int/browse11/l-m/en#/http%3A%2F%2Fid.who.int%2Ficd%2Fentity%2F586494191"",""browser"")"	True	False					
http://id.who.int/icd/entity/230364938	http://id.who.int/icd/release/11/mms/230364938	XE7MC		"- - - - - Type of sport or exercise activity, equestrian steeplechase"	category	2	False	X	"=hyperlink(""https://icd.who.int/browse11/l-m/en#/http%3A%2F%2Fid.who.int%2Ficd%2Fentity%2F230364938"",""browser"")"	True	False					
http://id.who.int/icd/entity/445871050	http://id.who.int/icd/release/11/mms/445871050	XE1LH		"- - - - - Type of sport or exercise activity, trail or general horseback riding"	category	2	False	X	"=hyperlink(""https://icd.who.int/browse11/l-m/en#/http%3A%2F%2Fid.who.int%2Ficd%2Fentity%2F445871050"",""browser"")"	True	False					
http://id.who.int/icd/entity/602660490	http://id.who.int/icd/release/11/mms/602660490	XE2LJ		"- - - - - Type of sport or exercise activity, equestrian trotting or harness"	category	2	False	X	"=hyperlink(""https://icd.who.int/browse11/l-m/en#/http%3A%2F%2Fid.who.int%2Ficd%2Fentity%2F602660490"",""browser"")"	True	False					
http://id.who.int/icd/entity/416823308	http://id.who.int/icd/release/11/mms/416823308	XE3T3		"- - - - Adventure sports"	category	1	False	X	"=hyperlink(""https://icd.who.int/browse11/l-m/en#/http%3A%2F%2Fid.who.int%2Ficd%2Fentity%2F416823308"",""browser"")"	False	False					
http://id.who.int/icd/entity/1711019020	http://id.who.int/icd/release/11/mms/1711019020	XE08U		"- - - - - Type of sport or exercise activity, abseiling or rappelling"	category	2	False	X	"=hyperlink(""https://icd.who.int/browse11/l-m/en#/http%3A%2F%2Fid.who.int%2Ficd%2Fentity%2F1711019020"",""browser"")"	True	False					
http://id.who.int/icd/entity/1552202060	http://id.who.int/icd/release/11/mms/1552202060	XE5BS		"- - - - - Type of sport or exercise activity, hiking"	category	2	False	X	"=hyperlink(""https://icd.who.int/browse11/l-m/en#/http%3A%2F%2Fid.who.int%2Ficd%2Fentity%2F1552202060"",""browser"")"	True	False					
http://id.who.int/icd/entity/1269620108	http://id.who.int/icd/release/11/mms/1269620108	XE79W		"- - - - - Type of sport or exercise activity, mountaineering"	category	2	False	X	"=hyperlink(""https://icd.who.int/browse11/l-m/en#/http%3A%2F%2Fid.who.int%2Ficd%2Fentity%2F1269620108"",""browser"")"	True	False					
http://id.who.int/icd/entity/779477964	http://id.who.int/icd/release/11/mms/779477964	XE8WG		"- - - - - Type of sport or exercise activity, orienteering or rogaining"	category	2	False	X	"=hyperlink(""https://icd.who.int/browse11/l-m/en#/http%3A%2F%2Fid.who.int%2Ficd%2Fentity%2F779477964"",""browser"")"	True	False					
http://id.who.int/icd/entity/962430732	http://id.who.int/icd/release/11/mms/962430732	XE2J8		"- - - - - Type of sport or exercise activity, river rafting"	category	2	False	X	"=hyperlink(""https://icd.who.int/browse11/l-m/en#/http%3A%2F%2Fid.who.int%2Ficd%2Fentity%2F962430732"",""browser"")"	True	False					
http://id.who.int/icd/entity/2435660	http://id.who.int/icd/release/11/mms/2435660	XE6Z2		"- - - - - Type of sport or exercise activity, rock climbing"	category	2	False	X	"=hyperlink(""https://icd.who.int/browse11/l-m/en#/http%3A%2F%2Fid.who.int%2Ficd%2Fentity%2F2435660"",""browser"")"	True	False					
http://id.who.int/icd/entity/386748044	http://id.who.int/icd/release/11/mms/386748044	XE74G		"- - - - - Type of sport or exercise activity, bungee jumping"	category	2	False	X	"=hyperlink(""https://icd.who.int/browse11/l-m/en#/http%3A%2F%2Fid.who.int%2Ficd%2Fentity%2F386748044"",""browser"")"	True	False					
http://id.who.int/icd/entity/564172108	http://id.who.int/icd/release/11/mms/564172108	XE85A		"- - - - Wheeled motor sports"	category	1	False	X	"=hyperlink(""https://icd.who.int/browse11/l-m/en#/http%3A%2F%2Fid.who.int%2Ficd%2Fentity%2F564172108"",""browser"")"	False	False					
http://id.who.int/icd/entity/1730286379	http://id.who.int/icd/release/11/mms/1730286379	XE7HV		"- - - - - Type of sport or exercise activity, riding an all-terrain vehicle (ATV)"	category	2	False	X	"=hyperlink(""https://icd.who.int/browse11/l-m/en#/http%3A%2F%2Fid.who.int%2Ficd%2Fentity%2F1730286379"",""browser"")"	True	False					
http://id.who.int/icd/entity/1583005291	http://id.who.int/icd/release/11/mms/1583005291	XE1R5		"- - - - - Type of sport or exercise activity, motorcycling"	category	2	False	X	"=hyperlink(""https://icd.who.int/browse11/l-m/en#/http%3A%2F%2Fid.who.int%2Ficd%2Fentity%2F1583005291"",""browser"")"	True	False					
http://id.who.int/icd/entity/1232263851	http://id.who.int/icd/release/11/mms/1232263851	XE26F		"- - - - - Type of sport or exercise activity, motor car racing"	category	2	False	X	"=hyperlink(""https://icd.who.int/browse11/l-m/en#/http%3A%2F%2Fid.who.int%2Ficd%2Fentity%2F1232263851"",""browser"")"	True	False					
http://id.who.int/icd/entity/749462763	http://id.who.int/icd/release/11/mms/749462763	XE46F		"- - - - - Type of sport or exercise activity, go-carting or carting"	category	2	False	X	"=hyperlink(""https://icd.who.int/browse11/l-m/en#/http%3A%2F%2Fid.who.int%2Ficd%2Fentity%2F749462763"",""browser"")"	True	False					
http://id.who.int/icd/entity/998473771	http://id.who.int/icd/release/11/mms/998473771	XE1MM		"- - - - - Type of sport or exercise activity, motorised scootering"	category	2	False	X	"=hyperlink(""https://icd.who.int/browse11/l-m/en#/http%3A%2F%2Fid.who.int%2Ficd%2Fentity%2F998473771"",""browser"")"	True	False					
http://id.who.int/icd/entity/914944396	http://id.who.int/icd/release/11/mms/914944396	XE4DA		"- - - - Wheeled non-motored sports"	category	1	False	X	"=hyperlink(""https://icd.who.int/browse11/l-m/en#/http%3A%2F%2Fid.who.int%2Ficd%2Fentity%2F914944396"",""browser"")"	False	False					
http://id.who.int/icd/entity/1721232950	http://id.who.int/icd/release/11/mms/1721232950	XE5UJ		"- - - - - Type of sport or exercise activity, BMX cycling"	category	2	False	X	"=hyperlink(""https://icd.who.int/browse11/l-m/en#/http%3A%2F%2Fid.who.int%2Ficd%2Fentity%2F1721232950"",""browser"")"	True	False					
http://id.who.int/icd/entity/1609515894	http://id.who.int/icd/release/11/mms/1609515894	XE4SS		"- - - - - Type of sport or exercise activity, mountain cycling"	category	2	False	X	"=hyperlink(""https://icd.who.int/browse11/l-m/en#/http%3A%2F%2Fid.who.int%2Ficd%2Fentity%2F1609515894"",""browser"")"	True	False					
http://id.who.int/icd/entity/1221011382	http://id.who.int/icd/release/11/mms/1221011382	XE87G		"- - - - - Type of sport or exercise activity, road cycling"	category	2	False	X	"=hyperlink(""https://icd.who.int/browse11/l-m/en#/http%3A%2F%2Fid.who.int%2Ficd%2Fentity%2F1221011382"",""browser"")"	True	False					
http://id.who.int/icd/entity/756947446	http://id.who.int/icd/release/11/mms/756947446	XE8U6		"- - - - - Type of sport or exercise activity, track or velodrome cycling"	category	2	False	X	"=hyperlink(""https://icd.who.int/browse11/l-m/en#/http%3A%2F%2Fid.who.int%2Ficd%2Fentity%2F756947446"",""browser"")"	True	False					
http://id.who.int/icd/entity/55496822	http://id.who.int/icd/release/11/mms/55496822	XE7MG		"- - - - - Type of sport or exercise activity, cycling not otherwise specified"	category	2	False	X	"=hyperlink(""https://icd.who.int/browse11/l-m/en#/http%3A%2F%2Fid.who.int%2Ficd%2Fentity%2F55496822"",""browser"")"	True	False					
http://id.who.int/icd/entity/342275254	http://id.who.int/icd/release/11/mms/342275254	XE5V9		"- - - - - type of sport/exercise activity, in-line skating/rollerblading"	category	2	False	X	"=hyperlink(""https://icd.who.int/browse11/l-m/en#/http%3A%2F%2Fid.who.int%2Ficd%2Fentity%2F342275254"",""browser"")"	True	False					
http://id.who.int/icd/entity/922964746	http://id.who.int/icd/release/11/mms/922964746	XE2DY		"- - - - - Type of sport or exercise activity, roller skating"	category	2	False	X	"=hyperlink(""https://icd.who.int/browse11/l-m/en#/http%3A%2F%2Fid.who.int%2Ficd%2Fentity%2F922964746"",""browser"")"	True	False					
http://id.who.int/icd/entity/539703242	http://id.who.int/icd/release/11/mms/539703242	XE1AS		"- - - - - Type of sport or exercise activity, skate boarding"	category	2	False	X	"=hyperlink(""https://icd.who.int/browse11/l-m/en#/http%3A%2F%2Fid.who.int%2Ficd%2Fentity%2F539703242"",""browser"")"	True	False					
http://id.who.int/icd/entity/258281519	http://id.who.int/icd/release/11/mms/258281519	XE6X9		"- - - - - Type of sport or exercise activity, scootering"	category	2	False	X	"=hyperlink(""https://icd.who.int/browse11/l-m/en#/http%3A%2F%2Fid.who.int%2Ficd%2Fentity%2F258281519"",""browser"")"	True	False					
http://id.who.int/icd/entity/407729391	http://id.who.int/icd/release/11/mms/407729391	XE72X		"- - - - - Type of sport or exercise activity, spinning or stationary bike riding"	category	2	False	X	"=hyperlink(""https://icd.who.int/browse11/l-m/en#/http%3A%2F%2Fid.who.int%2Ficd%2Fentity%2F407729391"",""browser"")"	True	False					
http://id.who.int/icd/entity/557177263	http://id.who.int/icd/release/11/mms/557177263	XE78K		"- - - - - Type of sport or exercise activity, street luge"	category	2	False	X	"=hyperlink(""https://icd.who.int/browse11/l-m/en#/http%3A%2F%2Fid.who.int%2Ficd%2Fentity%2F557177263"",""browser"")"	True	False					
http://id.who.int/icd/entity/367859252	http://id.who.int/icd/release/11/mms/367859252	XE7BS		"- - - - Multidiscipline sports"	category	1	False	X	"=hyperlink(""https://icd.who.int/browse11/l-m/en#/http%3A%2F%2Fid.who.int%2Ficd%2Fentity%2F367859252"",""browser"")"	False	False					
http://id.who.int/icd/entity/1865545101	http://id.who.int/icd/release/11/mms/1865545101	XE3BK		"- - - - - Type of sport or exercise activity, biathlon - cross-country skiing event"	category	2	False	X	"=hyperlink(""https://icd.who.int/browse11/l-m/en#/http%3A%2F%2Fid.who.int%2Ficd%2Fentity%2F1865545101"",""browser"")"	True	False					
http://id.who.int/icd/entity/1447647437	http://id.who.int/icd/release/11/mms/1447647437	XE05T		"- - - - - Type of sport or exercise activity, biathlon - shooting event"	category	2	False	X	"=hyperlink(""https://icd.who.int/browse11/l-m/en#/http%3A%2F%2Fid.who.int%2Ficd%2Fentity%2F1447647437"",""browser"")"	True	False					
http://id.who.int/icd/entity/1096891405	http://id.who.int/icd/release/11/mms/1096891405	XE7ZX		"- - - - - Type of sport or exercise activity, biathlon - unspecified event"	category	2	False	X	"=hyperlink(""https://icd.who.int/browse11/l-m/en#/http%3A%2F%2Fid.who.int%2Ficd%2Fentity%2F1096891405"",""browser"")"	True	False					
http://id.who.int/icd/entity/616038989	http://id.who.int/icd/release/11/mms/616038989	XE5PT		"- - - - - Type of sport or exercise activity, decathlon - 100 metre event"	category	2	False	X	"=hyperlink(""https://icd.who.int/browse11/l-m/en#/http%3A%2F%2Fid.who.int%2Ficd%2Fentity%2F616038989"",""browser"")"	True	False					
http://id.who.int/icd/entity/865101453	http://id.who.int/icd/release/11/mms/865101453	XE7ND		"- - - - - Type of sport or exercise activity, decathlon - 400 metre event"	category	2	False	X	"=hyperlink(""https://icd.who.int/browse11/l-m/en#/http%3A%2F%2Fid.who.int%2Ficd%2Fentity%2F865101453"",""browser"")"	True	False					
http://id.who.int/icd/entity/183028685	http://id.who.int/icd/release/11/mms/183028685	XE9AM		"- - - - - Type of sport or exercise activity, decathlon - 1,500 metre event"	category	2	False	X	"=hyperlink(""https://icd.who.int/browse11/l-m/en#/http%3A%2F%2Fid.who.int%2Ficd%2Fentity%2F183028685"",""browser"")"	True	False					
http://id.who.int/icd/entity/499166989	http://id.who.int/icd/release/11/mms/499166989	XE5C1		"- - - - - Type of sport or exercise activity, decathlon - 110 metre hurdles event"	category	2	False	X	"=hyperlink(""https://icd.who.int/browse11/l-m/en#/http%3A%2F%2Fid.who.int%2Ficd%2Fentity%2F499166989"",""browser"")"	True	False					
http://id.who.int/icd/entity/1051019443	http://id.who.int/icd/release/11/mms/1051019443	XE6CK		"- - - - - Type of sport or exercise activity, decathlon - long jump event"	category	2	False	X	"=hyperlink(""https://icd.who.int/browse11/l-m/en#/http%3A%2F%2Fid.who.int%2Ficd%2Fentity%2F1051019443"",""browser"")"	True	False					
http://id.who.int/icd/entity/697117811	http://id.who.int/icd/release/11/mms/697117811	XE331		"- - - - - Type of sport or exercise activity, decathlon - high jump event"	category	2	False	X	"=hyperlink(""https://icd.who.int/browse11/l-m/en#/http%3A%2F%2Fid.who.int%2Ficd%2Fentity%2F697117811"",""browser"")"	True	False					
http://id.who.int/icd/entity/113445782	http://id.who.int/icd/release/11/mms/113445782	XE6GN		"- - - - - Type of sport or exercise activity, decathlon - shot put event"	category	2	False	X	"=hyperlink(""https://icd.who.int/browse11/l-m/en#/http%3A%2F%2Fid.who.int%2Ficd%2Fentity%2F113445782"",""browser"")"	True	False					
http://id.who.int/icd/entity/300642134	http://id.who.int/icd/release/11/mms/300642134	XE11Q		"- - - - - Type of sport or exercise activity, decathlon - discus event"	category	2	False	X	"=hyperlink(""https://icd.who.int/browse11/l-m/en#/http%3A%2F%2Fid.who.int%2Ficd%2Fentity%2F300642134"",""browser"")"	True	False					
http://id.who.int/icd/entity/680772118	http://id.who.int/icd/release/11/mms/680772118	XE37C		"- - - - - Type of sport or exercise activity, decathlon - javelin event"	category	2	False	X	"=hyperlink(""https://icd.who.int/browse11/l-m/en#/http%3A%2F%2Fid.who.int%2Ficd%2Fentity%2F680772118"",""browser"")"	True	False					
http://id.who.int/icd/entity/1069262550	http://id.who.int/icd/release/11/mms/1069262550	XE7LJ		"- - - - - Type of sport or exercise activity, decathlon - pole vault event"	category	2	False	X	"=hyperlink(""https://icd.who.int/browse11/l-m/en#/http%3A%2F%2Fid.who.int%2Ficd%2Fentity%2F1069262550"",""browser"")"	True	False					
http://id.who.int/icd/entity/1516411030	http://id.who.int/icd/release/11/mms/1516411030	XE48E		"- - - - - Type of sport or exercise activity, decathlon - unspecified event"	category	2	False	X	"=hyperlink(""https://icd.who.int/browse11/l-m/en#/http%3A%2F%2Fid.who.int%2Ficd%2Fentity%2F1516411030"",""browser"")"	True	False					
http://id.who.int/icd/entity/1296759894	http://id.who.int/icd/release/11/mms/1296759894	XE4LW		"- - - - - Type of sport or exercise activity, heptathlon - 200 metre event"	category	2	False	X	"=hyperlink(""https://icd.who.int/browse11/l-m/en#/http%3A%2F%2Fid.who.int%2Ficd%2Fentity%2F1296759894"",""browser"")"	True	False					
http://id.who.int/icd/entity/1949454614	http://id.who.int/icd/release/11/mms/1949454614	XE9EF		"- - - - - Type of sport or exercise activity, heptathlon - 100 metre hurdles event"	category	2	False	X	"=hyperlink(""https://icd.who.int/browse11/l-m/en#/http%3A%2F%2Fid.who.int%2Ficd%2Fentity%2F1949454614"",""browser"")"	True	False					
http://id.who.int/icd/entity/1662662102	http://id.who.int/icd/release/11/mms/1662662102	XE90J		"- - - - - Type of sport or exercise activity, heptathlon - high jump event"	category	2	False	X	"=hyperlink(""https://icd.who.int/browse11/l-m/en#/http%3A%2F%2Fid.who.int%2Ficd%2Fentity%2F1662662102"",""browser"")"	True	False					
http://id.who.int/icd/entity/1082118762	http://id.who.int/icd/release/11/mms/1082118762	XE8WE		"- - - - - Type of sport or exercise activity, heptathlon - long jump event"	category	2	False	X	"=hyperlink(""https://icd.who.int/browse11/l-m/en#/http%3A%2F%2Fid.who.int%2Ficd%2Fentity%2F1082118762"",""browser"")"	True	False					
http://id.who.int/icd/entity/1465366186	http://id.who.int/icd/release/11/mms/1465366186	XE7TG		"- - - - - Type of sport or exercise activity, heptathlon - javelin event"	category	2	False	X	"=hyperlink(""https://icd.who.int/browse11/l-m/en#/http%3A%2F%2Fid.who.int%2Ficd%2Fentity%2F1465366186"",""browser"")"	True	False					
http://id.who.int/icd/entity/1591583422	http://id.who.int/icd/release/11/mms/1591583422	XE294		"- - - - - Type of sport or exercise activity, heptathlon - shot putt event"	category	2	False	X	"=hyperlink(""https://icd.who.int/browse11/l-m/en#/http%3A%2F%2Fid.who.int%2Ficd%2Fentity%2F1591583422"",""browser"")"	True	False					
http://id.who.int/icd/entity/1240843902	http://id.who.int/icd/release/11/mms/1240843902	XE4CW		"- - - - - Type of sport or exercise activity, heptathlon - 800 metre event"	category	2	False	X	"=hyperlink(""https://icd.who.int/browse11/l-m/en#/http%3A%2F%2Fid.who.int%2Ficd%2Fentity%2F1240843902"",""browser"")"	True	False					
http://id.who.int/icd/entity/1888316222	http://id.who.int/icd/release/11/mms/1888316222	XE1JE		"- - - - - Type of sport or exercise activity, heptathlon - unspecified event"	category	2	False	X	"=hyperlink(""https://icd.who.int/browse11/l-m/en#/http%3A%2F%2Fid.who.int%2Ficd%2Fentity%2F1888316222"",""browser"")"	True	False					
http://id.who.int/icd/entity/1738870782	http://id.who.int/icd/release/11/mms/1738870782	XE3GA		"- - - - - Type of sport or exercise activity, modern pentathlon - shooting event"	category	2	False	X	"=hyperlink(""https://icd.who.int/browse11/l-m/en#/http%3A%2F%2Fid.who.int%2Ficd%2Fentity%2F1738870782"",""browser"")"	True	False					
http://id.who.int/icd/entity/41693630	http://id.who.int/icd/release/11/mms/41693630	XE758		"- - - - - Type of sport or exercise activity, modern pentathlon - fencing event"	category	2	False	X	"=hyperlink(""https://icd.who.int/browse11/l-m/en#/http%3A%2F%2Fid.who.int%2Ficd%2Fentity%2F41693630"",""browser"")"	True	False					
http://id.who.int/icd/entity/357848446	http://id.who.int/icd/release/11/mms/357848446	XE7GA		"- - - - - Type of sport or exercise activity, modern pentathlon - swimming event"	category	2	False	X	"=hyperlink(""https://icd.who.int/browse11/l-m/en#/http%3A%2F%2Fid.who.int%2Ficd%2Fentity%2F357848446"",""browser"")"	True	False					
http://id.who.int/icd/entity/741144638	http://id.who.int/icd/release/11/mms/741144638	XE8KQ		"- - - - - Type of sport or exercise activity, modern pentathlon - equestrian event"	category	2	False	X	"=hyperlink(""https://icd.who.int/browse11/l-m/en#/http%3A%2F%2Fid.who.int%2Ficd%2Fentity%2F741144638"",""browser"")"	True	False					
http://id.who.int/icd/entity/990158078	http://id.who.int/icd/release/11/mms/990158078	XE84E		"- - - - - Type of sport or exercise activity, modern pentathlon - running event"	category	2	False	X	"=hyperlink(""https://icd.who.int/browse11/l-m/en#/http%3A%2F%2Fid.who.int%2Ficd%2Fentity%2F990158078"",""browser"")"	True	False					
http://id.who.int/icd/entity/409041730	http://id.who.int/icd/release/11/mms/409041730	XE2B4		"- - - - - Type of sport or exercise activity, modern pentathlon - unspecified event"	category	2	False	X	"=hyperlink(""https://icd.who.int/browse11/l-m/en#/http%3A%2F%2Fid.who.int%2Ficd%2Fentity%2F409041730"",""browser"")"	True	False					
http://id.who.int/icd/entity/256450434	http://id.who.int/icd/release/11/mms/256450434	XE2XU		"- - - - - Type of sport or exercise activity, triathlon - cycling event"	category	2	False	X	"=hyperlink(""https://icd.who.int/browse11/l-m/en#/http%3A%2F%2Fid.who.int%2Ficd%2Fentity%2F256450434"",""browser"")"	True	False					
http://id.who.int/icd/entity/537344101	http://id.who.int/icd/release/11/mms/537344101	XE0J9		"- - - - - Type of sport or exercise activity, triathlon - running event"	category	2	False	X	"=hyperlink(""https://icd.who.int/browse11/l-m/en#/http%3A%2F%2Fid.who.int%2Ficd%2Fentity%2F537344101"",""browser"")"	True	False					
http://id.who.int/icd/entity/925850789	http://id.who.int/icd/release/11/mms/925850789	XE8ZK		"- - - - - Type of sport or exercise activity, triathlon - swimming event"	category	2	False	X	"=hyperlink(""https://icd.who.int/browse11/l-m/en#/http%3A%2F%2Fid.who.int%2Ficd%2Fentity%2F925850789"",""browser"")"	True	False					
http://id.who.int/icd/entity/240644581	http://id.who.int/icd/release/11/mms/240644581	XE01T		"- - - - - Type of sport or exercise activity, triathlon - unspecified event"	category	2	False	X	"=hyperlink(""https://icd.who.int/browse11/l-m/en#/http%3A%2F%2Fid.who.int%2Ficd%2Fentity%2F240644581"",""browser"")"	True	False					
http://id.who.int/icd/entity/46494452	http://id.who.int/icd/release/11/mms/46494452	XE03W		"- - - - Aero (non-motored) sports"	category	1	False	X	"=hyperlink(""https://icd.who.int/browse11/l-m/en#/http%3A%2F%2Fid.who.int%2Ficd%2Fentity%2F46494452"",""browser"")"	False	False					
http://id.who.int/icd/entity/1854146704	http://id.who.int/icd/release/11/mms/1854146704	XE34L		"- - - - - Type of sport or exercise activity, aerobatics"	category	2	False	X	"=hyperlink(""https://icd.who.int/browse11/l-m/en#/http%3A%2F%2Fid.who.int%2Ficd%2Fentity%2F1854146704"",""browser"")"	True	False					
http://id.who.int/icd/entity/1476175312	http://id.who.int/icd/release/11/mms/1476175312	XE88Y		"- - - - - Type of sport or exercise activity, gliding"	category	2	False	X	"=hyperlink(""https://icd.who.int/browse11/l-m/en#/http%3A%2F%2Fid.who.int%2Ficd%2Fentity%2F1476175312"",""browser"")"	True	False					
http://id.who.int/icd/entity/1087684880	http://id.who.int/icd/release/11/mms/1087684880	XE3VS		"- - - - - Type of sport or exercise activity, hang gliding"	category	2	False	X	"=hyperlink(""https://icd.who.int/browse11/l-m/en#/http%3A%2F%2Fid.who.int%2Ficd%2Fentity%2F1087684880"",""browser"")"	True	False					
http://id.who.int/icd/entity/621674320	http://id.who.int/icd/release/11/mms/621674320	XE0JU		"- - - - - type of sport/exercise activity, parachuting/sky diving"	category	2	False	X	"=hyperlink(""https://icd.who.int/browse11/l-m/en#/http%3A%2F%2Fid.who.int%2Ficd%2Fentity%2F621674320"",""browser"")"	True	False					
http://id.who.int/icd/entity/841325456	http://id.who.int/icd/release/11/mms/841325456	XE06C		"- - - - - Type of sport or exercise activity, paragliding or parasailing"	category	2	False	X	"=hyperlink(""https://icd.who.int/browse11/l-m/en#/http%3A%2F%2Fid.who.int%2Ficd%2Fentity%2F841325456"",""browser"")"	True	False					
http://id.who.int/icd/entity/190658256	http://id.who.int/icd/release/11/mms/190658256	XE99S		"- - - - - Type of sport or exercise activity, hot air ballooning"	category	2	False	X	"=hyperlink(""https://icd.who.int/browse11/l-m/en#/http%3A%2F%2Fid.who.int%2Ficd%2Fentity%2F190658256"",""browser"")"	True	False					
http://id.who.int/icd/entity/189753060	http://id.who.int/icd/release/11/mms/189753060	XE68C		"- - - - Other school-related recreational activities"	category	1	False	X	"=hyperlink(""https://icd.who.int/browse11/l-m/en#/http%3A%2F%2Fid.who.int%2Ficd%2Fentity%2F189753060"",""browser"")"	False	False					
http://id.who.int/icd/entity/641677437	http://id.who.int/icd/release/11/mms/641677437	XE49T		"- - - - - Type of sport or exercise activity, school physical education class"	category	2	False	X	"=hyperlink(""https://icd.who.int/browse11/l-m/en#/http%3A%2F%2Fid.who.int%2Ficd%2Fentity%2F641677437"",""browser"")"	True	False					
http://id.who.int/icd/entity/524784957	http://id.who.int/icd/release/11/mms/524784957	XE67P		"- - - - - Type of sport or exercise activity, school free play"	category	2	False	X	"=hyperlink(""https://icd.who.int/browse11/l-m/en#/http%3A%2F%2Fid.who.int%2Ficd%2Fentity%2F524784957"",""browser"")"	True	False					
http://id.who.int/icd/entity/1730679517	http://id.who.int/icd/release/11/mms/1730679517			"- - - Phase of sport or exercise activity"	block	3	False	X	"=hyperlink(""https://icd.who.int/browse11/l-m/en#/http%3A%2F%2Fid.who.int%2Ficd%2Fentity%2F1730679517"",""browser"")"	False						
http://id.who.int/icd/entity/749341667	http://id.who.int/icd/release/11/mms/749341667	XE9ET		"- - - - Phase of sport or exercise activity - Training or practice"	category	1	False	X	"=hyperlink(""https://icd.who.int/browse11/l-m/en#/http%3A%2F%2Fid.who.int%2Ficd%2Fentity%2F749341667"",""browser"")"	False	False					
http://id.who.int/icd/entity/955089313	http://id.who.int/icd/release/11/mms/955089313	XE1U5		"- - - - - Phase of activity, sport-specific or skill-specific practice"	category	2	False	X	"=hyperlink(""https://icd.who.int/browse11/l-m/en#/http%3A%2F%2Fid.who.int%2Ficd%2Fentity%2F955089313"",""browser"")"	True	False					
http://id.who.int/icd/entity/26553569	http://id.who.int/icd/release/11/mms/26553569	XE07B		"- - - - - Phase of activity, scrimmaging"	category	2	False	X	"=hyperlink(""https://icd.who.int/browse11/l-m/en#/http%3A%2F%2Fid.who.int%2Ficd%2Fentity%2F26553569"",""browser"")"	True	False					
http://id.who.int/icd/entity/381503521	http://id.who.int/icd/release/11/mms/381503521	XE0BT		"- - - - - Phase of activity, strength and conditioning or weight training"	category	2	False	X	"=hyperlink(""https://icd.who.int/browse11/l-m/en#/http%3A%2F%2Fid.who.int%2Ficd%2Fentity%2F381503521"",""browser"")"	True	False					
http://id.who.int/icd/entity/1935963745	http://id.who.int/icd/release/11/mms/1935963745	XE945		"- - - - - Phase of activity, cardiovascular training"	category	2	False	X	"=hyperlink(""https://icd.who.int/browse11/l-m/en#/http%3A%2F%2Fid.who.int%2Ficd%2Fentity%2F1935963745"",""browser"")"	True	False					
http://id.who.int/icd/entity/1769553055	http://id.who.int/icd/release/11/mms/1769553055	XE583		"- - - - - Phase of activity, not otherwise specified training or practice"	category	2	False	X	"=hyperlink(""https://icd.who.int/browse11/l-m/en#/http%3A%2F%2Fid.who.int%2Ficd%2Fentity%2F1769553055"",""browser"")"	True	False					
http://id.who.int/icd/entity/366126755	http://id.who.int/icd/release/11/mms/366126755	XE8MZ		"- - - - Phase of activity, pre-event"	category	1	False	X	"=hyperlink(""https://icd.who.int/browse11/l-m/en#/http%3A%2F%2Fid.who.int%2Ficd%2Fentity%2F366126755"",""browser"")"	True	False					
http://id.who.int/icd/entity/49988195	http://id.who.int/icd/release/11/mms/49988195	XE2D1		"- - - - Phase of activity, warm-up"	category	1	False	X	"=hyperlink(""https://icd.who.int/browse11/l-m/en#/http%3A%2F%2Fid.who.int%2Ficd%2Fentity%2F49988195"",""browser"")"	True	False					
http://id.who.int/icd/entity/1730411555	http://id.who.int/icd/release/11/mms/1730411555	XE5TJ		"- - - - Phase of sport or exercise activity - Competition or participation"	category	1	False	X	"=hyperlink(""https://icd.who.int/browse11/l-m/en#/http%3A%2F%2Fid.who.int%2Ficd%2Fentity%2F1730411555"",""browser"")"	False	False					
http://id.who.int/icd/entity/177950232	http://id.who.int/icd/release/11/mms/177950232	XE66C		"- - - - - Phase of activity, competition or participation, first 25% of expected event duration"	category	2	False	X	"=hyperlink(""https://icd.who.int/browse11/l-m/en#/http%3A%2F%2Fid.who.int%2Ficd%2Fentity%2F177950232"",""browser"")"	True	False					
http://id.who.int/icd/entity/870572888	http://id.who.int/icd/release/11/mms/870572888	XE0QY		"- - - - - Phase of activity, competition or participation, middle 50% of expected event duration"	category	2	False	X	"=hyperlink(""https://icd.who.int/browse11/l-m/en#/http%3A%2F%2Fid.who.int%2Ficd%2Fentity%2F870572888"",""browser"")"	True	False					
http://id.who.int/icd/entity/617318296	http://id.who.int/icd/release/11/mms/617318296	XE2CG		"- - - - - Phase of activity, competition or participation, last 25% of expected event duration"	category	2	False	X	"=hyperlink(""https://icd.who.int/browse11/l-m/en#/http%3A%2F%2Fid.who.int%2Ficd%2Fentity%2F617318296"",""browser"")"	True	False					
http://id.who.int/icd/entity/1527771944	http://id.who.int/icd/release/11/mms/1527771944	XE20Y		"- - - - - Phase of activity, competition or participation, events whose time course can not be anticipated"	category	2	False	X	"=hyperlink(""https://icd.who.int/browse11/l-m/en#/http%3A%2F%2Fid.who.int%2Ficd%2Fentity%2F1527771944"",""browser"")"	True	False					
http://id.who.int/icd/entity/1277663208	http://id.who.int/icd/release/11/mms/1277663208	XE4ZN		"- - - - - Phase of activity, competition or participation, unspecified stage of the event"	category	2	False	X	"=hyperlink(""https://icd.who.int/browse11/l-m/en#/http%3A%2F%2Fid.who.int%2Ficd%2Fentity%2F1277663208"",""browser"")"	True	False					
http://id.who.int/icd/entity/1879808227	http://id.who.int/icd/release/11/mms/1879808227	XE1P9		"- - - - Phase of activity, cool down"	category	1	False	X	"=hyperlink(""https://icd.who.int/browse11/l-m/en#/http%3A%2F%2Fid.who.int%2Ficd%2Fentity%2F1879808227"",""browser"")"	True	False					
http://id.who.int/icd/entity/1232287139	http://id.who.int/icd/release/11/mms/1232287139	XE2BD		"- - - - Phase of activity, post-event"	category	1	False	X	"=hyperlink(""https://icd.who.int/browse11/l-m/en#/http%3A%2F%2Fid.who.int%2Ficd%2Fentity%2F1232287139"",""browser"")"	True	False					
http://id.who.int/icd/entity/1583042915	http://id.who.int/icd/release/11/mms/1583042915	XE49R		"- - - - Phase of activity, recreational participation"	category	1	False	X	"=hyperlink(""https://icd.who.int/browse11/l-m/en#/http%3A%2F%2Fid.who.int%2Ficd%2Fentity%2F1583042915"",""browser"")"	True	False					
http://id.who.int/icd/entity/2101262045	http://id.who.int/icd/release/11/mms/2101262045	XE0QV		"- - - - Phase of activity, other specified phase of activity"	category	1	False	X	"=hyperlink(""https://icd.who.int/browse11/l-m/en#/http%3A%2F%2Fid.who.int%2Ficd%2Fentity%2F2101262045"",""browser"")"	True	False					
http://id.who.int/icd/entity/1779880477	http://id.who.int/icd/release/11/mms/1779880477	XE8ZT		"- - - - Unspecified phase of activity"	category	1	False	X	"=hyperlink(""https://icd.who.int/browse11/l-m/en#/http%3A%2F%2Fid.who.int%2Ficd%2Fentity%2F1779880477"",""browser"")"	True	False					
http://id.who.int/icd/entity/1879078429	http://id.who.int/icd/release/11/mms/1879078429			"- - - Personal countermeasures in sport or exercise"	block	3	False	X	"=hyperlink(""https://icd.who.int/browse11/l-m/en#/http%3A%2F%2Fid.who.int%2Ficd%2Fentity%2F1879078429"",""browser"")"	False						
http://id.who.int/icd/entity/877154954	http://id.who.int/icd/release/11/mms/877154954	XE4K4		"- - - - Personal countermeasures, no protective devices used"	category	1	False	X	"=hyperlink(""https://icd.who.int/browse11/l-m/en#/http%3A%2F%2Fid.who.int%2Ficd%2Fentity%2F877154954"",""browser"")"	True	False					
http://id.who.int/icd/entity/221315018	http://id.who.int/icd/release/11/mms/221315018	XE8Z8		"- - - - Personal countermeasures, braces, guards or orthoses"	category	1	False	X	"=hyperlink(""https://icd.who.int/browse11/l-m/en#/http%3A%2F%2Fid.who.int%2Ficd%2Fentity%2F221315018"",""browser"")"	True	False					
http://id.who.int/icd/entity/437820170	http://id.who.int/icd/release/11/mms/437820170	XE75U		"- - - - Personal countermeasures, rigid taping of joint"	category	1	False	X	"=hyperlink(""https://icd.who.int/browse11/l-m/en#/http%3A%2F%2Fid.who.int%2Ficd%2Fentity%2F437820170"",""browser"")"	True	False					
http://id.who.int/icd/entity/2143397194	http://id.who.int/icd/release/11/mms/2143397194	XE9TY		"- - - - Personal countermeasures, padding of joint, bony prominence, or muscle"	category	1	False	X	"=hyperlink(""https://icd.who.int/browse11/l-m/en#/http%3A%2F%2Fid.who.int%2Ficd%2Fentity%2F2143397194"",""browser"")"	True	False					
http://id.who.int/icd/entity/1760149898	http://id.who.int/icd/release/11/mms/1760149898	XE10N		"- - - - Personal countermeasures, thermal devices"	category	1	False	X	"=hyperlink(""https://icd.who.int/browse11/l-m/en#/http%3A%2F%2Fid.who.int%2Ficd%2Fentity%2F1760149898"",""browser"")"	True	False					
http://id.who.int/icd/entity/1368485066	http://id.who.int/icd/release/11/mms/1368485066	XE0LS		"- - - - Personal countermeasures, splints"	category	1	False	X	"=hyperlink(""https://icd.who.int/browse11/l-m/en#/http%3A%2F%2Fid.who.int%2Ficd%2Fentity%2F1368485066"",""browser"")"	True	False					
http://id.who.int/icd/entity/1186531338	http://id.who.int/icd/release/11/mms/1186531338	XE16J		"- - - - Personal countermeasures, jock strap or protective cup"	category	1	False	X	"=hyperlink(""https://icd.who.int/browse11/l-m/en#/http%3A%2F%2Fid.who.int%2Ficd%2Fentity%2F1186531338"",""browser"")"	True	False					
http://id.who.int/icd/entity/1708978102	http://id.who.int/icd/release/11/mms/1708978102	XE4RU		"- - - - Personal countermeasures, gloves"	category	1	False	X	"=hyperlink(""https://icd.who.int/browse11/l-m/en#/http%3A%2F%2Fid.who.int%2Ficd%2Fentity%2F1708978102"",""browser"")"	True	False					
http://id.who.int/icd/entity/1928629110	http://id.who.int/icd/release/11/mms/1928629110	XE49L		"- - - - Personal countermeasures, mouth guard"	category	1	False	X	"=hyperlink(""https://icd.who.int/browse11/l-m/en#/http%3A%2F%2Fid.who.int%2Ficd%2Fentity%2F1928629110"",""browser"")"	True	False					
http://id.who.int/icd/entity/1345992178	http://id.who.int/icd/release/11/mms/1345992178	XE338		"- - - - Personal countermeasures, eye goggles or protective glasses"	category	1	False	X	"=hyperlink(""https://icd.who.int/browse11/l-m/en#/http%3A%2F%2Fid.who.int%2Ficd%2Fentity%2F1345992178"",""browser"")"	True	False					
http://id.who.int/icd/entity/1192382770	http://id.who.int/icd/release/11/mms/1192382770	XE2ZG		"- - - - Personal countermeasures, helmet"	category	1	False	X	"=hyperlink(""https://icd.who.int/browse11/l-m/en#/http%3A%2F%2Fid.who.int%2Ficd%2Fentity%2F1192382770"",""browser"")"	True	False					
http://id.who.int/icd/entity/2120940658	http://id.who.int/icd/release/11/mms/2120940658	XE3RM		"- - - - Personal countermeasures, face mask or shield"	category	1	False	X	"=hyperlink(""https://icd.who.int/browse11/l-m/en#/http%3A%2F%2Fid.who.int%2Ficd%2Fentity%2F2120940658"",""browser"")"	True	False					
http://id.who.int/icd/entity/1765972146	http://id.who.int/icd/release/11/mms/1765972146	XE7K8		"- - - - Personal countermeasures, foot wear"	category	1	False	X	"=hyperlink(""https://icd.who.int/browse11/l-m/en#/http%3A%2F%2Fid.who.int%2Ficd%2Fentity%2F1765972146"",""browser"")"	True	False					
http://id.who.int/icd/entity/211527410	http://id.who.int/icd/release/11/mms/211527410	XE26E		"- - - - Personal countermeasures, personal flotation device"	category	1	False	X	"=hyperlink(""https://icd.who.int/browse11/l-m/en#/http%3A%2F%2Fid.who.int%2Ficd%2Fentity%2F211527410"",""browser"")"	True	False					
http://id.who.int/icd/entity/366561373	http://id.who.int/icd/release/11/mms/366561373			"- - - Environmental countermeasures in sport or exercise"	block	3	False	X	"=hyperlink(""https://icd.who.int/browse11/l-m/en#/http%3A%2F%2Fid.who.int%2Ficd%2Fentity%2F366561373"",""browser"")"	False						
http://id.who.int/icd/entity/326424148	http://id.who.int/icd/release/11/mms/326424148	XE3U8		"- - - - Environmental countermeasures, no protective devices used"	category	1	False	X	"=hyperlink(""https://icd.who.int/browse11/l-m/en#/http%3A%2F%2Fid.who.int%2Ficd%2Fentity%2F326424148"",""browser"")"	True	False					
http://id.who.int/icd/entity/705461012	http://id.who.int/icd/release/11/mms/705461012	XE0DA		"- - - - Environmental countermeasures, protective padding on competition surface"	category	1	False	X	"=hyperlink(""https://icd.who.int/browse11/l-m/en#/http%3A%2F%2Fid.who.int%2Ficd%2Fentity%2F705461012"",""browser"")"	True	False					
http://id.who.int/icd/entity/1025777620	http://id.who.int/icd/release/11/mms/1025777620	XE0W0		"- - - - Environmental countermeasures, padded goal posts, or corner markers"	category	1	False	X	"=hyperlink(""https://icd.who.int/browse11/l-m/en#/http%3A%2F%2Fid.who.int%2Ficd%2Fentity%2F1025777620"",""browser"")"	True	False					
http://id.who.int/icd/entity/1492984212	http://id.who.int/icd/release/11/mms/1492984212	XE8UC		"- - - - Environmental countermeasures, barrier between area of activity and spectators or surrounds"	category	1	False	X	"=hyperlink(""https://icd.who.int/browse11/l-m/en#/http%3A%2F%2Fid.who.int%2Ficd%2Fentity%2F1492984212"",""browser"")"	True	False					
http://id.who.int/icd/entity/1339376980	http://id.who.int/icd/release/11/mms/1339376980	XE0LL		"- - - - Environmental countermeasures, safety restraints or vehicle restraints"	category	1	False	X	"=hyperlink(""https://icd.who.int/browse11/l-m/en#/http%3A%2F%2Fid.who.int%2Ficd%2Fentity%2F1339376980"",""browser"")"	True	False					
http://id.who.int/icd/entity/1465428633	http://id.who.int/icd/release/11/mms/1465428633			"- - Aspects of occupational injury events"	block	2	False	X	"=hyperlink(""https://icd.who.int/browse11/l-m/en#/http%3A%2F%2Fid.who.int%2Ficd%2Fentity%2F1465428633"",""browser"")"	False						
http://id.who.int/icd/entity/1950392441	http://id.who.int/icd/release/11/mms/1950392441			"- - - Economic activity"	block	3	False	X	"=hyperlink(""https://icd.who.int/browse11/l-m/en#/http%3A%2F%2Fid.who.int%2Ficd%2Fentity%2F1950392441"",""browser"")"	False						
http://id.who.int/icd/entity/1743013946	http://id.who.int/icd/release/11/mms/1743013946	XE7J2		"- - - - Economic activity, agriculture, hunting, or forestry"	category	1	False	X	"=hyperlink(""https://icd.who.int/browse11/l-m/en#/http%3A%2F%2Fid.who.int%2Ficd%2Fentity%2F1743013946"",""browser"")"	True	False					
http://id.who.int/icd/entity/1587340666	http://id.who.int/icd/release/11/mms/1587340666	XE227		"- - - - Economic activity, fishing"	category	1	False	X	"=hyperlink(""https://icd.who.int/browse11/l-m/en#/http%3A%2F%2Fid.who.int%2Ficd%2Fentity%2F1587340666"",""browser"")"	True	False					
http://id.who.int/icd/entity/1236566458	http://id.who.int/icd/release/11/mms/1236566458	XE45Q		"- - - - Economic activity, mining, quarrying, or extraction"	category	1	False	X	"=hyperlink(""https://icd.who.int/browse11/l-m/en#/http%3A%2F%2Fid.who.int%2Ficd%2Fentity%2F1236566458"",""browser"")"	True	False					
http://id.who.int/icd/entity/745390074	http://id.who.int/icd/release/11/mms/745390074	XE13G		"- - - - Economic activity, manufacturing"	category	1	False	X	"=hyperlink(""https://icd.who.int/browse11/l-m/en#/http%3A%2F%2Fid.who.int%2Ficd%2Fentity%2F745390074"",""browser"")"	True	False					
http://id.who.int/icd/entity/994433850	http://id.who.int/icd/release/11/mms/994433850	XE6WE		"- - - - Economic activity, electricity, gas, or water supply"	category	1	False	X	"=hyperlink(""https://icd.who.int/browse11/l-m/en#/http%3A%2F%2Fid.who.int%2Ficd%2Fentity%2F994433850"",""browser"")"	True	False					
http://id.who.int/icd/entity/37582458	http://id.who.int/icd/release/11/mms/37582458	XE0SE		"- - - - Economic activity, construction"	category	1	False	X	"=hyperlink(""https://icd.who.int/browse11/l-m/en#/http%3A%2F%2Fid.who.int%2Ficd%2Fentity%2F37582458"",""browser"")"	True	False					
http://id.who.int/icd/entity/353702586	http://id.who.int/icd/release/11/mms/353702586	XE139		"- - - - Economic activity, wholesale or retail trade"	category	1	False	X	"=hyperlink(""https://icd.who.int/browse11/l-m/en#/http%3A%2F%2Fid.who.int%2Ficd%2Fentity%2F353702586"",""browser"")"	True	False					
http://id.who.int/icd/entity/2057675992	http://id.who.int/icd/release/11/mms/2057675992	XE6J4		"- - - - Economic activity, repair of motor vehicles, motorcycles, or personal and household goods"	category	1	False	X	"=hyperlink(""https://icd.who.int/browse11/l-m/en#/http%3A%2F%2Fid.who.int%2Ficd%2Fentity%2F2057675992"",""browser"")"	True	False					
http://id.who.int/icd/entity/913372422	http://id.who.int/icd/release/11/mms/913372422	XE4JS		"- - - - Economic activity, hotels or restaurants"	category	1	False	X	"=hyperlink(""https://icd.who.int/browse11/l-m/en#/http%3A%2F%2Fid.who.int%2Ficd%2Fentity%2F913372422"",""browser"")"	True	False					
http://id.who.int/icd/entity/559452614	http://id.who.int/icd/release/11/mms/559452614	XE5JN		"- - - - Economic activity, transport, storage, or communications"	category	1	False	X	"=hyperlink(""https://icd.who.int/browse11/l-m/en#/http%3A%2F%2Fid.who.int%2Ficd%2Fentity%2F559452614"",""browser"")"	True	False					
http://id.who.int/icd/entity/594112675	http://id.who.int/icd/release/11/mms/594112675	XE8A7		"- - - - Economic activity, financial intermediation"	category	1	False	X	"=hyperlink(""https://icd.who.int/browse11/l-m/en#/http%3A%2F%2Fid.who.int%2Ficd%2Fentity%2F594112675"",""browser"")"	True	False					
http://id.who.int/icd/entity/876680291	http://id.who.int/icd/release/11/mms/876680291	XE3YF		"- - - - Economic activity, real estate, renting, or business activities"	category	1	False	X	"=hyperlink(""https://icd.who.int/browse11/l-m/en#/http%3A%2F%2Fid.who.int%2Ficd%2Fentity%2F876680291"",""browser"")"	True	False					
http://id.who.int/icd/entity/221886755	http://id.who.int/icd/release/11/mms/221886755	XE3K1		"- - - - Economic activity, public administration, defence, or compulsory social security"	category	1	False	X	"=hyperlink(""https://icd.who.int/browse11/l-m/en#/http%3A%2F%2Fid.who.int%2Ficd%2Fentity%2F221886755"",""browser"")"	True	False					
http://id.who.int/icd/entity/437378531	http://id.who.int/icd/release/11/mms/437378531	XE54F		"- - - - Economic activity, providing education"	category	1	False	X	"=hyperlink(""https://icd.who.int/browse11/l-m/en#/http%3A%2F%2Fid.who.int%2Ficd%2Fentity%2F437378531"",""browser"")"	True	False					
http://id.who.int/icd/entity/2143871907	http://id.who.int/icd/release/11/mms/2143871907	XE0G4		"- - - - Economic activity, health or social work"	category	1	False	X	"=hyperlink(""https://icd.who.int/browse11/l-m/en#/http%3A%2F%2Fid.who.int%2Ficd%2Fentity%2F2143871907"",""browser"")"	True	False					
http://id.who.int/icd/entity/1759545187	http://id.who.int/icd/release/11/mms/1759545187	XE7X1		"- - - - Economic activity, other community, social, or personal service activities"	category	1	False	X	"=hyperlink(""https://icd.who.int/browse11/l-m/en#/http%3A%2F%2Fid.who.int%2Ficd%2Fentity%2F1759545187"",""browser"")"	True	False					
http://id.who.int/icd/entity/1368926755	http://id.who.int/icd/release/11/mms/1368926755	XE2PM		"- - - - Economic activity, private households with employed persons"	category	1	False	X	"=hyperlink(""https://icd.who.int/browse11/l-m/en#/http%3A%2F%2Fid.who.int%2Ficd%2Fentity%2F1368926755"",""browser"")"	True	False					
http://id.who.int/icd/entity/1185959651	http://id.who.int/icd/release/11/mms/1185959651	XE6N7		"- - - - Economic activity, extra-territorial organisations or bodies"	category	1	False	X	"=hyperlink(""https://icd.who.int/browse11/l-m/en#/http%3A%2F%2Fid.who.int%2Ficd%2Fentity%2F1185959651"",""browser"")"	True	False					
http://id.who.int/icd/entity/1295519033	http://id.who.int/icd/release/11/mms/1295519033			"- - - Occupation"	block	3	False	X	"=hyperlink(""https://icd.who.int/browse11/l-m/en#/http%3A%2F%2Fid.who.int%2Ficd%2Fentity%2F1295519033"",""browser"")"	False						
http://id.who.int/icd/entity/1783388734	http://id.who.int/icd/release/11/mms/1783388734	XE3TU		"- - - - Occupation - legislators, senior officials, managers"	category	1	False	X	"=hyperlink(""https://icd.who.int/browse11/l-m/en#/http%3A%2F%2Fid.who.int%2Ficd%2Fentity%2F1783388734"",""browser"")"	True	False					
http://id.who.int/icd/entity/1395980158	http://id.who.int/icd/release/11/mms/1395980158	XE59Y		"- - - - Occupation - professionals"	category	1	False	X	"=hyperlink(""https://icd.who.int/browse11/l-m/en#/http%3A%2F%2Fid.who.int%2Ficd%2Fentity%2F1395980158"",""browser"")"	True	False					
http://id.who.int/icd/entity/1142723518	http://id.who.int/icd/release/11/mms/1142723518	XE558		"- - - - Occupation - technicians or associate professionals"	category	1	False	X	"=hyperlink(""https://icd.who.int/browse11/l-m/en#/http%3A%2F%2Fid.who.int%2Ficd%2Fentity%2F1142723518"",""browser"")"	True	False					
http://id.who.int/icd/entity/566603262	http://id.who.int/icd/release/11/mms/566603262	XE17U		"- - - - Occupation - clerks, secretaries"	category	1	False	X	"=hyperlink(""https://icd.who.int/browse11/l-m/en#/http%3A%2F%2Fid.who.int%2Ficd%2Fentity%2F566603262"",""browser"")"	True	False					
http://id.who.int/icd/entity/921553214	http://id.who.int/icd/release/11/mms/921553214	XE1CA		"- - - - Occupation - service workers, shop and market sales workers"	category	1	False	X	"=hyperlink(""https://icd.who.int/browse11/l-m/en#/http%3A%2F%2Fid.who.int%2Ficd%2Fentity%2F921553214"",""browser"")"	True	False					
http://id.who.int/icd/entity/261448830	http://id.who.int/icd/release/11/mms/261448830	XE6TG		"- - - - Occupation - skilled agriculture or fishery workers"	category	1	False	X	"=hyperlink(""https://icd.who.int/browse11/l-m/en#/http%3A%2F%2Fid.who.int%2Ficd%2Fentity%2F261448830"",""browser"")"	True	False					
http://id.who.int/icd/entity/415039678	http://id.who.int/icd/release/11/mms/415039678	XE0VC		"- - - - Occupation - craft or related trades workers"	category	1	False	X	"=hyperlink(""https://icd.who.int/browse11/l-m/en#/http%3A%2F%2Fid.who.int%2Ficd%2Fentity%2F415039678"",""browser"")"	True	False					
http://id.who.int/icd/entity/1004070658	http://id.who.int/icd/release/11/mms/1004070658	XE37Y		"- - - - Occupation - plant/machine operators or assemblers"	category	1	False	X	"=hyperlink(""https://icd.who.int/browse11/l-m/en#/http%3A%2F%2Fid.who.int%2Ficd%2Fentity%2F1004070658"",""browser"")"	True	False					
http://id.who.int/icd/entity/753959874	http://id.who.int/icd/release/11/mms/753959874	XE4EE		"- - - - Occupation - elementary occupations"	category	1	False	X	"=hyperlink(""https://icd.who.int/browse11/l-m/en#/http%3A%2F%2Fid.who.int%2Ficd%2Fentity%2F753959874"",""browser"")"	True	False					
http://id.who.int/icd/entity/565671812	http://id.who.int/icd/release/11/mms/565671812	XE5G8		"- - - - Occupation - armed forces"	category	1	False	X	"=hyperlink(""https://icd.who.int/browse11/l-m/en#/http%3A%2F%2Fid.who.int%2Ficd%2Fentity%2F565671812"",""browser"")"	True	False					
http://id.who.int/icd/entity/1923949781	http://id.who.int/icd/release/11/mms/1923949781			"- - Aspects of assault and maltreatment"	block	2	False	X	"=hyperlink(""https://icd.who.int/browse11/l-m/en#/http%3A%2F%2Fid.who.int%2Ficd%2Fentity%2F1923949781"",""browser"")"	False						
http://id.who.int/icd/entity/1115077034	http://id.who.int/icd/release/11/mms/1115077034			"- - - Perpetrator-victim relationship"	block	3	False	X	"=hyperlink(""https://icd.who.int/browse11/l-m/en#/http%3A%2F%2Fid.who.int%2Ficd%2Fentity%2F1115077034"",""browser"")"	False						
http://id.who.int/icd/entity/106218078	http://id.who.int/icd/release/11/mms/106218078	XE454		"- - - - Spouse or partner"	category	1	False	X	"=hyperlink(""https://icd.who.int/browse11/l-m/en#/http%3A%2F%2Fid.who.int%2Ficd%2Fentity%2F106218078"",""browser"")"	False	False					
http://id.who.int/icd/entity/1308199097	http://id.who.int/icd/release/11/mms/1308199097	XE041		"- - - - - Perpetrator-victim relationship, legal spouse"	category	2	False	X	"=hyperlink(""https://icd.who.int/browse11/l-m/en#/http%3A%2F%2Fid.who.int%2Ficd%2Fentity%2F1308199097"",""browser"")"	True	False					
http://id.who.int/icd/entity/1954620921	http://id.who.int/icd/release/11/mms/1954620921	XE8JN		"- - - - - Perpetrator-victim relationship, cohabiting partner"	category	2	False	X	"=hyperlink(""https://icd.who.int/browse11/l-m/en#/http%3A%2F%2Fid.who.int%2Ficd%2Fentity%2F1954620921"",""browser"")"	True	False					
http://id.who.int/icd/entity/1672036665	http://id.who.int/icd/release/11/mms/1672036665	XE8GZ		"- - - - - Perpetrator-victim relationship, noncohabiting partner"	category	2	False	X	"=hyperlink(""https://icd.who.int/browse11/l-m/en#/http%3A%2F%2Fid.who.int%2Ficd%2Fentity%2F1672036665"",""browser"")"	True	False					
http://id.who.int/icd/entity/108035961	http://id.who.int/icd/release/11/mms/108035961	XE6Q9		"- - - - - Perpetrator-victim relationship, Ex-spouse"	category	2	False	X	"=hyperlink(""https://icd.who.int/browse11/l-m/en#/http%3A%2F%2Fid.who.int%2Ficd%2Fentity%2F108035961"",""browser"")"	True	False					
http://id.who.int/icd/entity/290986937	http://id.who.int/icd/release/11/mms/290986937	XE8TC		"- - - - - Perpetrator-victim relationship, Ex-partner"	category	2	False	X	"=hyperlink(""https://icd.who.int/browse11/l-m/en#/http%3A%2F%2Fid.who.int%2Ficd%2Fentity%2F290986937"",""browser"")"	True	False					
http://id.who.int/icd/entity/1059876638	http://id.who.int/icd/release/11/mms/1059876638	XE8AA		"- - - - Parent"	category	1	False	X	"=hyperlink(""https://icd.who.int/browse11/l-m/en#/http%3A%2F%2Fid.who.int%2Ficd%2Fentity%2F1059876638"",""browser"")"	False	False					
http://id.who.int/icd/entity/1079089855	http://id.who.int/icd/release/11/mms/1079089855	XE8QX		"- - - - - Perpetrator-victim relationship, father or mother"	category	2	False	X	"=hyperlink(""https://icd.who.int/browse11/l-m/en#/http%3A%2F%2Fid.who.int%2Ficd%2Fentity%2F1079089855"",""browser"")"	True	False					
http://id.who.int/icd/entity/2032744447	http://id.who.int/icd/release/11/mms/2032744447	XE9FD		"- - - - - Perpetrator-victim relationship, step-parent"	category	2	False	X	"=hyperlink(""https://icd.who.int/browse11/l-m/en#/http%3A%2F%2Fid.who.int%2Ficd%2Fentity%2F2032744447"",""browser"")"	True	False					
http://id.who.int/icd/entity/671353822	http://id.who.int/icd/release/11/mms/671353822	XE5WN		"- - - - Other relative"	category	1	False	X	"=hyperlink(""https://icd.who.int/browse11/l-m/en#/http%3A%2F%2Fid.who.int%2Ficd%2Fentity%2F671353822"",""browser"")"	False	False					
http://id.who.int/icd/entity/1488176088	http://id.who.int/icd/release/11/mms/1488176088	XE9JY		"- - - - - Perpetrator-victim relationship, full sibling"	category	2	False	X	"=hyperlink(""https://icd.who.int/browse11/l-m/en#/http%3A%2F%2Fid.who.int%2Ficd%2Fentity%2F1488176088"",""browser"")"	True	False					
http://id.who.int/icd/entity/1640722072	http://id.who.int/icd/release/11/mms/1640722072	XE9RK		"- - - - - perpetrator-victim relationship, partial or half sibling"	category	2	False	X	"=hyperlink(""https://icd.who.int/browse11/l-m/en#/http%3A%2F%2Fid.who.int%2Ficd%2Fentity%2F1640722072"",""browser"")"	True	False					
http://id.who.int/icd/entity/1994590808	http://id.who.int/icd/release/11/mms/1994590808	XE4KJ		"- - - - - Perpetrator-victim relationship, step-sibling"	category	2	False	X	"=hyperlink(""https://icd.who.int/browse11/l-m/en#/http%3A%2F%2Fid.who.int%2Ficd%2Fentity%2F1994590808"",""browser"")"	True	False					
http://id.who.int/icd/entity/322581528	http://id.who.int/icd/release/11/mms/322581528	XE9S0		"- - - - - Perpetrator-victim relationship, grandparent"	category	2	False	X	"=hyperlink(""https://icd.who.int/browse11/l-m/en#/http%3A%2F%2Fid.who.int%2Ficd%2Fentity%2F322581528"",""browser"")"	True	False					
http://id.who.int/icd/entity/68309208	http://id.who.int/icd/release/11/mms/68309208	XE10C		"- - - - - Perpetrator-victim relationship, offspring"	category	2	False	X	"=hyperlink(""https://icd.who.int/browse11/l-m/en#/http%3A%2F%2Fid.who.int%2Ficd%2Fentity%2F68309208"",""browser"")"	True	False					
http://id.who.int/icd/entity/1030421912	http://id.who.int/icd/release/11/mms/1030421912	XE8EU		"- - - - - Perpetrator-victim relationship, other blood relative"	category	2	False	X	"=hyperlink(""https://icd.who.int/browse11/l-m/en#/http%3A%2F%2Fid.who.int%2Ficd%2Fentity%2F1030421912"",""browser"")"	True	False					
http://id.who.int/icd/entity/709007704	http://id.who.int/icd/release/11/mms/709007704	XE8FS		"- - - - - Perpetrator-victim relationship, in-laws"	category	2	False	X	"=hyperlink(""https://icd.who.int/browse11/l-m/en#/http%3A%2F%2Fid.who.int%2Ficd%2Fentity%2F709007704"",""browser"")"	True	False					
http://id.who.int/icd/entity/1306342814	http://id.who.int/icd/release/11/mms/1306342814	XE4BG		"- - - - Unrelated care giver"	category	1	False	X	"=hyperlink(""https://icd.who.int/browse11/l-m/en#/http%3A%2F%2Fid.who.int%2Ficd%2Fentity%2F1306342814"",""browser"")"	False	False					
http://id.who.int/icd/entity/2140096270	http://id.who.int/icd/release/11/mms/2140096270	XE4BZ		"- - - - - Perpetrator-victim relationship, foster parent"	category	2	False	X	"=hyperlink(""https://icd.who.int/browse11/l-m/en#/http%3A%2F%2Fid.who.int%2Ficd%2Fentity%2F2140096270"",""browser"")"	True	False					
http://id.who.int/icd/entity/1190652494	http://id.who.int/icd/release/11/mms/1190652494	XE670		"- - - - - Perpetrator-victim relationship, care giver in institution"	category	2	False	X	"=hyperlink(""https://icd.who.int/browse11/l-m/en#/http%3A%2F%2Fid.who.int%2Ficd%2Fentity%2F1190652494"",""browser"")"	True	False					
http://id.who.int/icd/entity/1373605518	http://id.who.int/icd/release/11/mms/1373605518	XE02B		"- - - - - Perpetrator-victim relationship, health care provider"	category	2	False	X	"=hyperlink(""https://icd.who.int/browse11/l-m/en#/http%3A%2F%2Fid.who.int%2Ficd%2Fentity%2F1373605518"",""browser"")"	True	False					
http://id.who.int/icd/entity/1526026590	http://id.who.int/icd/release/11/mms/1526026590	XE270		"- - - - Acquaintance or friend"	category	1	False	X	"=hyperlink(""https://icd.who.int/browse11/l-m/en#/http%3A%2F%2Fid.who.int%2Ficd%2Fentity%2F1526026590"",""browser"")"	False	False					
http://id.who.int/icd/entity/1735204455	http://id.who.int/icd/release/11/mms/1735204455	XE1X5		"- - - - - Perpetrator-victim relationship, parent's partner"	category	2	False	X	"=hyperlink(""https://icd.who.int/browse11/l-m/en#/http%3A%2F%2Fid.who.int%2Ficd%2Fentity%2F1735204455"",""browser"")"	True	False					
http://id.who.int/icd/entity/1578480423	http://id.who.int/icd/release/11/mms/1578480423	XE7GT		"- - - - - Perpetrator-victim relationship, date"	category	2	False	X	"=hyperlink(""https://icd.who.int/browse11/l-m/en#/http%3A%2F%2Fid.who.int%2Ficd%2Fentity%2F1578480423"",""browser"")"	True	False					
http://id.who.int/icd/entity/1228789735	http://id.who.int/icd/release/11/mms/1228789735	XE6WK		"- - - - - Perpetrator-victim relationship, roommate"	category	2	False	X	"=hyperlink(""https://icd.who.int/browse11/l-m/en#/http%3A%2F%2Fid.who.int%2Ficd%2Fentity%2F1228789735"",""browser"")"	True	False					
http://id.who.int/icd/entity/753199527	http://id.who.int/icd/release/11/mms/753199527	XE6P9		"- - - - - Perpetrator-victim relationship, business relation"	category	2	False	X	"=hyperlink(""https://icd.who.int/browse11/l-m/en#/http%3A%2F%2Fid.who.int%2Ficd%2Fentity%2F753199527"",""browser"")"	True	False					
http://id.who.int/icd/entity/1003261287	http://id.who.int/icd/release/11/mms/1003261287	XE32X		"- - - - - Perpetrator-victim relationship, neighbour"	category	2	False	X	"=hyperlink(""https://icd.who.int/browse11/l-m/en#/http%3A%2F%2Fid.who.int%2Ficd%2Fentity%2F1003261287"",""browser"")"	True	False					
http://id.who.int/icd/entity/45359143	http://id.who.int/icd/release/11/mms/45359143	XE80F		"- - - - - Perpetrator-victim relationship, institutional co-member"	category	2	False	X	"=hyperlink(""https://icd.who.int/browse11/l-m/en#/http%3A%2F%2Fid.who.int%2Ficd%2Fentity%2F45359143"",""browser"")"	True	False					
http://id.who.int/icd/entity/362562791	http://id.who.int/icd/release/11/mms/362562791	XE5MH		"- - - - - Perpetrator-victim relationship, friend not otherwise specified"	category	2	False	X	"=hyperlink(""https://icd.who.int/browse11/l-m/en#/http%3A%2F%2Fid.who.int%2Ficd%2Fentity%2F362562791"",""browser"")"	True	False					
http://id.who.int/icd/entity/922329945	http://id.who.int/icd/release/11/mms/922329945	XE39B		"- - - - - Perpetrator-victim relationship, acquaintance not otherwise specified"	category	2	False	X	"=hyperlink(""https://icd.who.int/browse11/l-m/en#/http%3A%2F%2Fid.who.int%2Ficd%2Fentity%2F922329945"",""browser"")"	True	False					
http://id.who.int/icd/entity/1670249502	http://id.who.int/icd/release/11/mms/1670249502	XE2HC		"- - - - Official or legal authority"	category	1	False	X	"=hyperlink(""https://icd.who.int/browse11/l-m/en#/http%3A%2F%2Fid.who.int%2Ficd%2Fentity%2F1670249502"",""browser"")"	False	False					
http://id.who.int/icd/entity/1791298657	http://id.who.int/icd/release/11/mms/1791298657	XE6AM		"- - - - - Perpetrator-victim relationship, official or legal authority, military"	category	2	False	X	"=hyperlink(""https://icd.who.int/browse11/l-m/en#/http%3A%2F%2Fid.who.int%2Ficd%2Fentity%2F1791298657"",""browser"")"	True	False					
http://id.who.int/icd/entity/1404936481	http://id.who.int/icd/release/11/mms/1404936481	XE2Z7		"- - - - - Perpetrator-victim relationship, official or legal authority, police"	category	2	False	X	"=hyperlink(""https://icd.who.int/browse11/l-m/en#/http%3A%2F%2Fid.who.int%2Ficd%2Fentity%2F1404936481"",""browser"")"	True	False					
http://id.who.int/icd/entity/1150666209	http://id.who.int/icd/release/11/mms/1150666209	XE5ZT		"- - - - - Perpetrator-victim relationship, national or official authority not otherwise specified"	category	2	False	X	"=hyperlink(""https://icd.who.int/browse11/l-m/en#/http%3A%2F%2Fid.who.int%2Ficd%2Fentity%2F1150666209"",""browser"")"	True	False					
http://id.who.int/icd/entity/558693281	http://id.who.int/icd/release/11/mms/558693281	XE8PB		"- - - - - Perpetrator-victim relationship, security group not otherwise specified"	category	2	False	X	"=hyperlink(""https://icd.who.int/browse11/l-m/en#/http%3A%2F%2Fid.who.int%2Ficd%2Fentity%2F558693281"",""browser"")"	True	False					
http://id.who.int/icd/entity/912564065	http://id.who.int/icd/release/11/mms/912564065	XE59K		"- - - - - Perpetrator-victim relationship, official or legal authority, civilian authority"	category	2	False	X	"=hyperlink(""https://icd.who.int/browse11/l-m/en#/http%3A%2F%2Fid.who.int%2Ficd%2Fentity%2F912564065"",""browser"")"	True	False					
http://id.who.int/icd/entity/1957009630	http://id.who.int/icd/release/11/mms/1957009630	XE4WS		"- - - - Stranger"	category	1	False	X	"=hyperlink(""https://icd.who.int/browse11/l-m/en#/http%3A%2F%2Fid.who.int%2Ficd%2Fentity%2F1957009630"",""browser"")"	False	False					
http://id.who.int/icd/entity/1915180298	http://id.who.int/icd/release/11/mms/1915180298	XE0CA		"- - - - - Perpetrator-victim relationship, stranger in vigilante group"	category	2	False	X	"=hyperlink(""https://icd.who.int/browse11/l-m/en#/http%3A%2F%2Fid.who.int%2Ficd%2Fentity%2F1915180298"",""browser"")"	True	False					
http://id.who.int/icd/entity/1264580682	http://id.who.int/icd/release/11/mms/1264580682	XE7XG		"- - - - - Perpetrator-victim relationship, stranger in mob"	category	2	False	X	"=hyperlink(""https://icd.who.int/browse11/l-m/en#/http%3A%2F%2Fid.who.int%2Ficd%2Fentity%2F1264580682"",""browser"")"	True	False					
http://id.who.int/icd/entity/882609398	http://id.who.int/icd/release/11/mms/882609398	XE2XY		"- - - - - Perpetrator-victim relationship, stranger not otherwise specified"	category	2	False	X	"=hyperlink(""https://icd.who.int/browse11/l-m/en#/http%3A%2F%2Fid.who.int%2Ficd%2Fentity%2F882609398"",""browser"")"	True	False					
http://id.who.int/icd/entity/3341420	http://id.who.int/icd/release/11/mms/3341420	XE0H2		"- - - - Perpetrator-victim relationship, prisoner or detainee"	category	1	False	X	"=hyperlink(""https://icd.who.int/browse11/l-m/en#/http%3A%2F%2Fid.who.int%2Ficd%2Fentity%2F3341420"",""browser"")"	True	False					
http://id.who.int/icd/entity/961171756	http://id.who.int/icd/release/11/mms/961171756	XE3FJ		"- - - - Perpetrator-victim relationship, person executing a felony or crime"	category	1	False	X	"=hyperlink(""https://icd.who.int/browse11/l-m/en#/http%3A%2F%2Fid.who.int%2Ficd%2Fentity%2F961171756"",""browser"")"	True	False					
http://id.who.int/icd/entity/778188268	http://id.who.int/icd/release/11/mms/778188268	XE388		"- - - - Perpetrator-victim relationship, person interceding in a crime"	category	1	False	X	"=hyperlink(""https://icd.who.int/browse11/l-m/en#/http%3A%2F%2Fid.who.int%2Ficd%2Fentity%2F778188268"",""browser"")"	True	False					
http://id.who.int/icd/entity/665815018	http://id.who.int/icd/release/11/mms/665815018			"- - - Gender of perpetrator"	block	3	False	X	"=hyperlink(""https://icd.who.int/browse11/l-m/en#/http%3A%2F%2Fid.who.int%2Ficd%2Fentity%2F665815018"",""browser"")"	False						
http://id.who.int/icd/entity/560481924	http://id.who.int/icd/release/11/mms/560481924	XE5YG		"- - - - Gender of perpetrator, male"	category	1	False	X	"=hyperlink(""https://icd.who.int/browse11/l-m/en#/http%3A%2F%2Fid.who.int%2Ficd%2Fentity%2F560481924"",""browser"")"	True	False					
http://id.who.int/icd/entity/403762116	http://id.who.int/icd/release/11/mms/403762116	XE56C		"- - - - Gender of perpetrator, female"	category	1	False	X	"=hyperlink(""https://icd.who.int/browse11/l-m/en#/http%3A%2F%2Fid.who.int%2Ficd%2Fentity%2F403762116"",""browser"")"	True	False					
http://id.who.int/icd/entity/1741987708	http://id.who.int/icd/release/11/mms/1741987708	XE9SL		"- - - - Gender of perpetrator, unknown"	category	1	False	X	"=hyperlink(""https://icd.who.int/browse11/l-m/en#/http%3A%2F%2Fid.who.int%2Ficd%2Fentity%2F1741987708"",""browser"")"	True	False					
http://id.who.int/icd/entity/1235771963	http://id.who.int/icd/release/11/mms/1235771963	XE6W8		"- - - - Gender of perpetrator, other"	category	1	False	X	"=hyperlink(""https://icd.who.int/browse11/l-m/en#/http%3A%2F%2Fid.who.int%2Ficd%2Fentity%2F1235771963"",""browser"")"	True	False					
http://id.who.int/icd/entity/814211882	http://id.who.int/icd/release/11/mms/814211882			"- - - Context of assault and maltreatment"	block	3	False	X	"=hyperlink(""https://icd.who.int/browse11/l-m/en#/http%3A%2F%2Fid.who.int%2Ficd%2Fentity%2F814211882"",""browser"")"	False						
http://id.who.int/icd/entity/965353453	http://id.who.int/icd/release/11/mms/965353453	XE0UM		"- - - - Altercation"	category	1	False	X	"=hyperlink(""https://icd.who.int/browse11/l-m/en#/http%3A%2F%2Fid.who.int%2Ficd%2Fentity%2F965353453"",""browser"")"	False	False					
http://id.who.int/icd/entity/994327927	http://id.who.int/icd/release/11/mms/994327927	XE591		"- - - - - About family issues"	category	2	False	X	"=hyperlink(""https://icd.who.int/browse11/l-m/en#/http%3A%2F%2Fid.who.int%2Ficd%2Fentity%2F994327927"",""browser"")"	False	False					
http://id.who.int/icd/entity/251687507	http://id.who.int/icd/release/11/mms/251687507	XE2RR		"- - - - - - Context of assault, altercation about family issues, children"	category	3	False	X	"=hyperlink(""https://icd.who.int/browse11/l-m/en#/http%3A%2F%2Fid.who.int%2Ficd%2Fentity%2F251687507"",""browser"")"	True	False					
http://id.who.int/icd/entity/913891091	http://id.who.int/icd/release/11/mms/913891091	XE37R		"- - - - - - Context of assault, altercation about family issues, in-laws"	category	3	False	X	"=hyperlink(""https://icd.who.int/browse11/l-m/en#/http%3A%2F%2Fid.who.int%2Ficd%2Fentity%2F913891091"",""browser"")"	True	False					
http://id.who.int/icd/entity/558939091	http://id.who.int/icd/release/11/mms/558939091	XE1B3		"- - - - - - Context of assault, altercation about family issues, dowry issues"	category	3	False	X	"=hyperlink(""https://icd.who.int/browse11/l-m/en#/http%3A%2F%2Fid.who.int%2Ficd%2Fentity%2F558939091"",""browser"")"	True	False					
http://id.who.int/icd/entity/1149863315	http://id.who.int/icd/release/11/mms/1149863315	XE1F9		"- - - - - - Context of assault, altercation about family issues, family honour"	category	3	False	X	"=hyperlink(""https://icd.who.int/browse11/l-m/en#/http%3A%2F%2Fid.who.int%2Ficd%2Fentity%2F1149863315"",""browser"")"	True	False					
http://id.who.int/icd/entity/37523511	http://id.who.int/icd/release/11/mms/37523511	XE9SP		"- - - - - About personal issues"	category	2	False	X	"=hyperlink(""https://icd.who.int/browse11/l-m/en#/http%3A%2F%2Fid.who.int%2Ficd%2Fentity%2F37523511"",""browser"")"	False	False					
http://id.who.int/icd/entity/44589141	http://id.who.int/icd/release/11/mms/44589141	XE1XB		"- - - - - - Context of assault, altercation about current love relationship"	category	3	False	X	"=hyperlink(""https://icd.who.int/browse11/l-m/en#/http%3A%2F%2Fid.who.int%2Ficd%2Fentity%2F44589141"",""browser"")"	True	False					
http://id.who.int/icd/entity/1003539733	http://id.who.int/icd/release/11/mms/1003539733	XE3YH		"- - - - - - Context of assault, altercation about terminating a love relationship"	category	3	False	X	"=hyperlink(""https://icd.who.int/browse11/l-m/en#/http%3A%2F%2Fid.who.int%2Ficd%2Fentity%2F1003539733"",""browser"")"	True	False					
http://id.who.int/icd/entity/754493909	http://id.who.int/icd/release/11/mms/754493909	XE6DB		"- - - - - - Context of assault, altercation about sex"	category	3	False	X	"=hyperlink(""https://icd.who.int/browse11/l-m/en#/http%3A%2F%2Fid.who.int%2Ficd%2Fentity%2F754493909"",""browser"")"	True	False					
http://id.who.int/icd/entity/353694967	http://id.who.int/icd/release/11/mms/353694967	XE4H5		"- - - - - About personally-held views"	category	2	False	X	"=hyperlink(""https://icd.who.int/browse11/l-m/en#/http%3A%2F%2Fid.who.int%2Ficd%2Fentity%2F353694967"",""browser"")"	False	False					
http://id.who.int/icd/entity/441071932	http://id.who.int/icd/release/11/mms/441071932	XE03X		"- - - - - - Context of assault, altercation about personally-held views regarding politics"	category	3	False	X	"=hyperlink(""https://icd.who.int/browse11/l-m/en#/http%3A%2F%2Fid.who.int%2Ficd%2Fentity%2F441071932"",""browser"")"	True	False					
http://id.who.int/icd/entity/590517372	http://id.who.int/icd/release/11/mms/590517372	XE860		"- - - - - - Context of assault, altercation about personally-held views regarding religious or spiritual matters"	category	3	False	X	"=hyperlink(""https://icd.who.int/browse11/l-m/en#/http%3A%2F%2Fid.who.int%2Ficd%2Fentity%2F590517372"",""browser"")"	True	False					
http://id.who.int/icd/entity/874180796	http://id.who.int/icd/release/11/mms/874180796	XE1RW		"- - - - - - Context of assault, altercation about personally-held views regarding cultural issues"	category	3	False	X	"=hyperlink(""https://icd.who.int/browse11/l-m/en#/http%3A%2F%2Fid.who.int%2Ficd%2Fentity%2F874180796"",""browser"")"	True	False					
http://id.who.int/icd/entity/1371787004	http://id.who.int/icd/release/11/mms/1371787004	XE6YL		"- - - - - - Context of assault, altercation about personally-held views regarding racial or ethnic issues"	category	3	False	X	"=hyperlink(""https://icd.who.int/browse11/l-m/en#/http%3A%2F%2Fid.who.int%2Ficd%2Fentity%2F1371787004"",""browser"")"	True	False					
http://id.who.int/icd/entity/1189849660	http://id.who.int/icd/release/11/mms/1189849660	XE1Q8		"- - - - - - Context of assault, altercation about personally-held views regarding issues of gender or sexual orientation"	category	3	False	X	"=hyperlink(""https://icd.who.int/browse11/l-m/en#/http%3A%2F%2Fid.who.int%2Ficd%2Fentity%2F1189849660"",""browser"")"	True	False					
http://id.who.int/icd/entity/1892534967	http://id.who.int/icd/release/11/mms/1892534967	XE0Z5		"- - - - - About business or financial issues"	category	2	False	X	"=hyperlink(""https://icd.who.int/browse11/l-m/en#/http%3A%2F%2Fid.who.int%2Ficd%2Fentity%2F1892534967"",""browser"")"	False	False					
http://id.who.int/icd/entity/1031192038	http://id.who.int/icd/release/11/mms/1031192038	XE4ML		"- - - - - - Context of assault, altercation about loss of employment"	category	3	False	X	"=hyperlink(""https://icd.who.int/browse11/l-m/en#/http%3A%2F%2Fid.who.int%2Ficd%2Fentity%2F1031192038"",""browser"")"	True	False					
http://id.who.int/icd/entity/68030630	http://id.who.int/icd/release/11/mms/68030630	XE00W		"- - - - - - Context of assault, altercation about other financial losses related to employment or business"	category	3	False	X	"=hyperlink(""https://icd.who.int/browse11/l-m/en#/http%3A%2F%2Fid.who.int%2Ficd%2Fentity%2F68030630"",""browser"")"	True	False					
http://id.who.int/icd/entity/321287270	http://id.who.int/icd/release/11/mms/321287270	XE05L		"- - - - - - Context of assault, other employment disputes"	category	3	False	X	"=hyperlink(""https://icd.who.int/browse11/l-m/en#/http%3A%2F%2Fid.who.int%2Ficd%2Fentity%2F321287270"",""browser"")"	True	False					
http://id.who.int/icd/entity/1996442150	http://id.who.int/icd/release/11/mms/1996442150	XE62S		"- - - - - - Context of assault, altercation about money or property"	category	3	False	X	"=hyperlink(""https://icd.who.int/browse11/l-m/en#/http%3A%2F%2Fid.who.int%2Ficd%2Fentity%2F1996442150"",""browser"")"	True	False					
http://id.who.int/icd/entity/1743105655	http://id.who.int/icd/release/11/mms/1743105655	XE6VD		"- - - - - About sports and other leisure"	category	2	False	X	"=hyperlink(""https://icd.who.int/browse11/l-m/en#/http%3A%2F%2Fid.who.int%2Ficd%2Fentity%2F1743105655"",""browser"")"	False	False					
http://id.who.int/icd/entity/630514829	http://id.who.int/icd/release/11/mms/630514829	XE81U		"- - - - - - Context of assault, altercation about gambling"	category	3	False	X	"=hyperlink(""https://icd.who.int/browse11/l-m/en#/http%3A%2F%2Fid.who.int%2Ficd%2Fentity%2F630514829"",""browser"")"	True	False					
http://id.who.int/icd/entity/485247437	http://id.who.int/icd/release/11/mms/485247437	XE47F		"- - - - - - Context of assault, altercation about sports"	category	3	False	X	"=hyperlink(""https://icd.who.int/browse11/l-m/en#/http%3A%2F%2Fid.who.int%2Ficd%2Fentity%2F485247437"",""browser"")"	True	False					
http://id.who.int/icd/entity/1120601736	http://id.who.int/icd/release/11/mms/1120601736	XE8NL		"- - - - - Context of assault, altercation about traffic"	category	2	False	X	"=hyperlink(""https://icd.who.int/browse11/l-m/en#/http%3A%2F%2Fid.who.int%2Ficd%2Fentity%2F1120601736"",""browser"")"	True	False					
http://id.who.int/icd/entity/2075372488	http://id.who.int/icd/release/11/mms/2075372488	XE4XA		"- - - - - Context of assault, malicious misconduct"	category	2	False	X	"=hyperlink(""https://icd.who.int/browse11/l-m/en#/http%3A%2F%2Fid.who.int%2Ficd%2Fentity%2F2075372488"",""browser"")"	True	False					
http://id.who.int/icd/entity/1822150408	http://id.who.int/icd/release/11/mms/1822150408	XE4P2		"- - - - - Context of assault, bullying, intimidation"	category	2	False	X	"=hyperlink(""https://icd.who.int/browse11/l-m/en#/http%3A%2F%2Fid.who.int%2Ficd%2Fentity%2F1822150408"",""browser"")"	True	False					
http://id.who.int/icd/entity/155382088	http://id.who.int/icd/release/11/mms/155382088	XE3KE		"- - - - - Context of assault, altercation about past altercation"	category	2	False	X	"=hyperlink(""https://icd.who.int/browse11/l-m/en#/http%3A%2F%2Fid.who.int%2Ficd%2Fentity%2F155382088"",""browser"")"	True	False					
http://id.who.int/icd/entity/15905453	http://id.who.int/icd/release/11/mms/15905453	XE91G		"- - - - Illegal acquisition or attempted illegal acquisition of money or property"	category	1	False	X	"=hyperlink(""https://icd.who.int/browse11/l-m/en#/http%3A%2F%2Fid.who.int%2Ficd%2Fentity%2F15905453"",""browser"")"	False	False					
http://id.who.int/icd/entity/921448305	http://id.who.int/icd/release/11/mms/921448305	XE0LR		"- - - - - Context of assault, burglary"	category	2	False	X	"=hyperlink(""https://icd.who.int/browse11/l-m/en#/http%3A%2F%2Fid.who.int%2Ficd%2Fentity%2F921448305"",""browser"")"	True	False					
http://id.who.int/icd/entity/261390897	http://id.who.int/icd/release/11/mms/261390897	XE6PL		"- - - - - Robbery"	category	2	False	X	"=hyperlink(""https://icd.who.int/browse11/l-m/en#/http%3A%2F%2Fid.who.int%2Ficd%2Fentity%2F261390897"",""browser"")"	False	False					
http://id.who.int/icd/entity/1175012685	http://id.who.int/icd/release/11/mms/1175012685	XE6YM		"- - - - - - Context of assault, unarmed robbery"	category	3	False	X	"=hyperlink(""https://icd.who.int/browse11/l-m/en#/http%3A%2F%2Fid.who.int%2Ficd%2Fentity%2F1175012685"",""browser"")"	True	False					
http://id.who.int/icd/entity/2138171405	http://id.who.int/icd/release/11/mms/2138171405	XE989		"- - - - - - Context of assault, armed robbery"	category	3	False	X	"=hyperlink(""https://icd.who.int/browse11/l-m/en#/http%3A%2F%2Fid.who.int%2Ficd%2Fentity%2F2138171405"",""browser"")"	True	False					
http://id.who.int/icd/entity/400217709	http://id.who.int/icd/release/11/mms/400217709	XE933		"- - - - Drug-related incident"	category	1	False	X	"=hyperlink(""https://icd.who.int/browse11/l-m/en#/http%3A%2F%2Fid.who.int%2Ficd%2Fentity%2F400217709"",""browser"")"	False	False					
http://id.who.int/icd/entity/772699672	http://id.who.int/icd/release/11/mms/772699672	XE5AY		"- - - - - Context of assault, selling drugs or drug business"	category	2	False	X	"=hyperlink(""https://icd.who.int/browse11/l-m/en#/http%3A%2F%2Fid.who.int%2Ficd%2Fentity%2F772699672"",""browser"")"	True	False					
http://id.who.int/icd/entity/393665368	http://id.who.int/icd/release/11/mms/393665368	XE0Z6		"- - - - - Context of assault, argument over possession, use, or cost of drugs"	category	2	False	X	"=hyperlink(""https://icd.who.int/browse11/l-m/en#/http%3A%2F%2Fid.who.int%2Ficd%2Fentity%2F393665368"",""browser"")"	True	False					
http://id.who.int/icd/entity/6209432	http://id.who.int/icd/release/11/mms/6209432	XE1GC		"- - - - - Context of assault, failure to pay a drug debt"	category	2	False	X	"=hyperlink(""https://icd.who.int/browse11/l-m/en#/http%3A%2F%2Fid.who.int%2Ficd%2Fentity%2F6209432"",""browser"")"	True	False					
http://id.who.int/icd/entity/1703379416	http://id.who.int/icd/release/11/mms/1703379416	XE1LL		"- - - - - Context of assault, probable drug involvement, but no positive evidence"	category	2	False	X	"=hyperlink(""https://icd.who.int/browse11/l-m/en#/http%3A%2F%2Fid.who.int%2Ficd%2Fentity%2F1703379416"",""browser"")"	True	False					
http://id.who.int/icd/entity/1912858669	http://id.who.int/icd/release/11/mms/1912858669	XE213		"- - - - Context of assault, sexual assault"	category	1	False	X	"=hyperlink(""https://icd.who.int/browse11/l-m/en#/http%3A%2F%2Fid.who.int%2Ficd%2Fentity%2F1912858669"",""browser"")"	False	False					
http://id.who.int/icd/entity/154333890	http://id.who.int/icd/release/11/mms/154333890	XE6U2		"- - - - - Context of assault, rape or attempted rape"	category	2	False	X	"=hyperlink(""https://icd.who.int/browse11/l-m/en#/http%3A%2F%2Fid.who.int%2Ficd%2Fentity%2F154333890"",""browser"")"	True	False					
http://id.who.int/icd/entity/810180482	http://id.who.int/icd/release/11/mms/810180482	XE85Q		"- - - - - Context of assault, sodomy or attempted sodomy"	category	2	False	X	"=hyperlink(""https://icd.who.int/browse11/l-m/en#/http%3A%2F%2Fid.who.int%2Ficd%2Fentity%2F810180482"",""browser"")"	True	False					
http://id.who.int/icd/entity/660749122	http://id.who.int/icd/release/11/mms/660749122	XE29Q		"- - - - - Context of assault, touching or fondling of genitals"	category	2	False	X	"=hyperlink(""https://icd.who.int/browse11/l-m/en#/http%3A%2F%2Fid.who.int%2Ficd%2Fentity%2F660749122"",""browser"")"	True	False					
http://id.who.int/icd/entity/1119552770	http://id.who.int/icd/release/11/mms/1119552770	XE18N		"- - - - - Context of assault, oral sex"	category	2	False	X	"=hyperlink(""https://icd.who.int/browse11/l-m/en#/http%3A%2F%2Fid.who.int%2Ficd%2Fentity%2F1119552770"",""browser"")"	True	False					
http://id.who.int/icd/entity/1697352941	http://id.who.int/icd/release/11/mms/1697352941	XE8DB		"- - - - Gang-related incident"	category	1	False	X	"=hyperlink(""https://icd.who.int/browse11/l-m/en#/http%3A%2F%2Fid.who.int%2Ficd%2Fentity%2F1697352941"",""browser"")"	False	False					
http://id.who.int/icd/entity/298888105	http://id.who.int/icd/release/11/mms/298888105	XE3QM		"- - - - - Context of assault, gang initiation"	category	2	False	X	"=hyperlink(""https://icd.who.int/browse11/l-m/en#/http%3A%2F%2Fid.who.int%2Ficd%2Fentity%2F298888105"",""browser"")"	True	False					
http://id.who.int/icd/entity/682100457	http://id.who.int/icd/release/11/mms/682100457	XE2A5		"- - - - - Context of assault, gang rivalry"	category	2	False	X	"=hyperlink(""https://icd.who.int/browse11/l-m/en#/http%3A%2F%2Fid.who.int%2Ficd%2Fentity%2F682100457"",""browser"")"	True	False					
http://id.who.int/icd/entity/1548951981	http://id.who.int/icd/release/11/mms/1548951981	XE3V7		"- - - - Other criminal activity"	category	1	False	X	"=hyperlink(""https://icd.who.int/browse11/l-m/en#/http%3A%2F%2Fid.who.int%2Ficd%2Fentity%2F1548951981"",""browser"")"	False	False					
http://id.who.int/icd/entity/477673903	http://id.who.int/icd/release/11/mms/477673903	XE2QF		"- - - - - Context of assault, blackmail"	category	2	False	X	"=hyperlink(""https://icd.who.int/browse11/l-m/en#/http%3A%2F%2Fid.who.int%2Ficd%2Fentity%2F477673903"",""browser"")"	True	False					
http://id.who.int/icd/entity/620762351	http://id.who.int/icd/release/11/mms/620762351	XE1N7		"- - - - - Context of assault, kidnapping"	category	2	False	X	"=hyperlink(""https://icd.who.int/browse11/l-m/en#/http%3A%2F%2Fid.who.int%2Ficd%2Fentity%2F620762351"",""browser"")"	True	False					
http://id.who.int/icd/entity/841510959	http://id.who.int/icd/release/11/mms/841510959	XE0NB		"- - - - - Context of assault, contract injuring or killing"	category	2	False	X	"=hyperlink(""https://icd.who.int/browse11/l-m/en#/http%3A%2F%2Fid.who.int%2Ficd%2Fentity%2F841510959"",""browser"")"	True	False					
http://id.who.int/icd/entity/1475432047	http://id.who.int/icd/release/11/mms/1475432047	XE5A7		"- - - - - Context of assault, drive-by shooting"	category	2	False	X	"=hyperlink(""https://icd.who.int/browse11/l-m/en#/http%3A%2F%2Fid.who.int%2Ficd%2Fentity%2F1475432047"",""browser"")"	True	False					
http://id.who.int/icd/entity/1746838227	http://id.who.int/icd/release/11/mms/1746838227	XE5QX		"- - - - Other specified context of assault"	category	1	False	X	"=hyperlink(""https://icd.who.int/browse11/l-m/en#/http%3A%2F%2Fid.who.int%2Ficd%2Fentity%2F1746838227"",""browser"")"	False	False					
http://id.who.int/icd/entity/1989101988	http://id.who.int/icd/release/11/mms/1989101988	XE6FN		"- - - - - Context of assault, retaliation or revenge"	category	2	False	X	"=hyperlink(""https://icd.who.int/browse11/l-m/en#/http%3A%2F%2Fid.who.int%2Ficd%2Fentity%2F1989101988"",""browser"")"	True	False					
http://id.who.int/icd/entity/1341646052	http://id.who.int/icd/release/11/mms/1341646052	XE3G0		"- - - - - Context of assault, mercy killing or euthanasia"	category	2	False	X	"=hyperlink(""https://icd.who.int/browse11/l-m/en#/http%3A%2F%2Fid.who.int%2Ficd%2Fentity%2F1341646052"",""browser"")"	True	False					
http://id.who.int/icd/entity/1491042340	http://id.who.int/icd/release/11/mms/1491042340	XE90G		"- - - - - Context of assault, neglect"	category	2	False	X	"=hyperlink(""https://icd.who.int/browse11/l-m/en#/http%3A%2F%2Fid.who.int%2Ficd%2Fentity%2F1491042340"",""browser"")"	True	False					
http://id.who.int/icd/entity/1023852132	http://id.who.int/icd/release/11/mms/1023852132	XE580		"- - - - - Context of assault, torture"	category	2	False	X	"=hyperlink(""https://icd.who.int/browse11/l-m/en#/http%3A%2F%2Fid.who.int%2Ficd%2Fentity%2F1023852132"",""browser"")"	True	False					
http://id.who.int/icd/entity/707713700	http://id.who.int/icd/release/11/mms/707713700	XE92U		"- - - - - Context of assault, additional context, mistaken identity"	category	2	False	X	"=hyperlink(""https://icd.who.int/browse11/l-m/en#/http%3A%2F%2Fid.who.int%2Ficd%2Fentity%2F707713700"",""browser"")"	True	False					
http://id.who.int/icd/entity/368291343	http://id.who.int/icd/release/11/mms/368291343			"- - Aspects of intentional self-harm events"	block	2	False	X	"=hyperlink(""https://icd.who.int/browse11/l-m/en#/http%3A%2F%2Fid.who.int%2Ficd%2Fentity%2F368291343"",""browser"")"	False						
http://id.who.int/icd/entity/1814458410	http://id.who.int/icd/release/11/mms/1814458410			"- - - Proximal risk-factors for intentional self-harm"	block	3	False	X	"=hyperlink(""https://icd.who.int/browse11/l-m/en#/http%3A%2F%2Fid.who.int%2Ficd%2Fentity%2F1814458410"",""browser"")"	False						
http://id.who.int/icd/entity/320768307	http://id.who.int/icd/release/11/mms/320768307	XE17Z		"- - - - Conflict in relationship with family member, partner, or friend"	category	1	False	X	"=hyperlink(""https://icd.who.int/browse11/l-m/en#/http%3A%2F%2Fid.who.int%2Ficd%2Fentity%2F320768307"",""browser"")"	False	False					
http://id.who.int/icd/entity/892882601	http://id.who.int/icd/release/11/mms/892882601	XE9SZ		"- - - - - Proximal risk factors for intentional self-harm, Conflict in relationship with spouse, partner, boy/girlfriend"	category	2	False	X	"=hyperlink(""https://icd.who.int/browse11/l-m/en#/http%3A%2F%2Fid.who.int%2Ficd%2Fentity%2F892882601"",""browser"")"	True	False					
http://id.who.int/icd/entity/205579241	http://id.who.int/icd/release/11/mms/205579241	XE6QA		"- - - - - Proximal risk factors for intentional self-harm, Conflict in relationship with parent"	category	2	False	X	"=hyperlink(""https://icd.who.int/browse11/l-m/en#/http%3A%2F%2Fid.who.int%2Ficd%2Fentity%2F205579241"",""browser"")"	True	False					
http://id.who.int/icd/entity/459835177	http://id.who.int/icd/release/11/mms/459835177	XE1A1		"- - - - - Proximal risk factors for intentional self-harm, Conflict in relationship with offspring"	category	2	False	X	"=hyperlink(""https://icd.who.int/browse11/l-m/en#/http%3A%2F%2Fid.who.int%2Ficd%2Fentity%2F459835177"",""browser"")"	True	False					
http://id.who.int/icd/entity/711337075	http://id.who.int/icd/release/11/mms/711337075	XE3GP		"- - - - Death of a relative, partner, or friend"	category	1	False	X	"=hyperlink(""https://icd.who.int/browse11/l-m/en#/http%3A%2F%2Fid.who.int%2Ficd%2Fentity%2F711337075"",""browser"")"	False	False					
http://id.who.int/icd/entity/948985007	http://id.who.int/icd/release/11/mms/948985007	XE19R		"- - - - - Proximal risk factors for intentional self-harm, Suicide of a relative, partner or friend"	category	2	False	X	"=hyperlink(""https://icd.who.int/browse11/l-m/en#/http%3A%2F%2Fid.who.int%2Ficd%2Fentity%2F948985007"",""browser"")"	True	False					
http://id.who.int/icd/entity/1761927569	http://id.who.int/icd/release/11/mms/1761927569	XE8T3		"- - - - - Proximal risk factors for intentional self-harm, Other manner of death of a relative, partner or friend"	category	2	False	X	"=hyperlink(""https://icd.who.int/browse11/l-m/en#/http%3A%2F%2Fid.who.int%2Ficd%2Fentity%2F1761927569"",""browser"")"	True	False					
http://id.who.int/icd/entity/2116846929	http://id.who.int/icd/release/11/mms/2116846929	XE2FT		"- - - - - Proximal risk factors for intentional self-harm, Unspecified manner of death of a relative, partner or friend"	category	2	False	X	"=hyperlink(""https://icd.who.int/browse11/l-m/en#/http%3A%2F%2Fid.who.int%2Ficd%2Fentity%2F2116846929"",""browser"")"	True	False					
http://id.who.int/icd/entity/1028538547	http://id.who.int/icd/release/11/mms/1028538547	XE97R		"- - - - Physical problem"	category	1	False	X	"=hyperlink(""https://icd.who.int/browse11/l-m/en#/http%3A%2F%2Fid.who.int%2Ficd%2Fentity%2F1028538547"",""browser"")"	False	False					
http://id.who.int/icd/entity/544343496	http://id.who.int/icd/release/11/mms/544343496	XE5CU		"- - - - - Proximal risk factors for intentional self-harm, HIV or AIDS"	category	2	False	X	"=hyperlink(""https://icd.who.int/browse11/l-m/en#/http%3A%2F%2Fid.who.int%2Ficd%2Fentity%2F544343496"",""browser"")"	True	False					
http://id.who.int/icd/entity/420128904	http://id.who.int/icd/release/11/mms/420128904	XE3AG		"- - - - - Proximal risk factors for intentional self-harm, Unwanted pregnancy"	category	2	False	X	"=hyperlink(""https://icd.who.int/browse11/l-m/en#/http%3A%2F%2Fid.who.int%2Ficd%2Fentity%2F420128904"",""browser"")"	True	False					
http://id.who.int/icd/entity/1486323443	http://id.who.int/icd/release/11/mms/1486323443	XE6XD		"- - - - Mental condition"	category	1	False	X	"=hyperlink(""https://icd.who.int/browse11/l-m/en#/http%3A%2F%2Fid.who.int%2Ficd%2Fentity%2F1486323443"",""browser"")"	False	False					
http://id.who.int/icd/entity/122585374	http://id.who.int/icd/release/11/mms/122585374	XE2Q7		"- - - - - Proximal risk factors for intentional self-harm, Substance abuse"	category	2	False	X	"=hyperlink(""https://icd.who.int/browse11/l-m/en#/http%3A%2F%2Fid.who.int%2Ficd%2Fentity%2F122585374"",""browser"")"	True	False					
http://id.who.int/icd/entity/1043737694	http://id.who.int/icd/release/11/mms/1043737694	XE79G		"- - - - - Proximal risk factors for intentional self-harm, Postpartum depression"	category	2	False	X	"=hyperlink(""https://icd.who.int/browse11/l-m/en#/http%3A%2F%2Fid.who.int%2Ficd%2Fentity%2F1043737694"",""browser"")"	True	False					
http://id.who.int/icd/entity/1337924147	http://id.who.int/icd/release/11/mms/1337924147	XE3U9		"- - - - Income-related or financial problem"	category	1	False	X	"=hyperlink(""https://icd.who.int/browse11/l-m/en#/http%3A%2F%2Fid.who.int%2Ficd%2Fentity%2F1337924147"",""browser"")"	False	False					
http://id.who.int/icd/entity/531421303	http://id.who.int/icd/release/11/mms/531421303	XE70C		"- - - - - Proximal risk factors for intentional self-harm, Work-related"	category	2	False	X	"=hyperlink(""https://icd.who.int/browse11/l-m/en#/http%3A%2F%2Fid.who.int%2Ficd%2Fentity%2F531421303"",""browser"")"	True	False					
http://id.who.int/icd/entity/651457847	http://id.who.int/icd/release/11/mms/651457847	XE4UX		"- - - - - Proximal risk factors for intentional self-harm, Dowry"	category	2	False	X	"=hyperlink(""https://icd.who.int/browse11/l-m/en#/http%3A%2F%2Fid.who.int%2Ficd%2Fentity%2F651457847"",""browser"")"	True	False					
http://id.who.int/icd/entity/1992800115	http://id.who.int/icd/release/11/mms/1992800115	XE5J3		"- - - - Abuse"	category	1	False	X	"=hyperlink(""https://icd.who.int/browse11/l-m/en#/http%3A%2F%2Fid.who.int%2Ficd%2Fentity%2F1992800115"",""browser"")"	False	False					
http://id.who.int/icd/entity/302303857	http://id.who.int/icd/release/11/mms/302303857	XE8HX		"- - - - - Proximal risk factors for intentional self-harm, Sexual abuse"	category	2	False	X	"=hyperlink(""https://icd.who.int/browse11/l-m/en#/http%3A%2F%2Fid.who.int%2Ficd%2Fentity%2F302303857"",""browser"")"	True	False					
http://id.who.int/icd/entity/729573169	http://id.who.int/icd/release/11/mms/729573169	XE8ND		"- - - - - Proximal risk factors for intentional self-harm, Physical abuse"	category	2	False	X	"=hyperlink(""https://icd.who.int/browse11/l-m/en#/http%3A%2F%2Fid.who.int%2Ficd%2Fentity%2F729573169"",""browser"")"	True	False					
http://id.who.int/icd/entity/1012138993	http://id.who.int/icd/release/11/mms/1012138993	XE2RX		"- - - - - Proximal risk factors for intentional self-harm, Neglect"	category	2	False	X	"=hyperlink(""https://icd.who.int/browse11/l-m/en#/http%3A%2F%2Fid.who.int%2Ficd%2Fentity%2F1012138993"",""browser"")"	True	False					
http://id.who.int/icd/entity/1643107251	http://id.who.int/icd/release/11/mms/1643107251	XE31V		"- - - - Proximal risk factors for intentional self-harm, Legal system encounters"	category	1	False	X	"=hyperlink(""https://icd.who.int/browse11/l-m/en#/http%3A%2F%2Fid.who.int%2Ficd%2Fentity%2F1643107251"",""browser"")"	True	False					
http://id.who.int/icd/entity/2029206140	http://id.who.int/icd/release/11/mms/2029206140	XE8MK		"- - - - Proximal risk factors for intentional self-harm, School-related problem"	category	1	False	X	"=hyperlink(""https://icd.who.int/browse11/l-m/en#/http%3A%2F%2Fid.who.int%2Ficd%2Fentity%2F2029206140"",""browser"")"	True	False					
http://id.who.int/icd/entity/1099667260	http://id.who.int/icd/release/11/mms/1099667260	XE98Q		"- - - - Proximal risk factors for intentional self-harm, Religious belief or affiliation"	category	1	False	X	"=hyperlink(""https://icd.who.int/browse11/l-m/en#/http%3A%2F%2Fid.who.int%2Ficd%2Fentity%2F1099667260"",""browser"")"	True	False					
http://id.who.int/icd/entity/1453585404	http://id.who.int/icd/release/11/mms/1453585404	XE6TW		"- - - - Proximal risk factors for intentional self-harm, Cultural issue"	category	1	False	X	"=hyperlink(""https://icd.who.int/browse11/l-m/en#/http%3A%2F%2Fid.who.int%2Ficd%2Fentity%2F1453585404"",""browser"")"	True	False					
http://id.who.int/icd/entity/1432280426	http://id.who.int/icd/release/11/mms/1432280426			"- - - Previous non-fatal intentional self harm"	block	3	False	X	"=hyperlink(""https://icd.who.int/browse11/l-m/en#/http%3A%2F%2Fid.who.int%2Ficd%2Fentity%2F1432280426"",""browser"")"	False						
http://id.who.int/icd/entity/515283765	http://id.who.int/icd/release/11/mms/515283765	XE76W		"- - - - Previous suicide attempt, No"	category	1	False	X	"=hyperlink(""https://icd.who.int/browse11/l-m/en#/http%3A%2F%2Fid.who.int%2Ficd%2Fentity%2F515283765"",""browser"")"	True	False					
http://id.who.int/icd/entity/667825781	http://id.who.int/icd/release/11/mms/667825781	XE3YR		"- - - - Previous suicide attempt, Yes"	category	1	False	X	"=hyperlink(""https://icd.who.int/browse11/l-m/en#/http%3A%2F%2Fid.who.int%2Ficd%2Fentity%2F667825781"",""browser"")"	True	False					
http://id.who.int/icd/entity/1754695847	http://id.who.int/icd/release/11/mms/1754695847			"- - - Intention to die aspect of self-harm"	block	3	False	X	"=hyperlink(""https://icd.who.int/browse11/l-m/en#/http%3A%2F%2Fid.who.int%2Ficd%2Fentity%2F1754695847"",""browser"")"	False						
http://id.who.int/icd/entity/219257631	http://id.who.int/icd/release/11/mms/219257631	XE97V		"- - - - Intentional self-harm, person intended to die"	category	1	False	X	"=hyperlink(""https://icd.who.int/browse11/l-m/en#/http%3A%2F%2Fid.who.int%2Ficd%2Fentity%2F219257631"",""browser"")"	True	False					
http://id.who.int/icd/entity/966780587	http://id.who.int/icd/release/11/mms/966780587	XE5D6		"- - - - Intentional self-harm, person did not intend to die"	category	1	False	X	"=hyperlink(""https://icd.who.int/browse11/l-m/en#/http%3A%2F%2Fid.who.int%2Ficd%2Fentity%2F966780587"",""browser"")"	True	False					
http://id.who.int/icd/entity/116423971	http://id.who.int/icd/release/11/mms/116423971	XE2SF		"- - - - Intentional self-harm, not known or not determined if person intended to die"	category	1	False	X	"=hyperlink(""https://icd.who.int/browse11/l-m/en#/http%3A%2F%2Fid.who.int%2Ficd%2Fentity%2F116423971"",""browser"")"	True	False					
http://id.who.int/icd/entity/64892918	http://id.who.int/icd/release/11/mms/64892918			"- - Aspects of armed conflict"	block	2	False	X	"=hyperlink(""https://icd.who.int/browse11/l-m/en#/http%3A%2F%2Fid.who.int%2Ficd%2Fentity%2F64892918"",""browser"")"	False						
http://id.who.int/icd/entity/517417642	http://id.who.int/icd/release/11/mms/517417642			"- - - Type of armed conflict"	block	3	False	X	"=hyperlink(""https://icd.who.int/browse11/l-m/en#/http%3A%2F%2Fid.who.int%2Ficd%2Fentity%2F517417642"",""browser"")"	False						
http://id.who.int/icd/entity/750802052	http://id.who.int/icd/release/11/mms/750802052	XE2RB		"- - - - Type of conflict, civil war or guerrilla operation"	category	1	False	X	"=hyperlink(""https://icd.who.int/browse11/l-m/en#/http%3A%2F%2Fid.who.int%2Ficd%2Fentity%2F750802052"",""browser"")"	True	False					
http://id.who.int/icd/entity/364444100	http://id.who.int/icd/release/11/mms/364444100	XE324		"- - - - Type of conflict, war"	category	1	False	X	"=hyperlink(""https://icd.who.int/browse11/l-m/en#/http%3A%2F%2Fid.who.int%2Ficd%2Fentity%2F364444100"",""browser"")"	True	False					
http://id.who.int/icd/entity/43031812	http://id.who.int/icd/release/11/mms/43031812	XE4RJ		"- - - - Type of conflict, declared terrorism"	category	1	False	X	"=hyperlink(""https://icd.who.int/browse11/l-m/en#/http%3A%2F%2Fid.who.int%2Ficd%2Fentity%2F43031812"",""browser"")"	True	False					
http://id.who.int/icd/entity/1732879172	http://id.who.int/icd/release/11/mms/1732879172	XE0EG		"- - - - Type of conflict, civil insurrection"	category	1	False	X	"=hyperlink(""https://icd.who.int/browse11/l-m/en#/http%3A%2F%2Fid.who.int%2Ficd%2Fentity%2F1732879172"",""browser"")"	True	False					
http://id.who.int/icd/entity/1885456260	http://id.who.int/icd/release/11/mms/1885456260	XE7HW		"- - - - Type of conflict, postconflict incident"	category	1	False	X	"=hyperlink(""https://icd.who.int/browse11/l-m/en#/http%3A%2F%2Fid.who.int%2Ficd%2Fentity%2F1885456260"",""browser"")"	True	False					
http://id.who.int/icd/entity/699071140	http://id.who.int/icd/release/11/mms/699071140			"- - - Role of injured person in armed conflict"	block	3	False	X	"=hyperlink(""https://icd.who.int/browse11/l-m/en#/http%3A%2F%2Fid.who.int%2Ficd%2Fentity%2F699071140"",""browser"")"	False						
http://id.who.int/icd/entity/1396707029	http://id.who.int/icd/release/11/mms/1396707029	XE42H		"- - - - Military personnel"	category	1	False	X	"=hyperlink(""https://icd.who.int/browse11/l-m/en#/http%3A%2F%2Fid.who.int%2Ficd%2Fentity%2F1396707029"",""browser"")"	True	False					
http://id.who.int/icd/entity/1194787165	http://id.who.int/icd/release/11/mms/1194787165	XE2WZ		"- - - - Civilian"	category	1	False	X	"=hyperlink(""https://icd.who.int/browse11/l-m/en#/http%3A%2F%2Fid.who.int%2Ficd%2Fentity%2F1194787165"",""browser"")"	True	False					
http://id.who.int/icd/entity/138678010	http://id.who.int/icd/release/11/mms/138678010	XE3P0		"- - - - Role of injured person in armed conflict unknown"	category	1	False	X	"=hyperlink(""https://icd.who.int/browse11/l-m/en#/http%3A%2F%2Fid.who.int%2Ficd%2Fentity%2F138678010"",""browser"")"	True	False					
http://id.who.int/icd/entity/167726698	http://id.who.int/icd/release/11/mms/167726698			"- - Type of legal intervention"	block	2	False	X	"=hyperlink(""https://icd.who.int/browse11/l-m/en#/http%3A%2F%2Fid.who.int%2Ficd%2Fentity%2F167726698"",""browser"")"	False						
http://id.who.int/icd/entity/874647019	http://id.who.int/icd/release/11/mms/874647019	XE52B		"- - - Potential arrest situation"	category	1	False	X	"=hyperlink(""https://icd.who.int/browse11/l-m/en#/http%3A%2F%2Fid.who.int%2Ficd%2Fentity%2F874647019"",""browser"")"	False	False					
http://id.who.int/icd/entity/2145720431	http://id.who.int/icd/release/11/mms/2145720431	XE9JF		"- - - - Type of legal intervention, potential arrest related traffic pursuit"	category	2	False	X	"=hyperlink(""https://icd.who.int/browse11/l-m/en#/http%3A%2F%2Fid.who.int%2Ficd%2Fentity%2F2145720431"",""browser"")"	True	False					
http://id.who.int/icd/entity/1184740655	http://id.who.int/icd/release/11/mms/1184740655	XE25D		"- - - - Type of legal intervention, potential arrest related investigation of a suspicious person or incident"	category	2	False	X	"=hyperlink(""https://icd.who.int/browse11/l-m/en#/http%3A%2F%2Fid.who.int%2Ficd%2Fentity%2F1184740655"",""browser"")"	True	False					
http://id.who.int/icd/entity/1370870255	http://id.who.int/icd/release/11/mms/1370870255	XE3XD		"- - - - Type of legal intervention, potential arrest related execution of an arrest"	category	2	False	X	"=hyperlink(""https://icd.who.int/browse11/l-m/en#/http%3A%2F%2Fid.who.int%2Ficd%2Fentity%2F1370870255"",""browser"")"	True	False					
http://id.who.int/icd/entity/224043179	http://id.who.int/icd/release/11/mms/224043179	XE8Z9		"- - - Response to a disturbance call"	category	1	False	X	"=hyperlink(""https://icd.who.int/browse11/l-m/en#/http%3A%2F%2Fid.who.int%2Ficd%2Fentity%2F224043179"",""browser"")"	False	False					
http://id.who.int/icd/entity/1917651561	http://id.who.int/icd/release/11/mms/1917651561	XE84H		"- - - - Type of legal intervention, response to a disturbance call because of a family dispute"	category	2	False	X	"=hyperlink(""https://icd.who.int/browse11/l-m/en#/http%3A%2F%2Fid.who.int%2Ficd%2Fentity%2F1917651561"",""browser"")"	True	False					
http://id.who.int/icd/entity/1261807401	http://id.who.int/icd/release/11/mms/1261807401	XE8WD		"- - - - Type of legal intervention, response to a disturbance call because of a person behaving aberrantly"	category	2	False	X	"=hyperlink(""https://icd.who.int/browse11/l-m/en#/http%3A%2F%2Fid.who.int%2Ficd%2Fentity%2F1261807401"",""browser"")"	True	False					
http://id.who.int/icd/entity/601470807	http://id.who.int/icd/release/11/mms/601470807	XE3FV		"- - - - Type of legal intervention, response to other specified disturbance call"	category	2	False	X	"=hyperlink(""https://icd.who.int/browse11/l-m/en#/http%3A%2F%2Fid.who.int%2Ficd%2Fentity%2F601470807"",""browser"")"	True	False					
http://id.who.int/icd/entity/888263575	http://id.who.int/icd/release/11/mms/888263575	XE439		"- - - - Type of legal intervention, response to unspecified disturbance call"	category	2	False	X	"=hyperlink(""https://icd.who.int/browse11/l-m/en#/http%3A%2F%2Fid.who.int%2Ficd%2Fentity%2F888263575"",""browser"")"	True	False					
http://id.who.int/icd/entity/443729003	http://id.who.int/icd/release/11/mms/443729003	XE8M2		"- - - Type of legal intervention, ambush situation"	category	1	False	X	"=hyperlink(""https://icd.who.int/browse11/l-m/en#/http%3A%2F%2Fid.who.int%2Ficd%2Fentity%2F443729003"",""browser"")"	True	False					
http://id.who.int/icd/entity/2141977131	http://id.who.int/icd/release/11/mms/2141977131	XE1DD		"- - - Type of legal intervention, civil disorder"	category	1	False	X	"=hyperlink(""https://icd.who.int/browse11/l-m/en#/http%3A%2F%2Fid.who.int%2Ficd%2Fentity%2F2141977131"",""browser"")"	True	False					
http://id.who.int/icd/entity/1753456363	http://id.who.int/icd/release/11/mms/1753456363	XE0RZ		"- - - Type of legal intervention, handling, transporting, or custody of prisoner"	category	1	False	X	"=hyperlink(""https://icd.who.int/browse11/l-m/en#/http%3A%2F%2Fid.who.int%2Ficd%2Fentity%2F1753456363"",""browser"")"	True	False					
http://id.who.int/icd/entity/1375417259	http://id.who.int/icd/release/11/mms/1375417259	XE7AT		"- - - Type of legal intervention, execution of a legal sentence"	category	1	False	X	"=hyperlink(""https://icd.who.int/browse11/l-m/en#/http%3A%2F%2Fid.who.int%2Ficd%2Fentity%2F1375417259"",""browser"")"	True	False					
http://id.who.int/icd/entity/1502396257	http://id.who.int/icd/release/11/mms/1502396257			"- - Aspects of incidents related to devices"	block	2	False	X	"=hyperlink(""https://icd.who.int/browse11/l-m/en#/http%3A%2F%2Fid.who.int%2Ficd%2Fentity%2F1502396257"",""browser"")"	False						
http://id.who.int/icd/entity/1392580621	http://id.who.int/icd/release/11/mms/1392580621	XE4HK		"- - - Patient device interaction problem"	category	1	False	X	"=hyperlink(""https://icd.who.int/browse11/l-m/en#/http%3A%2F%2Fid.who.int%2Ficd%2Fentity%2F1392580621"",""browser"")"	False	False					
http://id.who.int/icd/entity/216665026	http://id.who.int/icd/release/11/mms/216665026	XE6GS		"- - - - Patient-device incompatibility"	category	2	False	X	"=hyperlink(""https://icd.who.int/browse11/l-m/en#/http%3A%2F%2Fid.who.int%2Ficd%2Fentity%2F216665026"",""browser"")"	False	False					
http://id.who.int/icd/entity/371443588	http://id.who.int/icd/release/11/mms/371443588	XE7ZE		"- - - - - Biocompatibility"	category	3	False	X	"=hyperlink(""https://icd.who.int/browse11/l-m/en#/http%3A%2F%2Fid.who.int%2Ficd%2Fentity%2F371443588"",""browser"")"	True	False					
http://id.who.int/icd/entity/312365500	http://id.who.int/icd/release/11/mms/312365500	XE2CL		"- - - - - Device appears to trigger rejection"	category	3	False	X	"=hyperlink(""https://icd.who.int/browse11/l-m/en#/http%3A%2F%2Fid.who.int%2Ficd%2Fentity%2F312365500"",""browser"")"	True	False					
http://id.who.int/icd/entity/1489616095	http://id.who.int/icd/release/11/mms/1489616095	XE584		"- - - - - Inadequacy of device shape or size"	category	3	False	X	"=hyperlink(""https://icd.who.int/browse11/l-m/en#/http%3A%2F%2Fid.who.int%2Ficd%2Fentity%2F1489616095"",""browser"")"	True	False					
http://id.who.int/icd/entity/1138934613	http://id.who.int/icd/release/11/mms/1138934613	XE7JV		"- - - - Osseointegration problem"	category	2	False	X	"=hyperlink(""https://icd.who.int/browse11/l-m/en#/http%3A%2F%2Fid.who.int%2Ficd%2Fentity%2F1138934613"",""browser"")"	False	False					
http://id.who.int/icd/entity/1128624933	http://id.who.int/icd/release/11/mms/1128624933	XE94Z		"- - - - - Failure to osseointegrate"	category	3	False	X	"=hyperlink(""https://icd.who.int/browse11/l-m/en#/http%3A%2F%2Fid.who.int%2Ficd%2Fentity%2F1128624933"",""browser"")"	True	False					
http://id.who.int/icd/entity/180406491	http://id.who.int/icd/release/11/mms/180406491	XE0Z9		"- - - - - Loss of osseointegration"	category	3	False	X	"=hyperlink(""https://icd.who.int/browse11/l-m/en#/http%3A%2F%2Fid.who.int%2Ficd%2Fentity%2F180406491"",""browser"")"	True	False					
http://id.who.int/icd/entity/364108287	http://id.who.int/icd/release/11/mms/364108287	XE2K9		"- - - - Loosening of implant not related to bone-ingrowth"	category	2	False	X	"=hyperlink(""https://icd.who.int/browse11/l-m/en#/http%3A%2F%2Fid.who.int%2Ficd%2Fentity%2F364108287"",""browser"")"	True	False					
http://id.who.int/icd/entity/1059255359	http://id.who.int/icd/release/11/mms/1059255359	XE0VD		"- - - - Migration or expulsion of device"	category	2	False	X	"=hyperlink(""https://icd.who.int/browse11/l-m/en#/http%3A%2F%2Fid.who.int%2Ficd%2Fentity%2F1059255359"",""browser"")"	False	False					
http://id.who.int/icd/entity/900682579	http://id.who.int/icd/release/11/mms/900682579	XE763		"- - - - - Migration of device"	category	3	False	X	"=hyperlink(""https://icd.who.int/browse11/l-m/en#/http%3A%2F%2Fid.who.int%2Ficd%2Fentity%2F900682579"",""browser"")"	True	False					
http://id.who.int/icd/entity/889774883	http://id.who.int/icd/release/11/mms/889774883	XE1FH		"- - - - - Expulsion of device"	category	3	False	X	"=hyperlink(""https://icd.who.int/browse11/l-m/en#/http%3A%2F%2Fid.who.int%2Ficd%2Fentity%2F889774883"",""browser"")"	True	False					
http://id.who.int/icd/entity/1247332916	http://id.who.int/icd/release/11/mms/1247332916	XE7Q8		"- - - Manufacturing, packaging or shipping problem"	category	1	False	X	"=hyperlink(""https://icd.who.int/browse11/l-m/en#/http%3A%2F%2Fid.who.int%2Ficd%2Fentity%2F1247332916"",""browser"")"	False	False					
http://id.who.int/icd/entity/1640116547	http://id.who.int/icd/release/11/mms/1640116547	XE5Y1		"- - - - Product quality problem"	category	2	False	X	"=hyperlink(""https://icd.who.int/browse11/l-m/en#/http%3A%2F%2Fid.who.int%2Ficd%2Fentity%2F1640116547"",""browser"")"	False	False					
http://id.who.int/icd/entity/1587991240	http://id.who.int/icd/release/11/mms/1587991240	XE4UR		"- - - - - Dull or blunt"	category	3	False	X	"=hyperlink(""https://icd.who.int/browse11/l-m/en#/http%3A%2F%2Fid.who.int%2Ficd%2Fentity%2F1587991240"",""browser"")"	True	False					
http://id.who.int/icd/entity/516679043	http://id.who.int/icd/release/11/mms/516679043	XE46G		"- - - - - Nonstandard device"	category	3	False	X	"=hyperlink(""https://icd.who.int/browse11/l-m/en#/http%3A%2F%2Fid.who.int%2Ficd%2Fentity%2F516679043"",""browser"")"	True	False					
http://id.who.int/icd/entity/180152843	http://id.who.int/icd/release/11/mms/180152843	XE1K1		"- - - - Defective component"	category	2	False	X	"=hyperlink(""https://icd.who.int/browse11/l-m/en#/http%3A%2F%2Fid.who.int%2Ficd%2Fentity%2F180152843"",""browser"")"	True	False					
http://id.who.int/icd/entity/1856812704	http://id.who.int/icd/release/11/mms/1856812704	XE9CD		"- - - - Defective device"	category	2	False	X	"=hyperlink(""https://icd.who.int/browse11/l-m/en#/http%3A%2F%2Fid.who.int%2Ficd%2Fentity%2F1856812704"",""browser"")"	True	False					
http://id.who.int/icd/entity/1679888884	http://id.who.int/icd/release/11/mms/1679888884	XE12L		"- - - - Device damaged prior to use"	category	2	False	X	"=hyperlink(""https://icd.who.int/browse11/l-m/en#/http%3A%2F%2Fid.who.int%2Ficd%2Fentity%2F1679888884"",""browser"")"	True	False					
http://id.who.int/icd/entity/1686544770	http://id.who.int/icd/release/11/mms/1686544770	XE8RY		"- - - - Packaging problem"	category	2	False	X	"=hyperlink(""https://icd.who.int/browse11/l-m/en#/http%3A%2F%2Fid.who.int%2Ficd%2Fentity%2F1686544770"",""browser"")"	False	False					
http://id.who.int/icd/entity/248366667	http://id.who.int/icd/release/11/mms/248366667	XE01Z		"- - - - - Difficult to open or remove packaging material"	category	3	False	X	"=hyperlink(""https://icd.who.int/browse11/l-m/en#/http%3A%2F%2Fid.who.int%2Ficd%2Fentity%2F248366667"",""browser"")"	True	False					
http://id.who.int/icd/entity/1631354084	http://id.who.int/icd/release/11/mms/1631354084	XE5YH		"- - - - - Incomplete or missing packaging"	category	3	False	X	"=hyperlink(""https://icd.who.int/browse11/l-m/en#/http%3A%2F%2Fid.who.int%2Ficd%2Fentity%2F1631354084"",""browser"")"	True	False					
http://id.who.int/icd/entity/82301271	http://id.who.int/icd/release/11/mms/82301271	XE4VM		"- - - - - Unsealed device packaging"	category	3	False	X	"=hyperlink(""https://icd.who.int/browse11/l-m/en#/http%3A%2F%2Fid.who.int%2Ficd%2Fentity%2F82301271"",""browser"")"	True	False					
http://id.who.int/icd/entity/1933227713	http://id.who.int/icd/release/11/mms/1933227713	XE2AN		"- - - - - Tear, rip or hole in device packaging"	category	3	False	X	"=hyperlink(""https://icd.who.int/browse11/l-m/en#/http%3A%2F%2Fid.who.int%2Ficd%2Fentity%2F1933227713"",""browser"")"	True	False					
http://id.who.int/icd/entity/785468647	http://id.who.int/icd/release/11/mms/785468647	XE151		"- - - - Device misassembled during manufacturing or shipping"	category	2	False	X	"=hyperlink(""https://icd.who.int/browse11/l-m/en#/http%3A%2F%2Fid.who.int%2Ficd%2Fentity%2F785468647"",""browser"")"	False	False					
http://id.who.int/icd/entity/410425942	http://id.who.int/icd/release/11/mms/410425942	XE9R8		"- - - - - Component misassembled"	category	3	False	X	"=hyperlink(""https://icd.who.int/browse11/l-m/en#/http%3A%2F%2Fid.who.int%2Ficd%2Fentity%2F410425942"",""browser"")"	True	False					
http://id.who.int/icd/entity/1654418983	http://id.who.int/icd/release/11/mms/1654418983	XE89V		"- - - - - Component missing"	category	3	False	X	"=hyperlink(""https://icd.who.int/browse11/l-m/en#/http%3A%2F%2Fid.who.int%2Ficd%2Fentity%2F1654418983"",""browser"")"	True	False					
http://id.who.int/icd/entity/1948725820	http://id.who.int/icd/release/11/mms/1948725820	XE8ZA		"- - - - Shipping damage or problem"	category	2	False	X	"=hyperlink(""https://icd.who.int/browse11/l-m/en#/http%3A%2F%2Fid.who.int%2Ficd%2Fentity%2F1948725820"",""browser"")"	False	False					
http://id.who.int/icd/entity/1745996107	http://id.who.int/icd/release/11/mms/1745996107	XE78P		"- - - - - Delivered as unsterile product"	category	3	False	X	"=hyperlink(""https://icd.who.int/browse11/l-m/en#/http%3A%2F%2Fid.who.int%2Ficd%2Fentity%2F1745996107"",""browser"")"	True	False					
http://id.who.int/icd/entity/279885039	http://id.who.int/icd/release/11/mms/279885039	XE52X		"- - - Chemical problem"	category	1	False	X	"=hyperlink(""https://icd.who.int/browse11/l-m/en#/http%3A%2F%2Fid.who.int%2Ficd%2Fentity%2F279885039"",""browser"")"	False	False					
http://id.who.int/icd/entity/538914836	http://id.who.int/icd/release/11/mms/538914836	XE9AC		"- - - - Device emits odour"	category	2	False	X	"=hyperlink(""https://icd.who.int/browse11/l-m/en#/http%3A%2F%2Fid.who.int%2Ficd%2Fentity%2F538914836"",""browser"")"	True	False					
http://id.who.int/icd/entity/714250104	http://id.who.int/icd/release/11/mms/714250104	XE3E0		"- - - - Device ingredient or reagent problem"	category	2	False	X	"=hyperlink(""https://icd.who.int/browse11/l-m/en#/http%3A%2F%2Fid.who.int%2Ficd%2Fentity%2F714250104"",""browser"")"	False	False					
http://id.who.int/icd/entity/85907370	http://id.who.int/icd/release/11/mms/85907370	XE4BC		"- - - - - Clumping in device or device ingredient"	category	3	False	X	"=hyperlink(""https://icd.who.int/browse11/l-m/en#/http%3A%2F%2Fid.who.int%2Ficd%2Fentity%2F85907370"",""browser"")"	True	False					
http://id.who.int/icd/entity/292149280	http://id.who.int/icd/release/11/mms/292149280	XE49W		"- - - - - Coagulation in device or device ingredient"	category	3	False	X	"=hyperlink(""https://icd.who.int/browse11/l-m/en#/http%3A%2F%2Fid.who.int%2Ficd%2Fentity%2F292149280"",""browser"")"	True	False					
http://id.who.int/icd/entity/1803758673	http://id.who.int/icd/release/11/mms/1803758673	XE4VP		"- - - - - Precipitate in device or device ingredient"	category	3	False	X	"=hyperlink(""https://icd.who.int/browse11/l-m/en#/http%3A%2F%2Fid.who.int%2Ficd%2Fentity%2F1803758673"",""browser"")"	True	False					
http://id.who.int/icd/entity/74618616	http://id.who.int/icd/release/11/mms/74618616	XE8Z6		"- - - - - Cross reactivity"	category	3	False	X	"=hyperlink(""https://icd.who.int/browse11/l-m/en#/http%3A%2F%2Fid.who.int%2Ficd%2Fentity%2F74618616"",""browser"")"	True	False					
http://id.who.int/icd/entity/1638480717	http://id.who.int/icd/release/11/mms/1638480717	XE0VB		"- - - - - Particulates"	category	3	False	X	"=hyperlink(""https://icd.who.int/browse11/l-m/en#/http%3A%2F%2Fid.who.int%2Ficd%2Fentity%2F1638480717"",""browser"")"	True	False					
http://id.who.int/icd/entity/1866825053	http://id.who.int/icd/release/11/mms/1866825053	XE0K7		"- - - - - High pH"	category	3	False	X	"=hyperlink(""https://icd.who.int/browse11/l-m/en#/http%3A%2F%2Fid.who.int%2Ficd%2Fentity%2F1866825053"",""browser"")"	True	False					
http://id.who.int/icd/entity/1707661873	http://id.who.int/icd/release/11/mms/1707661873	XE657		"- - - - - Low pH"	category	3	False	X	"=hyperlink(""https://icd.who.int/browse11/l-m/en#/http%3A%2F%2Fid.who.int%2Ficd%2Fentity%2F1707661873"",""browser"")"	True	False					
http://id.who.int/icd/entity/1370722857	http://id.who.int/icd/release/11/mms/1370722857	XE6E7		"- - - - Improper chemical reaction"	category	2	False	X	"=hyperlink(""https://icd.who.int/browse11/l-m/en#/http%3A%2F%2Fid.who.int%2Ficd%2Fentity%2F1370722857"",""browser"")"	True	False					
http://id.who.int/icd/entity/1782857886	http://id.who.int/icd/release/11/mms/1782857886	XE4LP		"- - - Material integrity problem"	category	1	False	X	"=hyperlink(""https://icd.who.int/browse11/l-m/en#/http%3A%2F%2Fid.who.int%2Ficd%2Fentity%2F1782857886"",""browser"")"	False	False					
http://id.who.int/icd/entity/338047212	http://id.who.int/icd/release/11/mms/338047212	XE8D2		"- - - - Break"	category	2	False	X	"=hyperlink(""https://icd.who.int/browse11/l-m/en#/http%3A%2F%2Fid.who.int%2Ficd%2Fentity%2F338047212"",""browser"")"	False	False					
http://id.who.int/icd/entity/1651220716	http://id.who.int/icd/release/11/mms/1651220716	XE1M6		"- - - - - Fracture of device"	category	3	False	X	"=hyperlink(""https://icd.who.int/browse11/l-m/en#/http%3A%2F%2Fid.who.int%2Ficd%2Fentity%2F1651220716"",""browser"")"	True	False					
http://id.who.int/icd/entity/1981591394	http://id.who.int/icd/release/11/mms/1981591394	XE9DU		"- - - - - Loss of or failure to bond"	category	3	False	X	"=hyperlink(""https://icd.who.int/browse11/l-m/en#/http%3A%2F%2Fid.who.int%2Ficd%2Fentity%2F1981591394"",""browser"")"	True	False					
http://id.who.int/icd/entity/331809495	http://id.who.int/icd/release/11/mms/331809495	XE2ET		"- - - - - Material fragmentation"	category	3	False	X	"=hyperlink(""https://icd.who.int/browse11/l-m/en#/http%3A%2F%2Fid.who.int%2Ficd%2Fentity%2F331809495"",""browser"")"	True	False					
http://id.who.int/icd/entity/1870105218	http://id.who.int/icd/release/11/mms/1870105218	XE82N		"- - - - - Solder joint fracture"	category	3	False	X	"=hyperlink(""https://icd.who.int/browse11/l-m/en#/http%3A%2F%2Fid.who.int%2Ficd%2Fentity%2F1870105218"",""browser"")"	True	False					
http://id.who.int/icd/entity/5324646	http://id.who.int/icd/release/11/mms/5324646	XE638		"- - - - Burst container or vessel"	category	2	False	X	"=hyperlink(""https://icd.who.int/browse11/l-m/en#/http%3A%2F%2Fid.who.int%2Ficd%2Fentity%2F5324646"",""browser"")"	True	False					
http://id.who.int/icd/entity/1703580369	http://id.who.int/icd/release/11/mms/1703580369	XE5EZ		"- - - - Explosion"	category	2	False	X	"=hyperlink(""https://icd.who.int/browse11/l-m/en#/http%3A%2F%2Fid.who.int%2Ficd%2Fentity%2F1703580369"",""browser"")"	True	False					
http://id.who.int/icd/entity/1252090481	http://id.who.int/icd/release/11/mms/1252090481	XE38M		"- - - - Crack"	category	2	False	X	"=hyperlink(""https://icd.who.int/browse11/l-m/en#/http%3A%2F%2Fid.who.int%2Ficd%2Fentity%2F1252090481"",""browser"")"	True	False					
http://id.who.int/icd/entity/1076675869	http://id.who.int/icd/release/11/mms/1076675869	XE0HB		"- - - - Degraded"	category	2	False	X	"=hyperlink(""https://icd.who.int/browse11/l-m/en#/http%3A%2F%2Fid.who.int%2Ficd%2Fentity%2F1076675869"",""browser"")"	False	False					
http://id.who.int/icd/entity/511482063	http://id.who.int/icd/release/11/mms/511482063	XE8J3		"- - - - - Calcified"	category	3	False	X	"=hyperlink(""https://icd.who.int/browse11/l-m/en#/http%3A%2F%2Fid.who.int%2Ficd%2Fentity%2F511482063"",""browser"")"	True	False					
http://id.who.int/icd/entity/2053948506	http://id.who.int/icd/release/11/mms/2053948506	XE228		"- - - - - Corroded"	category	3	False	X	"=hyperlink(""https://icd.who.int/browse11/l-m/en#/http%3A%2F%2Fid.who.int%2Ficd%2Fentity%2F2053948506"",""browser"")"	True	False					
http://id.who.int/icd/entity/1893819190	http://id.who.int/icd/release/11/mms/1893819190	XE1WE		"- - - - - Material erosion"	category	3	False	X	"=hyperlink(""https://icd.who.int/browse11/l-m/en#/http%3A%2F%2Fid.who.int%2Ficd%2Fentity%2F1893819190"",""browser"")"	True	False					
http://id.who.int/icd/entity/1883689800	http://id.who.int/icd/release/11/mms/1883689800	XE9F6		"- - - - - Pitted"	category	3	False	X	"=hyperlink(""https://icd.who.int/browse11/l-m/en#/http%3A%2F%2Fid.who.int%2Ficd%2Fentity%2F1883689800"",""browser"")"	True	False					
http://id.who.int/icd/entity/974208547	http://id.who.int/icd/release/11/mms/974208547	XE0YK		"- - - - - Flaked"	category	3	False	X	"=hyperlink(""https://icd.who.int/browse11/l-m/en#/http%3A%2F%2Fid.who.int%2Ficd%2Fentity%2F974208547"",""browser"")"	True	False					
http://id.who.int/icd/entity/1625768190	http://id.who.int/icd/release/11/mms/1625768190	XE3VG		"- - - - - Peeled or delaminated"	category	3	False	X	"=hyperlink(""https://icd.who.int/browse11/l-m/en#/http%3A%2F%2Fid.who.int%2Ficd%2Fentity%2F1625768190"",""browser"")"	True	False					
http://id.who.int/icd/entity/437105807	http://id.who.int/icd/release/11/mms/437105807	XE975		"- - - - - Naturally worn"	category	3	False	X	"=hyperlink(""https://icd.who.int/browse11/l-m/en#/http%3A%2F%2Fid.who.int%2Ficd%2Fentity%2F437105807"",""browser"")"	True	False					
http://id.who.int/icd/entity/1979452966	http://id.who.int/icd/release/11/mms/1979452966	XE9JW		"- - - - - Unraveled material"	category	3	False	X	"=hyperlink(""https://icd.who.int/browse11/l-m/en#/http%3A%2F%2Fid.who.int%2Ficd%2Fentity%2F1979452966"",""browser"")"	True	False					
http://id.who.int/icd/entity/1790830813	http://id.who.int/icd/release/11/mms/1790830813	XE1LJ		"- - - - Material deformation"	category	2	False	X	"=hyperlink(""https://icd.who.int/browse11/l-m/en#/http%3A%2F%2Fid.who.int%2Ficd%2Fentity%2F1790830813"",""browser"")"	False	False					
http://id.who.int/icd/entity/1571929423	http://id.who.int/icd/release/11/mms/1571929423	XE0JB		"- - - - - Deformation due to compressive stress"	category	3	False	X	"=hyperlink(""https://icd.who.int/browse11/l-m/en#/http%3A%2F%2Fid.who.int%2Ficd%2Fentity%2F1571929423"",""browser"")"	True	False					
http://id.who.int/icd/entity/1201506715	http://id.who.int/icd/release/11/mms/1201506715	XE5NT		"- - - - - Dent in material"	category	3	False	X	"=hyperlink(""https://icd.who.int/browse11/l-m/en#/http%3A%2F%2Fid.who.int%2Ficd%2Fentity%2F1201506715"",""browser"")"	True	False					
http://id.who.int/icd/entity/1292906231	http://id.who.int/icd/release/11/mms/1292906231	XE0ZV		"- - - - - Failure to fold"	category	3	False	X	"=hyperlink(""https://icd.who.int/browse11/l-m/en#/http%3A%2F%2Fid.who.int%2Ficd%2Fentity%2F1292906231"",""browser"")"	True	False					
http://id.who.int/icd/entity/1384564547	http://id.who.int/icd/release/11/mms/1384564547	XE06Q		"- - - - - Failure to unfold or unwrap"	category	3	False	X	"=hyperlink(""https://icd.who.int/browse11/l-m/en#/http%3A%2F%2Fid.who.int%2Ficd%2Fentity%2F1384564547"",""browser"")"	True	False					
http://id.who.int/icd/entity/1477140527	http://id.who.int/icd/release/11/mms/1477140527	XE37M		"- - - - - Material frayed"	category	3	False	X	"=hyperlink(""https://icd.who.int/browse11/l-m/en#/http%3A%2F%2Fid.who.int%2Ficd%2Fentity%2F1477140527"",""browser"")"	True	False					
http://id.who.int/icd/entity/429140376	http://id.who.int/icd/release/11/mms/429140376	XE8PS		"- - - - - Material invagination"	category	3	False	X	"=hyperlink(""https://icd.who.int/browse11/l-m/en#/http%3A%2F%2Fid.who.int%2Ficd%2Fentity%2F429140376"",""browser"")"	True	False					
http://id.who.int/icd/entity/1191425593	http://id.who.int/icd/release/11/mms/1191425593	XE4Z7		"- - - - - Material too rigid or stiff"	category	3	False	X	"=hyperlink(""https://icd.who.int/browse11/l-m/en#/http%3A%2F%2Fid.who.int%2Ficd%2Fentity%2F1191425593"",""browser"")"	True	False					
http://id.who.int/icd/entity/1400158641	http://id.who.int/icd/release/11/mms/1400158641	XE9WH		"- - - - - Material too soft or flexible"	category	3	False	X	"=hyperlink(""https://icd.who.int/browse11/l-m/en#/http%3A%2F%2Fid.who.int%2Ficd%2Fentity%2F1400158641"",""browser"")"	True	False					
http://id.who.int/icd/entity/698240448	http://id.who.int/icd/release/11/mms/698240448	XE47S		"- - - - - Material twisted or bent"	category	3	False	X	"=hyperlink(""https://icd.who.int/browse11/l-m/en#/http%3A%2F%2Fid.who.int%2Ficd%2Fentity%2F698240448"",""browser"")"	True	False					
http://id.who.int/icd/entity/1181742953	http://id.who.int/icd/release/11/mms/1181742953	XE8ZQ		"- - - - - Melted"	category	3	False	X	"=hyperlink(""https://icd.who.int/browse11/l-m/en#/http%3A%2F%2Fid.who.int%2Ficd%2Fentity%2F1181742953"",""browser"")"	True	False					
http://id.who.int/icd/entity/599022302	http://id.who.int/icd/release/11/mms/599022302	XE5D0		"- - - - - Stretched"	category	3	False	X	"=hyperlink(""https://icd.who.int/browse11/l-m/en#/http%3A%2F%2Fid.who.int%2Ficd%2Fentity%2F599022302"",""browser"")"	True	False					
http://id.who.int/icd/entity/1613778865	http://id.who.int/icd/release/11/mms/1613778865	XE2G9		"- - - - Material discoloured"	category	2	False	X	"=hyperlink(""https://icd.who.int/browse11/l-m/en#/http%3A%2F%2Fid.who.int%2Ficd%2Fentity%2F1613778865"",""browser"")"	True	False					
http://id.who.int/icd/entity/1620574145	http://id.who.int/icd/release/11/mms/1620574145	XE0RF		"- - - - Material disintegration"	category	2	False	X	"=hyperlink(""https://icd.who.int/browse11/l-m/en#/http%3A%2F%2Fid.who.int%2Ficd%2Fentity%2F1620574145"",""browser"")"	True	False					
http://id.who.int/icd/entity/689062975	http://id.who.int/icd/release/11/mms/689062975	XE585		"- - - - Material opacification"	category	2	False	X	"=hyperlink(""https://icd.who.int/browse11/l-m/en#/http%3A%2F%2Fid.who.int%2Ficd%2Fentity%2F689062975"",""browser"")"	True	False					
http://id.who.int/icd/entity/131794769	http://id.who.int/icd/release/11/mms/131794769	XE9AR		"- - - - Material perforation"	category	2	False	X	"=hyperlink(""https://icd.who.int/browse11/l-m/en#/http%3A%2F%2Fid.who.int%2Ficd%2Fentity%2F131794769"",""browser"")"	False	False					
http://id.who.int/icd/entity/601837778	http://id.who.int/icd/release/11/mms/601837778	XE0X4		"- - - - - Material puncture or hole"	category	3	False	X	"=hyperlink(""https://icd.who.int/browse11/l-m/en#/http%3A%2F%2Fid.who.int%2Ficd%2Fentity%2F601837778"",""browser"")"	True	False					
http://id.who.int/icd/entity/2100425506	http://id.who.int/icd/release/11/mms/2100425506	XE72S		"- - - - Material protrusion or extrusion"	category	2	False	X	"=hyperlink(""https://icd.who.int/browse11/l-m/en#/http%3A%2F%2Fid.who.int%2Ficd%2Fentity%2F2100425506"",""browser"")"	True	False					
http://id.who.int/icd/entity/1766259880	http://id.who.int/icd/release/11/mms/1766259880	XE6G0		"- - - - Material rupture"	category	2	False	X	"=hyperlink(""https://icd.who.int/browse11/l-m/en#/http%3A%2F%2Fid.who.int%2Ficd%2Fentity%2F1766259880"",""browser"")"	True	False					
http://id.who.int/icd/entity/211636509	http://id.who.int/icd/release/11/mms/211636509	XE6K7		"- - - - Material separation"	category	2	False	X	"=hyperlink(""https://icd.who.int/browse11/l-m/en#/http%3A%2F%2Fid.who.int%2Ficd%2Fentity%2F211636509"",""browser"")"	True	False					
http://id.who.int/icd/entity/599171517	http://id.who.int/icd/release/11/mms/599171517	XE4FP		"- - - - Material split, cut or torn"	category	2	False	X	"=hyperlink(""https://icd.who.int/browse11/l-m/en#/http%3A%2F%2Fid.who.int%2Ficd%2Fentity%2F599171517"",""browser"")"	True	False					
http://id.who.int/icd/entity/691734225	http://id.who.int/icd/release/11/mms/691734225	XE609		"- - - - Scratched material"	category	2	False	X	"=hyperlink(""https://icd.who.int/browse11/l-m/en#/http%3A%2F%2Fid.who.int%2Ficd%2Fentity%2F691734225"",""browser"")"	True	False					
http://id.who.int/icd/entity/95812151	http://id.who.int/icd/release/11/mms/95812151	XE2GF		"- - - Mechanical problem"	category	1	False	X	"=hyperlink(""https://icd.who.int/browse11/l-m/en#/http%3A%2F%2Fid.who.int%2Ficd%2Fentity%2F95812151"",""browser"")"	False	False					
http://id.who.int/icd/entity/162235780	http://id.who.int/icd/release/11/mms/162235780	XE2CM		"- - - - Detachment of device or device component"	category	2	False	X	"=hyperlink(""https://icd.who.int/browse11/l-m/en#/http%3A%2F%2Fid.who.int%2Ficd%2Fentity%2F162235780"",""browser"")"	True	False					
http://id.who.int/icd/entity/591046722	http://id.who.int/icd/release/11/mms/591046722	XE634		"- - - - Device damaged by another device"	category	2	False	X	"=hyperlink(""https://icd.who.int/browse11/l-m/en#/http%3A%2F%2Fid.who.int%2Ficd%2Fentity%2F591046722"",""browser"")"	True	False					
http://id.who.int/icd/entity/699862830	http://id.who.int/icd/release/11/mms/699862830	XE7NX		"- - - - Ejection problem"	category	2	False	X	"=hyperlink(""https://icd.who.int/browse11/l-m/en#/http%3A%2F%2Fid.who.int%2Ficd%2Fentity%2F699862830"",""browser"")"	False	False					
http://id.who.int/icd/entity/282793299	http://id.who.int/icd/release/11/mms/282793299	XE0VZ		"- - - - - Failure to eject"	category	3	False	X	"=hyperlink(""https://icd.who.int/browse11/l-m/en#/http%3A%2F%2Fid.who.int%2Ficd%2Fentity%2F282793299"",""browser"")"	True	False					
http://id.who.int/icd/entity/628842839	http://id.who.int/icd/release/11/mms/628842839	XE1PM		"- - - - - Unintended ejection"	category	3	False	X	"=hyperlink(""https://icd.who.int/browse11/l-m/en#/http%3A%2F%2Fid.who.int%2Ficd%2Fentity%2F628842839"",""browser"")"	True	False					
http://id.who.int/icd/entity/688963424	http://id.who.int/icd/release/11/mms/688963424	XE944		"- - - - Leak or splash"	category	2	False	X	"=hyperlink(""https://icd.who.int/browse11/l-m/en#/http%3A%2F%2Fid.who.int%2Ficd%2Fentity%2F688963424"",""browser"")"	False	False					
http://id.who.int/icd/entity/1817998426	http://id.who.int/icd/release/11/mms/1817998426	XE2ZY		"- - - - - Fluid leak"	category	3	False	X	"=hyperlink(""https://icd.who.int/browse11/l-m/en#/http%3A%2F%2Fid.who.int%2Ficd%2Fentity%2F1817998426"",""browser"")"	True	False					
http://id.who.int/icd/entity/917113479	http://id.who.int/icd/release/11/mms/917113479	XE0RV		"- - - - - Gas leak"	category	3	False	X	"=hyperlink(""https://icd.who.int/browse11/l-m/en#/http%3A%2F%2Fid.who.int%2Ficd%2Fentity%2F917113479"",""browser"")"	True	False					
http://id.who.int/icd/entity/1279327992	http://id.who.int/icd/release/11/mms/1279327992	XE53W		"- - - - - Gel leak"	category	3	False	X	"=hyperlink(""https://icd.who.int/browse11/l-m/en#/http%3A%2F%2Fid.who.int%2Ficd%2Fentity%2F1279327992"",""browser"")"	True	False					
http://id.who.int/icd/entity/598819935	http://id.who.int/icd/release/11/mms/598819935	XE0B1		"- - - - - Radiation leak"	category	3	False	X	"=hyperlink(""https://icd.who.int/browse11/l-m/en#/http%3A%2F%2Fid.who.int%2Ficd%2Fentity%2F598819935"",""browser"")"	True	False					
http://id.who.int/icd/entity/1181411818	http://id.who.int/icd/release/11/mms/1181411818	XE2JE		"- - - - - Perivalvular leak"	category	3	False	X	"=hyperlink(""https://icd.who.int/browse11/l-m/en#/http%3A%2F%2Fid.who.int%2Ficd%2Fentity%2F1181411818"",""browser"")"	True	False					
http://id.who.int/icd/entity/1620378784	http://id.who.int/icd/release/11/mms/1620378784	XE1RJ		"- - - - Firing problem"	category	2	False	X	"=hyperlink(""https://icd.who.int/browse11/l-m/en#/http%3A%2F%2Fid.who.int%2Ficd%2Fentity%2F1620378784"",""browser"")"	False	False					
http://id.who.int/icd/entity/839344066	http://id.who.int/icd/release/11/mms/839344066	XE666		"- - - - - Failure to fire"	category	3	False	X	"=hyperlink(""https://icd.who.int/browse11/l-m/en#/http%3A%2F%2Fid.who.int%2Ficd%2Fentity%2F839344066"",""browser"")"	True	False					
http://id.who.int/icd/entity/948631726	http://id.who.int/icd/release/11/mms/948631726	XE5P4		"- - - - - Misfire"	category	3	False	X	"=hyperlink(""https://icd.who.int/browse11/l-m/en#/http%3A%2F%2Fid.who.int%2Ficd%2Fentity%2F948631726"",""browser"")"	True	False					
http://id.who.int/icd/entity/1314670542	http://id.who.int/icd/release/11/mms/1314670542	XE88N		"- - - - Mechanical jam"	category	2	False	X	"=hyperlink(""https://icd.who.int/browse11/l-m/en#/http%3A%2F%2Fid.who.int%2Ficd%2Fentity%2F1314670542"",""browser"")"	True	False					
http://id.who.int/icd/entity/884388799	http://id.who.int/icd/release/11/mms/884388799	XE279		"- - - - Mechanics altered"	category	2	False	X	"=hyperlink(""https://icd.who.int/browse11/l-m/en#/http%3A%2F%2Fid.who.int%2Ficd%2Fentity%2F884388799"",""browser"")"	False	False					
http://id.who.int/icd/entity/853714770	http://id.who.int/icd/release/11/mms/853714770	XE7KY		"- - - - - Failure to align"	category	3	False	X	"=hyperlink(""https://icd.who.int/browse11/l-m/en#/http%3A%2F%2Fid.who.int%2Ficd%2Fentity%2F853714770"",""browser"")"	True	False					
http://id.who.int/icd/entity/1746196879	http://id.who.int/icd/release/11/mms/1746196879	XE0XR		"- - - - - Failure to cut"	category	3	False	X	"=hyperlink(""https://icd.who.int/browse11/l-m/en#/http%3A%2F%2Fid.who.int%2Ficd%2Fentity%2F1746196879"",""browser"")"	True	False					
http://id.who.int/icd/entity/231699514	http://id.who.int/icd/release/11/mms/231699514	XE23L		"- - - - - Failure to cycle"	category	3	False	X	"=hyperlink(""https://icd.who.int/browse11/l-m/en#/http%3A%2F%2Fid.who.int%2Ficd%2Fentity%2F231699514"",""browser"")"	True	False					
http://id.who.int/icd/entity/557240833	http://id.who.int/icd/release/11/mms/557240833	XE289		"- - - - - Failure to form staple"	category	3	False	X	"=hyperlink(""https://icd.who.int/browse11/l-m/en#/http%3A%2F%2Fid.who.int%2Ficd%2Fentity%2F557240833"",""browser"")"	True	False					
http://id.who.int/icd/entity/549567543	http://id.who.int/icd/release/11/mms/549567543	XE4F9		"- - - - Noise, audible"	category	2	False	X	"=hyperlink(""https://icd.who.int/browse11/l-m/en#/http%3A%2F%2Fid.who.int%2Ficd%2Fentity%2F549567543"",""browser"")"	True	False					
http://id.who.int/icd/entity/1159336322	http://id.who.int/icd/release/11/mms/1159336322	XE635		"- - - - Physical resistance or sticking"	category	2	False	X	"=hyperlink(""https://icd.who.int/browse11/l-m/en#/http%3A%2F%2Fid.who.int%2Ficd%2Fentity%2F1159336322"",""browser"")"	True	False					
http://id.who.int/icd/entity/1781653794	http://id.who.int/icd/release/11/mms/1781653794	XE306		"- - - - Retraction problem"	category	2	False	X	"=hyperlink(""https://icd.who.int/browse11/l-m/en#/http%3A%2F%2Fid.who.int%2Ficd%2Fentity%2F1781653794"",""browser"")"	True	False					
http://id.who.int/icd/entity/1622951502	http://id.who.int/icd/release/11/mms/1622951502	XE79Q		"- - - - Structural problem"	category	2	False	X	"=hyperlink(""https://icd.who.int/browse11/l-m/en#/http%3A%2F%2Fid.who.int%2Ficd%2Fentity%2F1622951502"",""browser"")"	False	False					
http://id.who.int/icd/entity/1698300986	http://id.who.int/icd/release/11/mms/1698300986	XE8H1		"- - - - - Structural collapse"	category	3	False	X	"=hyperlink(""https://icd.who.int/browse11/l-m/en#/http%3A%2F%2Fid.who.int%2Ficd%2Fentity%2F1698300986"",""browser"")"	True	False					
http://id.who.int/icd/entity/19552429	http://id.who.int/icd/release/11/mms/19552429	XE3VF		"- - - - - Sharp edges"	category	3	False	X	"=hyperlink(""https://icd.who.int/browse11/l-m/en#/http%3A%2F%2Fid.who.int%2Ficd%2Fentity%2F19552429"",""browser"")"	True	False					
http://id.who.int/icd/entity/195559361	http://id.who.int/icd/release/11/mms/195559361	XE8ZX		"- - - - - Difficult to fold or unfold"	category	3	False	X	"=hyperlink(""https://icd.who.int/browse11/l-m/en#/http%3A%2F%2Fid.who.int%2Ficd%2Fentity%2F195559361"",""browser"")"	True	False					
http://id.who.int/icd/entity/184569777	http://id.who.int/icd/release/11/mms/184569777	XE2EV		"- - - - - Difficult to open or close"	category	3	False	X	"=hyperlink(""https://icd.who.int/browse11/l-m/en#/http%3A%2F%2Fid.who.int%2Ficd%2Fentity%2F184569777"",""browser"")"	True	False					
http://id.who.int/icd/entity/1096262358	http://id.who.int/icd/release/11/mms/1096262358	XE3UJ		"- - - - - Incomplete coaptation"	category	3	False	X	"=hyperlink(""https://icd.who.int/browse11/l-m/en#/http%3A%2F%2Fid.who.int%2Ficd%2Fentity%2F1096262358"",""browser"")"	True	False					
http://id.who.int/icd/entity/1244490640	http://id.who.int/icd/release/11/mms/1244490640	XE8ZZ		"- - - - Unintended movement"	category	2	False	X	"=hyperlink(""https://icd.who.int/browse11/l-m/en#/http%3A%2F%2Fid.who.int%2Ficd%2Fentity%2F1244490640"",""browser"")"	False	False					
http://id.who.int/icd/entity/811380889	http://id.who.int/icd/release/11/mms/811380889	XE6KT		"- - - - - Device dislodged or dislocated"	category	3	False	X	"=hyperlink(""https://icd.who.int/browse11/l-m/en#/http%3A%2F%2Fid.who.int%2Ficd%2Fentity%2F811380889"",""browser"")"	True	False					
http://id.who.int/icd/entity/1253459176	http://id.who.int/icd/release/11/mms/1253459176	XE78C		"- - - - - Device tipped over"	category	3	False	X	"=hyperlink(""https://icd.who.int/browse11/l-m/en#/http%3A%2F%2Fid.who.int%2Ficd%2Fentity%2F1253459176"",""browser"")"	True	False					
http://id.who.int/icd/entity/1589726050	http://id.who.int/icd/release/11/mms/1589726050	XE5JJ		"- - - - - Device fell"	category	3	False	X	"=hyperlink(""https://icd.who.int/browse11/l-m/en#/http%3A%2F%2Fid.who.int%2Ficd%2Fentity%2F1589726050"",""browser"")"	True	False					
http://id.who.int/icd/entity/991618773	http://id.who.int/icd/release/11/mms/991618773	XE1Q1		"- - - - - Device slipped"	category	3	False	X	"=hyperlink(""https://icd.who.int/browse11/l-m/en#/http%3A%2F%2Fid.who.int%2Ficd%2Fentity%2F991618773"",""browser"")"	True	False					
http://id.who.int/icd/entity/241500809	http://id.who.int/icd/release/11/mms/241500809	XE0QZ		"- - - - - Unintended collision of device"	category	3	False	X	"=hyperlink(""https://icd.who.int/browse11/l-m/en#/http%3A%2F%2Fid.who.int%2Ficd%2Fentity%2F241500809"",""browser"")"	True	False					
http://id.who.int/icd/entity/82355685	http://id.who.int/icd/release/11/mms/82355685	XE1Y1		"- - - - - Unintended system motion"	category	3	False	X	"=hyperlink(""https://icd.who.int/browse11/l-m/en#/http%3A%2F%2Fid.who.int%2Ficd%2Fentity%2F82355685"",""browser"")"	True	False					
http://id.who.int/icd/entity/779716645	http://id.who.int/icd/release/11/mms/779716645	XE5CH		"- - - - - Unstable device"	category	3	False	X	"=hyperlink(""https://icd.who.int/browse11/l-m/en#/http%3A%2F%2Fid.who.int%2Ficd%2Fentity%2F779716645"",""browser"")"	True	False					
http://id.who.int/icd/entity/619982665	http://id.who.int/icd/release/11/mms/619982665	XE76A		"- - - - - Vibration of device"	category	3	False	X	"=hyperlink(""https://icd.who.int/browse11/l-m/en#/http%3A%2F%2Fid.who.int%2Ficd%2Fentity%2F619982665"",""browser"")"	True	False					
http://id.who.int/icd/entity/1617844100	http://id.who.int/icd/release/11/mms/1617844100	XE941		"- - - Optical problem"	category	1	False	X	"=hyperlink(""https://icd.who.int/browse11/l-m/en#/http%3A%2F%2Fid.who.int%2Ficd%2Fentity%2F1617844100"",""browser"")"	False	False					
http://id.who.int/icd/entity/79816459	http://id.who.int/icd/release/11/mms/79816459	XE5CX		"- - - - Misfocusing"	category	2	False	X	"=hyperlink(""https://icd.who.int/browse11/l-m/en#/http%3A%2F%2Fid.who.int%2Ficd%2Fentity%2F79816459"",""browser"")"	True	False					
http://id.who.int/icd/entity/8155445	http://id.who.int/icd/release/11/mms/8155445	XE4W1		"- - - - Optical decentration"	category	2	False	X	"=hyperlink(""https://icd.who.int/browse11/l-m/en#/http%3A%2F%2Fid.who.int%2Ficd%2Fentity%2F8155445"",""browser"")"	True	False					
http://id.who.int/icd/entity/183621209	http://id.who.int/icd/release/11/mms/183621209	XE1VT		"- - - - Optical discolouration"	category	2	False	X	"=hyperlink(""https://icd.who.int/browse11/l-m/en#/http%3A%2F%2Fid.who.int%2Ficd%2Fentity%2F183621209"",""browser"")"	True	False					
http://id.who.int/icd/entity/1860274892	http://id.who.int/icd/release/11/mms/1860274892	XE4BE		"- - - - Optical distortion"	category	2	False	X	"=hyperlink(""https://icd.who.int/browse11/l-m/en#/http%3A%2F%2Fid.who.int%2Ficd%2Fentity%2F1860274892"",""browser"")"	True	False					
http://id.who.int/icd/entity/1684811168	http://id.who.int/icd/release/11/mms/1684811168	XE93N		"- - - - Optical obstruction"	category	2	False	X	"=hyperlink(""https://icd.who.int/browse11/l-m/en#/http%3A%2F%2Fid.who.int%2Ficd%2Fentity%2F1684811168"",""browser"")"	True	False					
http://id.who.int/icd/entity/1777861256	http://id.who.int/icd/release/11/mms/1777861256	XE28Y		"- - - Output problem"	category	1	False	X	"=hyperlink(""https://icd.who.int/browse11/l-m/en#/http%3A%2F%2Fid.who.int%2Ficd%2Fentity%2F1777861256"",""browser"")"	False	False					
http://id.who.int/icd/entity/75936106	http://id.who.int/icd/release/11/mms/75936106	XE8NW		"- - - - Audible prompt or feedback"	category	2	False	X	"=hyperlink(""https://icd.who.int/browse11/l-m/en#/http%3A%2F%2Fid.who.int%2Ficd%2Fentity%2F75936106"",""browser"")"	False	False					
http://id.who.int/icd/entity/1564959168	http://id.who.int/icd/release/11/mms/1564959168	XE0WU		"- - - - - Inappropriate audible prompt or feedback"	category	3	False	X	"=hyperlink(""https://icd.who.int/browse11/l-m/en#/http%3A%2F%2Fid.who.int%2Ficd%2Fentity%2F1564959168"",""browser"")"	True	False					
http://id.who.int/icd/entity/665687503	http://id.who.int/icd/release/11/mms/665687503	XE487		"- - - - - Inaudible or unclear audible prompt or feedback"	category	3	False	X	"=hyperlink(""https://icd.who.int/browse11/l-m/en#/http%3A%2F%2Fid.who.int%2Ficd%2Fentity%2F665687503"",""browser"")"	True	False					
http://id.who.int/icd/entity/588252145	http://id.who.int/icd/release/11/mms/588252145	XE8MP		"- - - - - No audible prompt or feedback"	category	3	False	X	"=hyperlink(""https://icd.who.int/browse11/l-m/en#/http%3A%2F%2Fid.who.int%2Ficd%2Fentity%2F588252145"",""browser"")"	True	False					
http://id.who.int/icd/entity/235607558	http://id.who.int/icd/release/11/mms/235607558	XE2S2		"- - - - Display or visual feedback problem"	category	2	False	X	"=hyperlink(""https://icd.who.int/browse11/l-m/en#/http%3A%2F%2Fid.who.int%2Ficd%2Fentity%2F235607558"",""browser"")"	False	False					
http://id.who.int/icd/entity/1745022252	http://id.who.int/icd/release/11/mms/1745022252	XE4TX		"- - - - - Device displays incorrect message"	category	3	False	X	"=hyperlink(""https://icd.who.int/browse11/l-m/en#/http%3A%2F%2Fid.who.int%2Ficd%2Fentity%2F1745022252"",""browser"")"	True	False					
http://id.who.int/icd/entity/1909356730	http://id.who.int/icd/release/11/mms/1909356730	XE2NW		"- - - - - Display difficult to read"	category	3	False	X	"=hyperlink(""https://icd.who.int/browse11/l-m/en#/http%3A%2F%2Fid.who.int%2Ficd%2Fentity%2F1909356730"",""browser"")"	True	False					
http://id.who.int/icd/entity/1970531974	http://id.who.int/icd/release/11/mms/1970531974	XE2ES		"- - - - - Erratic or intermittent display"	category	3	False	X	"=hyperlink(""https://icd.who.int/browse11/l-m/en#/http%3A%2F%2Fid.who.int%2Ficd%2Fentity%2F1970531974"",""browser"")"	True	False					
http://id.who.int/icd/entity/2147371498	http://id.who.int/icd/release/11/mms/2147371498	XE7T8		"- - - - - Image display error or artifact"	category	3	False	X	"=hyperlink(""https://icd.who.int/browse11/l-m/en#/http%3A%2F%2Fid.who.int%2Ficd%2Fentity%2F2147371498"",""browser"")"	True	False					
http://id.who.int/icd/entity/468587901	http://id.who.int/icd/release/11/mms/468587901	XE2V3		"- - - - - Image orientation incorrect"	category	3	False	X	"=hyperlink(""https://icd.who.int/browse11/l-m/en#/http%3A%2F%2Fid.who.int%2Ficd%2Fentity%2F468587901"",""browser"")"	True	False					
http://id.who.int/icd/entity/291746321	http://id.who.int/icd/release/11/mms/291746321	XE5Q5		"- - - - - No display or image"	category	3	False	X	"=hyperlink(""https://icd.who.int/browse11/l-m/en#/http%3A%2F%2Fid.who.int%2Ficd%2Fentity%2F291746321"",""browser"")"	True	False					
http://id.who.int/icd/entity/1536421638	http://id.who.int/icd/release/11/mms/1536421638	XE4FQ		"- - - - - No visual prompts or feedback"	category	3	False	X	"=hyperlink(""https://icd.who.int/browse11/l-m/en#/http%3A%2F%2Fid.who.int%2Ficd%2Fentity%2F1536421638"",""browser"")"	True	False					
http://id.who.int/icd/entity/298058337	http://id.who.int/icd/release/11/mms/298058337	XE5XP		"- - - - - Poor quality image"	category	3	False	X	"=hyperlink(""https://icd.who.int/browse11/l-m/en#/http%3A%2F%2Fid.who.int%2Ficd%2Fentity%2F298058337"",""browser"")"	True	False					
http://id.who.int/icd/entity/23433689	http://id.who.int/icd/release/11/mms/23433689	XE1C5		"- - - - - Visual prompts will not clear"	category	3	False	X	"=hyperlink(""https://icd.who.int/browse11/l-m/en#/http%3A%2F%2Fid.who.int%2Ficd%2Fentity%2F23433689"",""browser"")"	True	False					
http://id.who.int/icd/entity/179732538	http://id.who.int/icd/release/11/mms/179732538	XE7Z4		"- - - - Tactile prompts or feedback"	category	2	False	X	"=hyperlink(""https://icd.who.int/browse11/l-m/en#/http%3A%2F%2Fid.who.int%2Ficd%2Fentity%2F179732538"",""browser"")"	False	False					
http://id.who.int/icd/entity/2126203478	http://id.who.int/icd/release/11/mms/2126203478	XE6CE		"- - - - - Inappropriate tactile prompt or feedback"	category	3	False	X	"=hyperlink(""https://icd.who.int/browse11/l-m/en#/http%3A%2F%2Fid.who.int%2Ficd%2Fentity%2F2126203478"",""browser"")"	True	False					
http://id.who.int/icd/entity/459335651	http://id.who.int/icd/release/11/mms/459335651	XE963		"- - - - - No tactile prompts or feedback"	category	3	False	X	"=hyperlink(""https://icd.who.int/browse11/l-m/en#/http%3A%2F%2Fid.who.int%2Ficd%2Fentity%2F459335651"",""browser"")"	True	False					
http://id.who.int/icd/entity/1869426063	http://id.who.int/icd/release/11/mms/1869426063	XE0KH		"- - - - Energy output problem"	category	2	False	X	"=hyperlink(""https://icd.who.int/browse11/l-m/en#/http%3A%2F%2Fid.who.int%2Ficd%2Fentity%2F1869426063"",""browser"")"	False	False					
http://id.who.int/icd/entity/1173846082	http://id.who.int/icd/release/11/mms/1173846082	XE7ST		"- - - - - Energy spectrum incorrect"	category	3	False	X	"=hyperlink(""https://icd.who.int/browse11/l-m/en#/http%3A%2F%2Fid.who.int%2Ficd%2Fentity%2F1173846082"",""browser"")"	True	False					
http://id.who.int/icd/entity/1333452590	http://id.who.int/icd/release/11/mms/1333452590	XE5PU		"- - - - - Failure to deliver energy"	category	3	False	X	"=hyperlink(""https://icd.who.int/browse11/l-m/en#/http%3A%2F%2Fid.who.int%2Ficd%2Fentity%2F1333452590"",""browser"")"	True	False					
http://id.who.int/icd/entity/1271351570	http://id.who.int/icd/release/11/mms/1271351570	XE538		"- - - - - Intermittent energy output"	category	3	False	X	"=hyperlink(""https://icd.who.int/browse11/l-m/en#/http%3A%2F%2Fid.who.int%2Ficd%2Fentity%2F1271351570"",""browser"")"	True	False					
http://id.who.int/icd/entity/825081185	http://id.who.int/icd/release/11/mms/825081185	XE81P		"- - - - - Output above specifications"	category	3	False	X	"=hyperlink(""https://icd.who.int/browse11/l-m/en#/http%3A%2F%2Fid.who.int%2Ficd%2Fentity%2F825081185"",""browser"")"	True	False					
http://id.who.int/icd/entity/626701033	http://id.who.int/icd/release/11/mms/626701033	XE8XC		"- - - - - Output below specifications"	category	3	False	X	"=hyperlink(""https://icd.who.int/browse11/l-m/en#/http%3A%2F%2Fid.who.int%2Ficd%2Fentity%2F626701033"",""browser"")"	True	False					
http://id.who.int/icd/entity/1082203998	http://id.who.int/icd/release/11/mms/1082203998	XE2MC		"- - - - - Therapeutic or diagnostic output failure"	category	3	False	X	"=hyperlink(""https://icd.who.int/browse11/l-m/en#/http%3A%2F%2Fid.who.int%2Ficd%2Fentity%2F1082203998"",""browser"")"	True	False					
http://id.who.int/icd/entity/1873473534	http://id.who.int/icd/release/11/mms/1873473534	XE1US		"- - - - - Therapy delivered to incorrect body area"	category	3	False	X	"=hyperlink(""https://icd.who.int/browse11/l-m/en#/http%3A%2F%2Fid.who.int%2Ficd%2Fentity%2F1873473534"",""browser"")"	True	False					
http://id.who.int/icd/entity/940719765	http://id.who.int/icd/release/11/mms/940719765	XE1ED		"- - - - Radiation output problem"	category	2	False	X	"=hyperlink(""https://icd.who.int/browse11/l-m/en#/http%3A%2F%2Fid.who.int%2Ficd%2Fentity%2F940719765"",""browser"")"	False	False					
http://id.who.int/icd/entity/1074785730	http://id.who.int/icd/release/11/mms/1074785730	XE5F0		"- - - - - Radiation output failure"	category	3	False	X	"=hyperlink(""https://icd.who.int/browse11/l-m/en#/http%3A%2F%2Fid.who.int%2Ficd%2Fentity%2F1074785730"",""browser"")"	True	False					
http://id.who.int/icd/entity/1250052782	http://id.who.int/icd/release/11/mms/1250052782	XE0JA		"- - - - - Radiation overexposure"	category	3	False	X	"=hyperlink(""https://icd.who.int/browse11/l-m/en#/http%3A%2F%2Fid.who.int%2Ficd%2Fentity%2F1250052782"",""browser"")"	True	False					
http://id.who.int/icd/entity/1312808082	http://id.who.int/icd/release/11/mms/1312808082	XE74E		"- - - - - Radiation underexposure"	category	3	False	X	"=hyperlink(""https://icd.who.int/browse11/l-m/en#/http%3A%2F%2Fid.who.int%2Ficd%2Fentity%2F1312808082"",""browser"")"	True	False					
http://id.who.int/icd/entity/736391461	http://id.who.int/icd/release/11/mms/736391461	XE6UD		"- - - - - Unexpected or unintended radiation output"	category	3	False	X	"=hyperlink(""https://icd.who.int/browse11/l-m/en#/http%3A%2F%2Fid.who.int%2Ficd%2Fentity%2F736391461"",""browser"")"	True	False					
http://id.who.int/icd/entity/849320441	http://id.who.int/icd/release/11/mms/849320441	XE68Z		"- - - - Gas output problem"	category	2	False	X	"=hyperlink(""https://icd.who.int/browse11/l-m/en#/http%3A%2F%2Fid.who.int%2Ficd%2Fentity%2F849320441"",""browser"")"	True	False					
http://id.who.int/icd/entity/755593293	http://id.who.int/icd/release/11/mms/755593293	XE7E5		"- - - - No device output"	category	2	False	X	"=hyperlink(""https://icd.who.int/browse11/l-m/en#/http%3A%2F%2Fid.who.int%2Ficd%2Fentity%2F755593293"",""browser"")"	True	False					
http://id.who.int/icd/entity/663017249	http://id.who.int/icd/release/11/mms/663017249	XE4BB		"- - - - Incorrect, inadequate or imprecise result or readings"	category	2	False	X	"=hyperlink(""https://icd.who.int/browse11/l-m/en#/http%3A%2F%2Fid.who.int%2Ficd%2Fentity%2F663017249"",""browser"")"	False	False					
http://id.who.int/icd/entity/868789276	http://id.who.int/icd/release/11/mms/868789276	XE7TS		"- - - - - Signal artifact"	category	3	False	X	"=hyperlink(""https://icd.who.int/browse11/l-m/en#/http%3A%2F%2Fid.who.int%2Ficd%2Fentity%2F868789276"",""browser"")"	True	False					
http://id.who.int/icd/entity/744375728	http://id.who.int/icd/release/11/mms/744375728	XE3MS		"- - - - - Failure to obtain sample"	category	3	False	X	"=hyperlink(""https://icd.who.int/browse11/l-m/en#/http%3A%2F%2Fid.who.int%2Ficd%2Fentity%2F744375728"",""browser"")"	True	False					
http://id.who.int/icd/entity/651420356	http://id.who.int/icd/release/11/mms/651420356	XE2E8		"- - - - - False negative result"	category	3	False	X	"=hyperlink(""https://icd.who.int/browse11/l-m/en#/http%3A%2F%2Fid.who.int%2Ficd%2Fentity%2F651420356"",""browser"")"	True	False					
http://id.who.int/icd/entity/577664252	http://id.who.int/icd/release/11/mms/577664252	XE9K2		"- - - - - False positive result"	category	3	False	X	"=hyperlink(""https://icd.who.int/browse11/l-m/en#/http%3A%2F%2Fid.who.int%2Ficd%2Fentity%2F577664252"",""browser"")"	True	False					
http://id.who.int/icd/entity/1203099977	http://id.who.int/icd/release/11/mms/1203099977	XE3XG		"- - - - - Incorrect measurement"	category	3	False	X	"=hyperlink(""https://icd.who.int/browse11/l-m/en#/http%3A%2F%2Fid.who.int%2Ficd%2Fentity%2F1203099977"",""browser"")"	True	False					
http://id.who.int/icd/entity/320380104	http://id.who.int/icd/release/11/mms/320380104	XE5E8		"- - - - - Nonreproducible results"	category	3	False	X	"=hyperlink(""https://icd.who.int/browse11/l-m/en#/http%3A%2F%2Fid.who.int%2Ficd%2Fentity%2F320380104"",""browser"")"	True	False					
http://id.who.int/icd/entity/429210532	http://id.who.int/icd/release/11/mms/429210532	XE9D6		"- - - - - High readings"	category	3	False	X	"=hyperlink(""https://icd.who.int/browse11/l-m/en#/http%3A%2F%2Fid.who.int%2Ficd%2Fentity%2F429210532"",""browser"")"	True	False					
http://id.who.int/icd/entity/100913680	http://id.who.int/icd/release/11/mms/100913680	XE5KE		"- - - - - Low readings"	category	3	False	X	"=hyperlink(""https://icd.who.int/browse11/l-m/en#/http%3A%2F%2Fid.who.int%2Ficd%2Fentity%2F100913680"",""browser"")"	True	False					
http://id.who.int/icd/entity/210662780	http://id.who.int/icd/release/11/mms/210662780	XE485		"- - - - - High test results"	category	3	False	X	"=hyperlink(""https://icd.who.int/browse11/l-m/en#/http%3A%2F%2Fid.who.int%2Ficd%2Fentity%2F210662780"",""browser"")"	True	False					
http://id.who.int/icd/entity/959316344	http://id.who.int/icd/release/11/mms/959316344	XE8EM		"- - - - - Low test results"	category	3	False	X	"=hyperlink(""https://icd.who.int/browse11/l-m/en#/http%3A%2F%2Fid.who.int%2Ficd%2Fentity%2F959316344"",""browser"")"	True	False					
http://id.who.int/icd/entity/1740218073	http://id.who.int/icd/release/11/mms/1740218073	XE8YH		"- - - - - Unable to obtain readings"	category	3	False	X	"=hyperlink(""https://icd.who.int/browse11/l-m/en#/http%3A%2F%2Fid.who.int%2Ficd%2Fentity%2F1740218073"",""browser"")"	True	False					
http://id.who.int/icd/entity/138945650	http://id.who.int/icd/release/11/mms/138945650	XE56S		"- - - - - Missing test results"	category	3	False	X	"=hyperlink(""https://icd.who.int/browse11/l-m/en#/http%3A%2F%2Fid.who.int%2Ficd%2Fentity%2F138945650"",""browser"")"	True	False					
http://id.who.int/icd/entity/304390949	http://id.who.int/icd/release/11/mms/304390949	XE3YZ		"- - - - Unexpected therapeutic results"	category	2	False	X	"=hyperlink(""https://icd.who.int/browse11/l-m/en#/http%3A%2F%2Fid.who.int%2Ficd%2Fentity%2F304390949"",""browser"")"	True	False					
http://id.who.int/icd/entity/1691599292	http://id.who.int/icd/release/11/mms/1691599292	XE16C		"- - - Electrical or electronic property problem"	category	1	False	X	"=hyperlink(""https://icd.who.int/browse11/l-m/en#/http%3A%2F%2Fid.who.int%2Ficd%2Fentity%2F1691599292"",""browser"")"	False	False					
http://id.who.int/icd/entity/1704874836	http://id.who.int/icd/release/11/mms/1704874836	XE57L		"- - - - Capturing problem"	category	2	False	X	"=hyperlink(""https://icd.who.int/browse11/l-m/en#/http%3A%2F%2Fid.who.int%2Ficd%2Fentity%2F1704874836"",""browser"")"	False	False					
http://id.who.int/icd/entity/1814944089	http://id.who.int/icd/release/11/mms/1814944089	XE0UH		"- - - - - Failure to capture"	category	3	False	X	"=hyperlink(""https://icd.who.int/browse11/l-m/en#/http%3A%2F%2Fid.who.int%2Ficd%2Fentity%2F1814944089"",""browser"")"	True	False					
http://id.who.int/icd/entity/1721794101	http://id.who.int/icd/release/11/mms/1721794101	XE18Z		"- - - - - High capture threshold"	category	3	False	X	"=hyperlink(""https://icd.who.int/browse11/l-m/en#/http%3A%2F%2Fid.who.int%2Ficd%2Fentity%2F1721794101"",""browser"")"	True	False					
http://id.who.int/icd/entity/45097634	http://id.who.int/icd/release/11/mms/45097634	XE1T0		"- - - - - Intermittent capture"	category	3	False	X	"=hyperlink(""https://icd.who.int/browse11/l-m/en#/http%3A%2F%2Fid.who.int%2Ficd%2Fentity%2F45097634"",""browser"")"	True	False					
http://id.who.int/icd/entity/138249678	http://id.who.int/icd/release/11/mms/138249678	XE350		"- - - - - Unstable capture threshold"	category	3	False	X	"=hyperlink(""https://icd.who.int/browse11/l-m/en#/http%3A%2F%2Fid.who.int%2Ficd%2Fentity%2F138249678"",""browser"")"	True	False					
http://id.who.int/icd/entity/1629734252	http://id.who.int/icd/release/11/mms/1629734252	XE4QC		"- - - - Continuous firing"	category	2	False	X	"=hyperlink(""https://icd.who.int/browse11/l-m/en#/http%3A%2F%2Fid.who.int%2Ficd%2Fentity%2F1629734252"",""browser"")"	True	False					
http://id.who.int/icd/entity/1806590464	http://id.who.int/icd/release/11/mms/1806590464	XE4HP		"- - - - Arcing"	category	2	False	X	"=hyperlink(""https://icd.who.int/browse11/l-m/en#/http%3A%2F%2Fid.who.int%2Ficd%2Fentity%2F1806590464"",""browser"")"	False	False					
http://id.who.int/icd/entity/1039596486	http://id.who.int/icd/release/11/mms/1039596486	XE4X8		"- - - - - Arcing at paddles"	category	3	False	X	"=hyperlink(""https://icd.who.int/browse11/l-m/en#/http%3A%2F%2Fid.who.int%2Ficd%2Fentity%2F1039596486"",""browser"")"	True	False					
http://id.who.int/icd/entity/930831530	http://id.who.int/icd/release/11/mms/930831530	XE7KZ		"- - - - - Arcing of electrodes"	category	3	False	X	"=hyperlink(""https://icd.who.int/browse11/l-m/en#/http%3A%2F%2Fid.who.int%2Ficd%2Fentity%2F930831530"",""browser"")"	True	False					
http://id.who.int/icd/entity/264126101	http://id.who.int/icd/release/11/mms/264126101	XE2SR		"- - - - Sparking"	category	2	False	X	"=hyperlink(""https://icd.who.int/browse11/l-m/en#/http%3A%2F%2Fid.who.int%2Ficd%2Fentity%2F264126101"",""browser"")"	True	False					
http://id.who.int/icd/entity/87267833	http://id.who.int/icd/release/11/mms/87267833	XE16Z		"- - - - Battery problem"	category	2	False	X	"=hyperlink(""https://icd.who.int/browse11/l-m/en#/http%3A%2F%2Fid.who.int%2Ficd%2Fentity%2F87267833"",""browser"")"	False	False					
http://id.who.int/icd/entity/686667038	http://id.who.int/icd/release/11/mms/686667038	XE2MD		"- - - - - Battery problem with high impedance"	category	3	False	X	"=hyperlink(""https://icd.who.int/browse11/l-m/en#/http%3A%2F%2Fid.who.int%2Ficd%2Fentity%2F686667038"",""browser"")"	True	False					
http://id.who.int/icd/entity/576721522	http://id.who.int/icd/release/11/mms/576721522	XE41Q		"- - - - - Battery problem with low impedance"	category	3	False	X	"=hyperlink(""https://icd.who.int/browse11/l-m/en#/http%3A%2F%2Fid.who.int%2Ficd%2Fentity%2F576721522"",""browser"")"	True	False					
http://id.who.int/icd/entity/583508484	http://id.who.int/icd/release/11/mms/583508484	XE548		"- - - - - Failure to run on battery"	category	3	False	X	"=hyperlink(""https://icd.who.int/browse11/l-m/en#/http%3A%2F%2Fid.who.int%2Ficd%2Fentity%2F583508484"",""browser"")"	True	False					
http://id.who.int/icd/entity/1799494140	http://id.who.int/icd/release/11/mms/1799494140	XE5U8		"- - - - - Premature discharge of battery"	category	3	False	X	"=hyperlink(""https://icd.who.int/browse11/l-m/en#/http%3A%2F%2Fid.who.int%2Ficd%2Fentity%2F1799494140"",""browser"")"	True	False					
http://id.who.int/icd/entity/93596041	http://id.who.int/icd/release/11/mms/93596041	XE5ER		"- - - - Charging problem"	category	2	False	X	"=hyperlink(""https://icd.who.int/browse11/l-m/en#/http%3A%2F%2Fid.who.int%2Ficd%2Fentity%2F93596041"",""browser"")"	False	False					
http://id.who.int/icd/entity/1949370584	http://id.who.int/icd/release/11/mms/1949370584	XE6QY		"- - - - - Aborted charge"	category	3	False	X	"=hyperlink(""https://icd.who.int/browse11/l-m/en#/http%3A%2F%2Fid.who.int%2Ficd%2Fentity%2F1949370584"",""browser"")"	True	False					
http://id.who.int/icd/entity/1587553562	http://id.who.int/icd/release/11/mms/1587553562	XE67U		"- - - - - Delayed charge time"	category	3	False	X	"=hyperlink(""https://icd.who.int/browse11/l-m/en#/http%3A%2F%2Fid.who.int%2Ficd%2Fentity%2F1587553562"",""browser"")"	True	False					
http://id.who.int/icd/entity/1412268662	http://id.who.int/icd/release/11/mms/1412268662	XE5PM		"- - - - - Failure to charge"	category	3	False	X	"=hyperlink(""https://icd.who.int/browse11/l-m/en#/http%3A%2F%2Fid.who.int%2Ficd%2Fentity%2F1412268662"",""browser"")"	True	False					
http://id.who.int/icd/entity/1338229996	http://id.who.int/icd/release/11/mms/1338229996	XE8DT		"- - - - Failure to discharge"	category	2	False	X	"=hyperlink(""https://icd.who.int/browse11/l-m/en#/http%3A%2F%2Fid.who.int%2Ficd%2Fentity%2F1338229996"",""browser"")"	True	False					
http://id.who.int/icd/entity/355842609	http://id.who.int/icd/release/11/mms/355842609	XE2B3		"- - - - Power problem"	category	2	False	X	"=hyperlink(""https://icd.who.int/browse11/l-m/en#/http%3A%2F%2Fid.who.int%2Ficd%2Fentity%2F355842609"",""browser"")"	False	False					
http://id.who.int/icd/entity/604543369	http://id.who.int/icd/release/11/mms/604543369	XE1DB		"- - - - - Complete loss of power"	category	3	False	X	"=hyperlink(""https://icd.who.int/browse11/l-m/en#/http%3A%2F%2Fid.who.int%2Ficd%2Fentity%2F604543369"",""browser"")"	True	False					
http://id.who.int/icd/entity/186870057	http://id.who.int/icd/release/11/mms/186870057	XE2A6		"- - - - - Intermittent loss of power"	category	3	False	X	"=hyperlink(""https://icd.who.int/browse11/l-m/en#/http%3A%2F%2Fid.who.int%2Ficd%2Fentity%2F186870057"",""browser"")"	True	False					
http://id.who.int/icd/entity/28233285	http://id.who.int/icd/release/11/mms/28233285	XE38R		"- - - - - Failure to power up"	category	3	False	X	"=hyperlink(""https://icd.who.int/browse11/l-m/en#/http%3A%2F%2Fid.who.int%2Ficd%2Fentity%2F28233285"",""browser"")"	True	False					
http://id.who.int/icd/entity/725607301	http://id.who.int/icd/release/11/mms/725607301	XE7Z7		"- - - - - Unintended power up"	category	3	False	X	"=hyperlink(""https://icd.who.int/browse11/l-m/en#/http%3A%2F%2Fid.who.int%2Ficd%2Fentity%2F725607301"",""browser"")"	True	False					
http://id.who.int/icd/entity/1876905538	http://id.who.int/icd/release/11/mms/1876905538	XE0Q2		"- - - - Device sensing problem"	category	2	False	X	"=hyperlink(""https://icd.who.int/browse11/l-m/en#/http%3A%2F%2Fid.who.int%2Ficd%2Fentity%2F1876905538"",""browser"")"	False	False					
http://id.who.int/icd/entity/877458081	http://id.who.int/icd/release/11/mms/877458081	XE6SM		"- - - - - Decreased sensitivity"	category	3	False	X	"=hyperlink(""https://icd.who.int/browse11/l-m/en#/http%3A%2F%2Fid.who.int%2Ficd%2Fentity%2F877458081"",""browser"")"	True	False					
http://id.who.int/icd/entity/1368874772	http://id.who.int/icd/release/11/mms/1368874772	XE7QR		"- - - - - Increased sensitivity"	category	3	False	X	"=hyperlink(""https://icd.who.int/browse11/l-m/en#/http%3A%2F%2Fid.who.int%2Ficd%2Fentity%2F1368874772"",""browser"")"	True	False					
http://id.who.int/icd/entity/767004269	http://id.who.int/icd/release/11/mms/767004269	XE8H3		"- - - - - Failure to analyze signal"	category	3	False	X	"=hyperlink(""https://icd.who.int/browse11/l-m/en#/http%3A%2F%2Fid.who.int%2Ficd%2Fentity%2F767004269"",""browser"")"	True	False					
http://id.who.int/icd/entity/658123009	http://id.who.int/icd/release/11/mms/658123009	XE0K3		"- - - - - Failure to select signal"	category	3	False	X	"=hyperlink(""https://icd.who.int/browse11/l-m/en#/http%3A%2F%2Fid.who.int%2Ficd%2Fentity%2F658123009"",""browser"")"	True	False					
http://id.who.int/icd/entity/229311681	http://id.who.int/icd/release/11/mms/229311681	XE6H7		"- - - - - High sensing threshold"	category	3	False	X	"=hyperlink(""https://icd.who.int/browse11/l-m/en#/http%3A%2F%2Fid.who.int%2Ficd%2Fentity%2F229311681"",""browser"")"	True	False					
http://id.who.int/icd/entity/119972781	http://id.who.int/icd/release/11/mms/119972781	XE2P7		"- - - - - Low sensing threshold"	category	3	False	X	"=hyperlink(""https://icd.who.int/browse11/l-m/en#/http%3A%2F%2Fid.who.int%2Ficd%2Fentity%2F119972781"",""browser"")"	True	False					
http://id.who.int/icd/entity/125899741	http://id.who.int/icd/release/11/mms/125899741	XE9TK		"- - - - - Loss of threshold"	category	3	False	X	"=hyperlink(""https://icd.who.int/browse11/l-m/en#/http%3A%2F%2Fid.who.int%2Ficd%2Fentity%2F125899741"",""browser"")"	True	False					
http://id.who.int/icd/entity/1305935546	http://id.who.int/icd/release/11/mms/1305935546	XE210		"- - - - - Failure to sense"	category	3	False	X	"=hyperlink(""https://icd.who.int/browse11/l-m/en#/http%3A%2F%2Fid.who.int%2Ficd%2Fentity%2F1305935546"",""browser"")"	True	False					
http://id.who.int/icd/entity/1231775878	http://id.who.int/icd/release/11/mms/1231775878	XE02C		"- - - - - Over-sensing"	category	3	False	X	"=hyperlink(""https://icd.who.int/browse11/l-m/en#/http%3A%2F%2Fid.who.int%2Ficd%2Fentity%2F1231775878"",""browser"")"	True	False					
http://id.who.int/icd/entity/1139199978	http://id.who.int/icd/release/11/mms/1139199978	XE73Q		"- - - - - Under-sensing"	category	3	False	X	"=hyperlink(""https://icd.who.int/browse11/l-m/en#/http%3A%2F%2Fid.who.int%2Ficd%2Fentity%2F1139199978"",""browser"")"	True	False					
http://id.who.int/icd/entity/577047793	http://id.who.int/icd/release/11/mms/577047793	XE69X		"- - - - - Sensing intermittently"	category	3	False	X	"=hyperlink(""https://icd.who.int/browse11/l-m/en#/http%3A%2F%2Fid.who.int%2Ficd%2Fentity%2F577047793"",""browser"")"	True	False					
http://id.who.int/icd/entity/670471039	http://id.who.int/icd/release/11/mms/670471039	XE28F		"- - - - - Incorrect interpretation of signal"	category	3	False	X	"=hyperlink(""https://icd.who.int/browse11/l-m/en#/http%3A%2F%2Fid.who.int%2Ficd%2Fentity%2F670471039"",""browser"")"	True	False					
http://id.who.int/icd/entity/3077353	http://id.who.int/icd/release/11/mms/3077353	XE22D		"- - - - Failure to conduct"	category	2	False	X	"=hyperlink(""https://icd.who.int/browse11/l-m/en#/http%3A%2F%2Fid.who.int%2Ficd%2Fentity%2F3077353"",""browser"")"	True	False					
http://id.who.int/icd/entity/1710578012	http://id.who.int/icd/release/11/mms/1710578012	XE8S0		"- - - - Interrogation problem"	category	2	False	X	"=hyperlink(""https://icd.who.int/browse11/l-m/en#/http%3A%2F%2Fid.who.int%2Ficd%2Fentity%2F1710578012"",""browser"")"	False	False					
http://id.who.int/icd/entity/1179443126	http://id.who.int/icd/release/11/mms/1179443126	XE9HR		"- - - - - Difficult to interrogate"	category	3	False	X	"=hyperlink(""https://icd.who.int/browse11/l-m/en#/http%3A%2F%2Fid.who.int%2Ficd%2Fentity%2F1179443126"",""browser"")"	True	False					
http://id.who.int/icd/entity/1753586904	http://id.who.int/icd/release/11/mms/1753586904	XE3PE		"- - - - - Failure to interrogate"	category	3	False	X	"=hyperlink(""https://icd.who.int/browse11/l-m/en#/http%3A%2F%2Fid.who.int%2Ficd%2Fentity%2F1753586904"",""browser"")"	True	False					
http://id.who.int/icd/entity/304627404	http://id.who.int/icd/release/11/mms/304627404	XE8HJ		"- - - - Pacing problem"	category	2	False	X	"=hyperlink(""https://icd.who.int/browse11/l-m/en#/http%3A%2F%2Fid.who.int%2Ficd%2Fentity%2F304627404"",""browser"")"	False	False					
http://id.who.int/icd/entity/382926487	http://id.who.int/icd/release/11/mms/382926487	XE19S		"- - - - - Failure to convert rhythm"	category	3	False	X	"=hyperlink(""https://icd.who.int/browse11/l-m/en#/http%3A%2F%2Fid.who.int%2Ficd%2Fentity%2F382926487"",""browser"")"	True	False					
http://id.who.int/icd/entity/476011003	http://id.who.int/icd/release/11/mms/476011003	XE47M		"- - - - - Inaccurate synchronization"	category	3	False	X	"=hyperlink(""https://icd.who.int/browse11/l-m/en#/http%3A%2F%2Fid.who.int%2Ficd%2Fentity%2F476011003"",""browser"")"	True	False					
http://id.who.int/icd/entity/1572868172	http://id.who.int/icd/release/11/mms/1572868172	XE2LL		"- - - - - Inappropriate waveform"	category	3	False	X	"=hyperlink(""https://icd.who.int/browse11/l-m/en#/http%3A%2F%2Fid.who.int%2Ficd%2Fentity%2F1572868172"",""browser"")"	True	False					
http://id.who.int/icd/entity/395836713	http://id.who.int/icd/release/11/mms/395836713	XE9A9		"- - - - - No pacing"	category	3	False	X	"=hyperlink(""https://icd.who.int/browse11/l-m/en#/http%3A%2F%2Fid.who.int%2Ficd%2Fentity%2F395836713"",""browser"")"	True	False					
http://id.who.int/icd/entity/65073825	http://id.who.int/icd/release/11/mms/65073825	XE281		"- - - - - Pacemaker found in back-up mode"	category	3	False	X	"=hyperlink(""https://icd.who.int/browse11/l-m/en#/http%3A%2F%2Fid.who.int%2Ficd%2Fentity%2F65073825"",""browser"")"	True	False					
http://id.who.int/icd/entity/2030700242	http://id.who.int/icd/release/11/mms/2030700242	XE13R		"- - - - - Pacing asynchronously"	category	3	False	X	"=hyperlink(""https://icd.who.int/browse11/l-m/en#/http%3A%2F%2Fid.who.int%2Ficd%2Fentity%2F2030700242"",""browser"")"	True	False					
http://id.who.int/icd/entity/385596537	http://id.who.int/icd/release/11/mms/385596537	XE10M		"- - - - - Pacing inadequately"	category	3	False	X	"=hyperlink(""https://icd.who.int/browse11/l-m/en#/http%3A%2F%2Fid.who.int%2Ficd%2Fentity%2F385596537"",""browser"")"	True	False					
http://id.who.int/icd/entity/1931481548	http://id.who.int/icd/release/11/mms/1931481548	XE1SU		"- - - - - Pacing intermittently"	category	3	False	X	"=hyperlink(""https://icd.who.int/browse11/l-m/en#/http%3A%2F%2Fid.who.int%2Ficd%2Fentity%2F1931481548"",""browser"")"	True	False					
http://id.who.int/icd/entity/1891781609	http://id.who.int/icd/release/11/mms/1891781609	XE99K		"- - - - - Pocket stimulation"	category	3	False	X	"=hyperlink(""https://icd.who.int/browse11/l-m/en#/http%3A%2F%2Fid.who.int%2Ficd%2Fentity%2F1891781609"",""browser"")"	True	False					
http://id.who.int/icd/entity/413505960	http://id.who.int/icd/release/11/mms/413505960	XE440		"- - - - Defibrillation problem"	category	2	False	X	"=hyperlink(""https://icd.who.int/browse11/l-m/en#/http%3A%2F%2Fid.who.int%2Ficd%2Fentity%2F413505960"",""browser"")"	False	False					
http://id.who.int/icd/entity/277510610	http://id.who.int/icd/release/11/mms/277510610	XE12S		"- - - - - Failure to deliver shock"	category	3	False	X	"=hyperlink(""https://icd.who.int/browse11/l-m/en#/http%3A%2F%2Fid.who.int%2Ficd%2Fentity%2F277510610"",""browser"")"	True	False					
http://id.who.int/icd/entity/253530214	http://id.who.int/icd/release/11/mms/253530214	XE6T0		"- - - - - Inappropriate shock"	category	3	False	X	"=hyperlink(""https://icd.who.int/browse11/l-m/en#/http%3A%2F%2Fid.who.int%2Ficd%2Fentity%2F253530214"",""browser"")"	True	False					
http://id.who.int/icd/entity/93402890	http://id.who.int/icd/release/11/mms/93402890	XE8BU		"- - - - - Intermittent shock"	category	3	False	X	"=hyperlink(""https://icd.who.int/browse11/l-m/en#/http%3A%2F%2Fid.who.int%2Ficd%2Fentity%2F93402890"",""browser"")"	True	False					
http://id.who.int/icd/entity/2092287283	http://id.who.int/icd/release/11/mms/2092287283	XE739		"- - - - Unintended electrical shock"	category	2	False	X	"=hyperlink(""https://icd.who.int/browse11/l-m/en#/http%3A%2F%2Fid.who.int%2Ficd%2Fentity%2F2092287283"",""browser"")"	True	False					
http://id.who.int/icd/entity/1983406687	http://id.who.int/icd/release/11/mms/1983406687	XE9QT		"- - - - Grounding malfunction"	category	2	False	X	"=hyperlink(""https://icd.who.int/browse11/l-m/en#/http%3A%2F%2Fid.who.int%2Ficd%2Fentity%2F1983406687"",""browser"")"	True	False					
http://id.who.int/icd/entity/1990185519	http://id.who.int/icd/release/11/mms/1990185519	XE3S7		"- - - - Electrical overstress"	category	2	False	X	"=hyperlink(""https://icd.who.int/browse11/l-m/en#/http%3A%2F%2Fid.who.int%2Ficd%2Fentity%2F1990185519"",""browser"")"	True	False					
http://id.who.int/icd/entity/1019756364	http://id.who.int/icd/release/11/mms/1019756364	XE268		"- - - - Electro-static discharge"	category	2	False	X	"=hyperlink(""https://icd.who.int/browse11/l-m/en#/http%3A%2F%2Fid.who.int%2Ficd%2Fentity%2F1019756364"",""browser"")"	True	False					
http://id.who.int/icd/entity/1715356055	http://id.who.int/icd/release/11/mms/1715356055	XE20P		"- - - - Failure to shut off"	category	2	False	X	"=hyperlink(""https://icd.who.int/browse11/l-m/en#/http%3A%2F%2Fid.who.int%2Ficd%2Fentity%2F1715356055"",""browser"")"	True	False					
http://id.who.int/icd/entity/483702246	http://id.who.int/icd/release/11/mms/483702246	XE7JN		"- - - - Unexpected shutdown"	category	2	False	X	"=hyperlink(""https://icd.who.int/browse11/l-m/en#/http%3A%2F%2Fid.who.int%2Ficd%2Fentity%2F483702246"",""browser"")"	True	False					
http://id.who.int/icd/entity/1931808591	http://id.who.int/icd/release/11/mms/1931808591	XE4PR		"- - - - Electromagnetic compatibility problem"	category	2	False	X	"=hyperlink(""https://icd.who.int/browse11/l-m/en#/http%3A%2F%2Fid.who.int%2Ficd%2Fentity%2F1931808591"",""browser"")"	True	False					
http://id.who.int/icd/entity/385786620	http://id.who.int/icd/release/11/mms/385786620	XE5FA		"- - - - Circuit failure"	category	2	False	X	"=hyperlink(""https://icd.who.int/browse11/l-m/en#/http%3A%2F%2Fid.who.int%2Ficd%2Fentity%2F385786620"",""browser"")"	True	False					
http://id.who.int/icd/entity/306394308	http://id.who.int/icd/release/11/mms/306394308	XE6ZB		"- - - - Impedance problem"	category	2	False	X	"=hyperlink(""https://icd.who.int/browse11/l-m/en#/http%3A%2F%2Fid.who.int%2Ficd%2Fentity%2F306394308"",""browser"")"	True	False					
http://id.who.int/icd/entity/2106526978	http://id.who.int/icd/release/11/mms/2106526978	XE55U		"- - - Calibration problem"	category	1	False	X	"=hyperlink(""https://icd.who.int/browse11/l-m/en#/http%3A%2F%2Fid.who.int%2Ficd%2Fentity%2F2106526978"",""browser"")"	False	False					
http://id.who.int/icd/entity/1612812465	http://id.who.int/icd/release/11/mms/1612812465	XE6GR		"- - - - Failure to calibrate"	category	2	False	X	"=hyperlink(""https://icd.who.int/browse11/l-m/en#/http%3A%2F%2Fid.who.int%2Ficd%2Fentity%2F1612812465"",""browser"")"	True	False					
http://id.who.int/icd/entity/1789671389	http://id.who.int/icd/release/11/mms/1789671389	XE8MT		"- - - - Failure to recalibrate"	category	2	False	X	"=hyperlink(""https://icd.who.int/browse11/l-m/en#/http%3A%2F%2Fid.who.int%2Ficd%2Fentity%2F1789671389"",""browser"")"	True	False					
http://id.who.int/icd/entity/1846649315	http://id.who.int/icd/release/11/mms/1846649315	XE7H5		"- - - - Imprecision"	category	2	False	X	"=hyperlink(""https://icd.who.int/browse11/l-m/en#/http%3A%2F%2Fid.who.int%2Ficd%2Fentity%2F1846649315"",""browser"")"	True	False					
http://id.who.int/icd/entity/352015764	http://id.who.int/icd/release/11/mms/352015764	XE1WU		"- - - - Overcorrection"	category	2	False	X	"=hyperlink(""https://icd.who.int/browse11/l-m/en#/http%3A%2F%2Fid.who.int%2Ficd%2Fentity%2F352015764"",""browser"")"	True	False					
http://id.who.int/icd/entity/320009977	http://id.who.int/icd/release/11/mms/320009977	XE586		"- - - Temperature problem"	category	1	False	X	"=hyperlink(""https://icd.who.int/browse11/l-m/en#/http%3A%2F%2Fid.who.int%2Ficd%2Fentity%2F320009977"",""browser"")"	False	False					
http://id.who.int/icd/entity/1466928579	http://id.who.int/icd/release/11/mms/1466928579	XE9C7		"- - - - Excessive cooling"	category	2	False	X	"=hyperlink(""https://icd.who.int/browse11/l-m/en#/http%3A%2F%2Fid.who.int%2Ficd%2Fentity%2F1466928579"",""browser"")"	True	False					
http://id.who.int/icd/entity/1472740787	http://id.who.int/icd/release/11/mms/1472740787	XE77H		"- - - - Excessive heating"	category	2	False	X	"=hyperlink(""https://icd.who.int/browse11/l-m/en#/http%3A%2F%2Fid.who.int%2Ficd%2Fentity%2F1472740787"",""browser"")"	True	False					
http://id.who.int/icd/entity/497012952	http://id.who.int/icd/release/11/mms/497012952	XE200		"- - - - Insufficient cooling"	category	2	False	X	"=hyperlink(""https://icd.who.int/browse11/l-m/en#/http%3A%2F%2Fid.who.int%2Ficd%2Fentity%2F497012952"",""browser"")"	True	False					
http://id.who.int/icd/entity/421676776	http://id.who.int/icd/release/11/mms/421676776	XE2A4		"- - - - Insufficient heating"	category	2	False	X	"=hyperlink(""https://icd.who.int/browse11/l-m/en#/http%3A%2F%2Fid.who.int%2Ficd%2Fentity%2F421676776"",""browser"")"	True	False					
http://id.who.int/icd/entity/330293636	http://id.who.int/icd/release/11/mms/330293636	XE14Q		"- - - - Overheating of device"	category	2	False	X	"=hyperlink(""https://icd.who.int/browse11/l-m/en#/http%3A%2F%2Fid.who.int%2Ficd%2Fentity%2F330293636"",""browser"")"	True	False					
http://id.who.int/icd/entity/2009054481	http://id.who.int/icd/release/11/mms/2009054481	XE6DP		"- - - - Thermal decomposition of device"	category	2	False	X	"=hyperlink(""https://icd.who.int/browse11/l-m/en#/http%3A%2F%2Fid.who.int%2Ficd%2Fentity%2F2009054481"",""browser"")"	True	False					
http://id.who.int/icd/entity/2100435581	http://id.who.int/icd/release/11/mms/2100435581	XE5T3		"- - - - Fire"	category	2	False	X	"=hyperlink(""https://icd.who.int/browse11/l-m/en#/http%3A%2F%2Fid.who.int%2Ficd%2Fentity%2F2100435581"",""browser"")"	True	False					
http://id.who.int/icd/entity/2106960397	http://id.who.int/icd/release/11/mms/2106960397	XE03F		"- - - - Flare or flash"	category	2	False	X	"=hyperlink(""https://icd.who.int/browse11/l-m/en#/http%3A%2F%2Fid.who.int%2Ficd%2Fentity%2F2106960397"",""browser"")"	True	False					
http://id.who.int/icd/entity/873468403	http://id.who.int/icd/release/11/mms/873468403	XE5H5		"- - - - Smoke"	category	2	False	X	"=hyperlink(""https://icd.who.int/browse11/l-m/en#/http%3A%2F%2Fid.who.int%2Ficd%2Fentity%2F873468403"",""browser"")"	True	False					
http://id.who.int/icd/entity/2095270992	http://id.who.int/icd/release/11/mms/2095270992	XE85E		"- - - Computer software problem"	category	1	False	X	"=hyperlink(""https://icd.who.int/browse11/l-m/en#/http%3A%2F%2Fid.who.int%2Ficd%2Fentity%2F2095270992"",""browser"")"	False	False					
http://id.who.int/icd/entity/2127105544	http://id.who.int/icd/release/11/mms/2127105544	XE6PS		"- - - - Application network problem"	category	2	False	X	"=hyperlink(""https://icd.who.int/browse11/l-m/en#/http%3A%2F%2Fid.who.int%2Ficd%2Fentity%2F2127105544"",""browser"")"	True	False					
http://id.who.int/icd/entity/288928929	http://id.who.int/icd/release/11/mms/288928929	XE8HP		"- - - - Application program problem"	category	2	False	X	"=hyperlink(""https://icd.who.int/browse11/l-m/en#/http%3A%2F%2Fid.who.int%2Ficd%2Fentity%2F288928929"",""browser"")"	False	False					
http://id.who.int/icd/entity/1571126478	http://id.who.int/icd/release/11/mms/1571126478	XE5YA		"- - - - - Application program freezes, or becomes nonfunctional"	category	3	False	X	"=hyperlink(""https://icd.who.int/browse11/l-m/en#/http%3A%2F%2Fid.who.int%2Ficd%2Fentity%2F1571126478"",""browser"")"	True	False					
http://id.who.int/icd/entity/844416613	http://id.who.int/icd/release/11/mms/844416613	XE46R		"- - - - - Application program problem, dose calculation error"	category	3	False	X	"=hyperlink(""https://icd.who.int/browse11/l-m/en#/http%3A%2F%2Fid.who.int%2Ficd%2Fentity%2F844416613"",""browser"")"	True	False					
http://id.who.int/icd/entity/1220424214	http://id.who.int/icd/release/11/mms/1220424214	XE09U		"- - - - - Application program problem, medication error"	category	3	False	X	"=hyperlink(""https://icd.who.int/browse11/l-m/en#/http%3A%2F%2Fid.who.int%2Ficd%2Fentity%2F1220424214"",""browser"")"	True	False					
http://id.who.int/icd/entity/1482549582	http://id.who.int/icd/release/11/mms/1482549582	XE2BJ		"- - - - - Application program problem, parameter calculation error"	category	3	False	X	"=hyperlink(""https://icd.who.int/browse11/l-m/en#/http%3A%2F%2Fid.who.int%2Ficd%2Fentity%2F1482549582"",""browser"")"	True	False					
http://id.who.int/icd/entity/1275307050	http://id.who.int/icd/release/11/mms/1275307050	XE6SW		"- - - - - Application program problem, power calculation error"	category	3	False	X	"=hyperlink(""https://icd.who.int/browse11/l-m/en#/http%3A%2F%2Fid.who.int%2Ficd%2Fentity%2F1275307050"",""browser"")"	True	False					
http://id.who.int/icd/entity/1183712070	http://id.who.int/icd/release/11/mms/1183712070	XE2CW		"- - - - - Application program version or upgrade problem"	category	3	False	X	"=hyperlink(""https://icd.who.int/browse11/l-m/en#/http%3A%2F%2Fid.who.int%2Ficd%2Fentity%2F1183712070"",""browser"")"	True	False					
http://id.who.int/icd/entity/1034880535	http://id.who.int/icd/release/11/mms/1034880535	XE5CT		"- - - - - Problem with software installation"	category	3	False	X	"=hyperlink(""https://icd.who.int/browse11/l-m/en#/http%3A%2F%2Fid.who.int%2Ficd%2Fentity%2F1034880535"",""browser"")"	True	False					
http://id.who.int/icd/entity/2012801906	http://id.who.int/icd/release/11/mms/2012801906	XE842		"- - - - - Unintended application program shutdown"	category	3	False	X	"=hyperlink(""https://icd.who.int/browse11/l-m/en#/http%3A%2F%2Fid.who.int%2Ficd%2Fentity%2F2012801906"",""browser"")"	True	False					
http://id.who.int/icd/entity/1961040150	http://id.who.int/icd/release/11/mms/1961040150	XE1HG		"- - - - Program or algorithm execution problem"	category	2	False	X	"=hyperlink(""https://icd.who.int/browse11/l-m/en#/http%3A%2F%2Fid.who.int%2Ficd%2Fentity%2F1961040150"",""browser"")"	False	False					
http://id.who.int/icd/entity/1915304988	http://id.who.int/icd/release/11/mms/1915304988	XE87N		"- - - - - Delayed program or algorithm execution"	category	3	False	X	"=hyperlink(""https://icd.who.int/browse11/l-m/en#/http%3A%2F%2Fid.who.int%2Ficd%2Fentity%2F1915304988"",""browser"")"	True	False					
http://id.who.int/icd/entity/1921944686	http://id.who.int/icd/release/11/mms/1921944686	XE1WW		"- - - - - Intermittent program or algorithm execution"	category	3	False	X	"=hyperlink(""https://icd.who.int/browse11/l-m/en#/http%3A%2F%2Fid.who.int%2Ficd%2Fentity%2F1921944686"",""browser"")"	True	False					
http://id.who.int/icd/entity/739840973	http://id.who.int/icd/release/11/mms/739840973	XE0UN		"- - - - - Program or algorithm execution failure"	category	3	False	X	"=hyperlink(""https://icd.who.int/browse11/l-m/en#/http%3A%2F%2Fid.who.int%2Ficd%2Fentity%2F739840973"",""browser"")"	True	False					
http://id.who.int/icd/entity/1885245226	http://id.who.int/icd/release/11/mms/1885245226	XE4Z0		"- - - - Computer operating system problem"	category	2	False	X	"=hyperlink(""https://icd.who.int/browse11/l-m/en#/http%3A%2F%2Fid.who.int%2Ficd%2Fentity%2F1885245226"",""browser"")"	False	False					
http://id.who.int/icd/entity/1662114650	http://id.who.int/icd/release/11/mms/1662114650	XE5F1		"- - - - - Operating system becomes nonfunctional"	category	3	False	X	"=hyperlink(""https://icd.who.int/browse11/l-m/en#/http%3A%2F%2Fid.who.int%2Ficd%2Fentity%2F1662114650"",""browser"")"	True	False					
http://id.who.int/icd/entity/2089235182	http://id.who.int/icd/release/11/mms/2089235182	XE6VL		"- - - - - Operating system version or upgrade problem"	category	3	False	X	"=hyperlink(""https://icd.who.int/browse11/l-m/en#/http%3A%2F%2Fid.who.int%2Ficd%2Fentity%2F2089235182"",""browser"")"	True	False					
http://id.who.int/icd/entity/973693519	http://id.who.int/icd/release/11/mms/973693519	XE5EP		"- - - - Computer system security problem"	category	2	False	X	"=hyperlink(""https://icd.who.int/browse11/l-m/en#/http%3A%2F%2Fid.who.int%2Ficd%2Fentity%2F973693519"",""browser"")"	False	False					
http://id.who.int/icd/entity/326535237	http://id.who.int/icd/release/11/mms/326535237	XE9XK		"- - - - - Application security problem"	category	3	False	X	"=hyperlink(""https://icd.who.int/browse11/l-m/en#/http%3A%2F%2Fid.who.int%2Ficd%2Fentity%2F326535237"",""browser"")"	True	False					
http://id.who.int/icd/entity/332478517	http://id.who.int/icd/release/11/mms/332478517	XE15X		"- - - - - Unauthorized access to computer system"	category	3	False	X	"=hyperlink(""https://icd.who.int/browse11/l-m/en#/http%3A%2F%2Fid.who.int%2Ficd%2Fentity%2F332478517"",""browser"")"	True	False					
http://id.who.int/icd/entity/780037575	http://id.who.int/icd/release/11/mms/780037575	XE2ZM		"- - - - Data back-up problem"	category	2	False	X	"=hyperlink(""https://icd.who.int/browse11/l-m/en#/http%3A%2F%2Fid.who.int%2Ficd%2Fentity%2F780037575"",""browser"")"	False	False					
http://id.who.int/icd/entity/228942415	http://id.who.int/icd/release/11/mms/228942415	XE72G		"- - - - - Failure to back up"	category	3	False	X	"=hyperlink(""https://icd.who.int/browse11/l-m/en#/http%3A%2F%2Fid.who.int%2Ficd%2Fentity%2F228942415"",""browser"")"	True	False					
http://id.who.int/icd/entity/433221063	http://id.who.int/icd/release/11/mms/433221063	XE8PZ		"- - - - - Failure to convert to back-up"	category	3	False	X	"=hyperlink(""https://icd.who.int/browse11/l-m/en#/http%3A%2F%2Fid.who.int%2Ficd%2Fentity%2F433221063"",""browser"")"	True	False					
http://id.who.int/icd/entity/1677771342	http://id.who.int/icd/release/11/mms/1677771342	XE99Y		"- - - - Data problem"	category	2	False	X	"=hyperlink(""https://icd.who.int/browse11/l-m/en#/http%3A%2F%2Fid.who.int%2Ficd%2Fentity%2F1677771342"",""browser"")"	False	False					
http://id.who.int/icd/entity/1660119192	http://id.who.int/icd/release/11/mms/1660119192	XE992		"- - - - - Loss of data"	category	3	False	X	"=hyperlink(""https://icd.who.int/browse11/l-m/en#/http%3A%2F%2Fid.who.int%2Ficd%2Fentity%2F1660119192"",""browser"")"	True	False					
http://id.who.int/icd/entity/797983720	http://id.who.int/icd/release/11/mms/797983720	XE7BE		"- - - - - Patient data problem"	category	3	False	X	"=hyperlink(""https://icd.who.int/browse11/l-m/en#/http%3A%2F%2Fid.who.int%2Ficd%2Fentity%2F797983720"",""browser"")"	True	False					
http://id.who.int/icd/entity/1419024824	http://id.who.int/icd/release/11/mms/1419024824	XE048		"- - - - Date or time related software problem"	category	2	False	X	"=hyperlink(""https://icd.who.int/browse11/l-m/en#/http%3A%2F%2Fid.who.int%2Ficd%2Fentity%2F1419024824"",""browser"")"	True	False					
http://id.who.int/icd/entity/423158245	http://id.who.int/icd/release/11/mms/423158245	XE3UR		"- - - Connection problem"	category	1	False	X	"=hyperlink(""https://icd.who.int/browse11/l-m/en#/http%3A%2F%2Fid.who.int%2Ficd%2Fentity%2F423158245"",""browser"")"	False	False					
http://id.who.int/icd/entity/1005014126	http://id.who.int/icd/release/11/mms/1005014126	XE9D0		"- - - - Blocked connection"	category	2	False	X	"=hyperlink(""https://icd.who.int/browse11/l-m/en#/http%3A%2F%2Fid.who.int%2Ficd%2Fentity%2F1005014126"",""browser"")"	True	False					
http://id.who.int/icd/entity/1610027259	http://id.who.int/icd/release/11/mms/1610027259	XE74X		"- - - - Decoupling"	category	2	False	X	"=hyperlink(""https://icd.who.int/browse11/l-m/en#/http%3A%2F%2Fid.who.int%2Ficd%2Fentity%2F1610027259"",""browser"")"	True	False					
http://id.who.int/icd/entity/1434105751	http://id.who.int/icd/release/11/mms/1434105751	XE5WZ		"- - - - Disconnection"	category	2	False	X	"=hyperlink(""https://icd.who.int/browse11/l-m/en#/http%3A%2F%2Fid.who.int%2Ficd%2Fentity%2F1434105751"",""browser"")"	True	False					
http://id.who.int/icd/entity/1440548839	http://id.who.int/icd/release/11/mms/1440548839	XE9HJ		"- - - - Failure to disconnect"	category	2	False	X	"=hyperlink(""https://icd.who.int/browse11/l-m/en#/http%3A%2F%2Fid.who.int%2Ficd%2Fentity%2F1440548839"",""browser"")"	True	False					
http://id.who.int/icd/entity/529197698	http://id.who.int/icd/release/11/mms/529197698	XE3G6		"- - - - Loose or intermittent connection"	category	2	False	X	"=hyperlink(""https://icd.who.int/browse11/l-m/en#/http%3A%2F%2Fid.who.int%2Ficd%2Fentity%2F529197698"",""browser"")"	True	False					
http://id.who.int/icd/entity/1165792351	http://id.who.int/icd/release/11/mms/1165792351	XE0WB		"- - - - Misconnection"	category	2	False	X	"=hyperlink(""https://icd.who.int/browse11/l-m/en#/http%3A%2F%2Fid.who.int%2Ficd%2Fentity%2F1165792351"",""browser"")"	True	False					
http://id.who.int/icd/entity/1066819632	http://id.who.int/icd/release/11/mms/1066819632	XE4C0		"- - - - Incomplete or inadequate connection"	category	2	False	X	"=hyperlink(""https://icd.who.int/browse11/l-m/en#/http%3A%2F%2Fid.who.int%2Ficd%2Fentity%2F1066819632"",""browser"")"	True	False					
http://id.who.int/icd/entity/1348983431	http://id.who.int/icd/release/11/mms/1348983431	XE0P9		"- - - - Fitting problem"	category	2	False	X	"=hyperlink(""https://icd.who.int/browse11/l-m/en#/http%3A%2F%2Fid.who.int%2Ficd%2Fentity%2F1348983431"",""browser"")"	True	False					
http://id.who.int/icd/entity/51696945	http://id.who.int/icd/release/11/mms/51696945	XE0JD		"- - - Communication or transmission problem"	category	1	False	X	"=hyperlink(""https://icd.who.int/browse11/l-m/en#/http%3A%2F%2Fid.who.int%2Ficd%2Fentity%2F51696945"",""browser"")"	False	False					
http://id.who.int/icd/entity/2066920400	http://id.who.int/icd/release/11/mms/2066920400	XE3EG		"- - - - Failure to read input signal"	category	2	False	X	"=hyperlink(""https://icd.who.int/browse11/l-m/en#/http%3A%2F%2Fid.who.int%2Ficd%2Fentity%2F2066920400"",""browser"")"	True	False					
http://id.who.int/icd/entity/518594149	http://id.who.int/icd/release/11/mms/518594149	XE0V5		"- - - - Failure to transmit record"	category	2	False	X	"=hyperlink(""https://icd.who.int/browse11/l-m/en#/http%3A%2F%2Fid.who.int%2Ficd%2Fentity%2F518594149"",""browser"")"	True	False					
http://id.who.int/icd/entity/441747547	http://id.who.int/icd/release/11/mms/441747547	XE4JX		"- - - - Intermittent communication failure"	category	2	False	X	"=hyperlink(""https://icd.who.int/browse11/l-m/en#/http%3A%2F%2Fid.who.int%2Ficd%2Fentity%2F441747547"",""browser"")"	True	False					
http://id.who.int/icd/entity/1342399806	http://id.who.int/icd/release/11/mms/1342399806	XE5H8		"- - - - Telemetry discrepancy"	category	2	False	X	"=hyperlink(""https://icd.who.int/browse11/l-m/en#/http%3A%2F%2Fid.who.int%2Ficd%2Fentity%2F1342399806"",""browser"")"	True	False					
http://id.who.int/icd/entity/1148480184	http://id.who.int/icd/release/11/mms/1148480184	XE4YY		"- - - - Wireless communication problem"	category	2	False	X	"=hyperlink(""https://icd.who.int/browse11/l-m/en#/http%3A%2F%2Fid.who.int%2Ficd%2Fentity%2F1148480184"",""browser"")"	True	False					
http://id.who.int/icd/entity/161051229	http://id.who.int/icd/release/11/mms/161051229	XE7NV		"- - - Infusion or flow problem"	category	1	False	X	"=hyperlink(""https://icd.who.int/browse11/l-m/en#/http%3A%2F%2Fid.who.int%2Ficd%2Fentity%2F161051229"",""browser"")"	False	False					
http://id.who.int/icd/entity/235586877	http://id.who.int/icd/release/11/mms/235586877	XE4VT		"- - - - Deflation problem"	category	2	False	X	"=hyperlink(""https://icd.who.int/browse11/l-m/en#/http%3A%2F%2Fid.who.int%2Ficd%2Fentity%2F235586877"",""browser"")"	True	False					
http://id.who.int/icd/entity/997532001	http://id.who.int/icd/release/11/mms/997532001	XE6YH		"- - - - Excess flow or over-infusion"	category	2	False	X	"=hyperlink(""https://icd.who.int/browse11/l-m/en#/http%3A%2F%2Fid.who.int%2Ficd%2Fentity%2F997532001"",""browser"")"	True	False					
http://id.who.int/icd/entity/838370829	http://id.who.int/icd/release/11/mms/838370829	XE49K		"- - - - Filling problem"	category	2	False	X	"=hyperlink(""https://icd.who.int/browse11/l-m/en#/http%3A%2F%2Fid.who.int%2Ficd%2Fentity%2F838370829"",""browser"")"	False	False					
http://id.who.int/icd/entity/282773549	http://id.who.int/icd/release/11/mms/282773549	XE3T4		"- - - - - Inability to auto-fill"	category	3	False	X	"=hyperlink(""https://icd.who.int/browse11/l-m/en#/http%3A%2F%2Fid.who.int%2Ficd%2Fentity%2F282773549"",""browser"")"	True	False					
http://id.who.int/icd/entity/1963025816	http://id.who.int/icd/release/11/mms/1963025816	XE97E		"- - - - - Overfill"	category	3	False	X	"=hyperlink(""https://icd.who.int/browse11/l-m/en#/http%3A%2F%2Fid.who.int%2Ficd%2Fentity%2F1963025816"",""browser"")"	True	False					
http://id.who.int/icd/entity/1512740152	http://id.who.int/icd/release/11/mms/1512740152	XE8RE		"- - - - - Short fill"	category	3	False	X	"=hyperlink(""https://icd.who.int/browse11/l-m/en#/http%3A%2F%2Fid.who.int%2Ficd%2Fentity%2F1512740152"",""browser"")"	True	False					
http://id.who.int/icd/entity/1353134676	http://id.who.int/icd/release/11/mms/1353134676	XE1QQ		"- - - - - Volume accuracy problem"	category	3	False	X	"=hyperlink(""https://icd.who.int/browse11/l-m/en#/http%3A%2F%2Fid.who.int%2Ficd%2Fentity%2F1353134676"",""browser"")"	True	False					
http://id.who.int/icd/entity/893718579	http://id.who.int/icd/release/11/mms/893718579	XE2YK		"- - - - Filtration problem"	category	2	False	X	"=hyperlink(""https://icd.who.int/browse11/l-m/en#/http%3A%2F%2Fid.who.int%2Ficd%2Fentity%2F893718579"",""browser"")"	False	False					
http://id.who.int/icd/entity/806025471	http://id.who.int/icd/release/11/mms/806025471	XE3VH		"- - - - - Inadequate filtration process"	category	3	False	X	"=hyperlink(""https://icd.who.int/browse11/l-m/en#/http%3A%2F%2Fid.who.int%2Ficd%2Fentity%2F806025471"",""browser"")"	True	False					
http://id.who.int/icd/entity/1610302038	http://id.who.int/icd/release/11/mms/1610302038	XE4UN		"- - - - - Inadequate ultra filtration"	category	3	False	X	"=hyperlink(""https://icd.who.int/browse11/l-m/en#/http%3A%2F%2Fid.who.int%2Ficd%2Fentity%2F1610302038"",""browser"")"	True	False					
http://id.who.int/icd/entity/1336927298	http://id.who.int/icd/release/11/mms/1336927298	XE1H4		"- - - - Improper flow or infusion"	category	2	False	X	"=hyperlink(""https://icd.who.int/browse11/l-m/en#/http%3A%2F%2Fid.who.int%2Ficd%2Fentity%2F1336927298"",""browser"")"	False	False					
http://id.who.int/icd/entity/1599926824	http://id.who.int/icd/release/11/mms/1599926824	XE9RA		"- - - - - Backflow"	category	3	False	X	"=hyperlink(""https://icd.who.int/browse11/l-m/en#/http%3A%2F%2Fid.who.int%2Ficd%2Fentity%2F1599926824"",""browser"")"	True	False					
http://id.who.int/icd/entity/1773759607	http://id.who.int/icd/release/11/mms/1773759607	XE447		"- - - - - Free or unrestricted flow"	category	3	False	X	"=hyperlink(""https://icd.who.int/browse11/l-m/en#/http%3A%2F%2Fid.who.int%2Ficd%2Fentity%2F1773759607"",""browser"")"	True	False					
http://id.who.int/icd/entity/1664404251	http://id.who.int/icd/release/11/mms/1664404251	XE628		"- - - - - Gradient increase"	category	3	False	X	"=hyperlink(""https://icd.who.int/browse11/l-m/en#/http%3A%2F%2Fid.who.int%2Ficd%2Fentity%2F1664404251"",""browser"")"	True	False					
http://id.who.int/icd/entity/1235609307	http://id.who.int/icd/release/11/mms/1235609307	XE667		"- - - - - Inaccurate delivery"	category	3	False	X	"=hyperlink(""https://icd.who.int/browse11/l-m/en#/http%3A%2F%2Fid.who.int%2Ficd%2Fentity%2F1235609307"",""browser"")"	True	False					
http://id.who.int/icd/entity/1126711735	http://id.who.int/icd/release/11/mms/1126711735	XE44F		"- - - - - Inaccurate flow rate"	category	3	False	X	"=hyperlink(""https://icd.who.int/browse11/l-m/en#/http%3A%2F%2Fid.who.int%2Ficd%2Fentity%2F1126711735"",""browser"")"	True	False					
http://id.who.int/icd/entity/1133507015	http://id.who.int/icd/release/11/mms/1133507015	XE2DM		"- - - - - Intermittent infusion"	category	3	False	X	"=hyperlink(""https://icd.who.int/browse11/l-m/en#/http%3A%2F%2Fid.who.int%2Ficd%2Fentity%2F1133507015"",""browser"")"	True	False					
http://id.who.int/icd/entity/165158050	http://id.who.int/icd/release/11/mms/165158050	XE09Q		"- - - - - Reflux with device"	category	3	False	X	"=hyperlink(""https://icd.who.int/browse11/l-m/en#/http%3A%2F%2Fid.who.int%2Ficd%2Fentity%2F165158050"",""browser"")"	True	False					
http://id.who.int/icd/entity/655450060	http://id.who.int/icd/release/11/mms/655450060	XE8AY		"- - - - - Restricted flow rate"	category	3	False	X	"=hyperlink(""https://icd.who.int/browse11/l-m/en#/http%3A%2F%2Fid.who.int%2Ficd%2Fentity%2F655450060"",""browser"")"	True	False					
http://id.who.int/icd/entity/1576774589	http://id.who.int/icd/release/11/mms/1576774589	XE1V7		"- - - - - Tidal volume fluctuations"	category	3	False	X	"=hyperlink(""https://icd.who.int/browse11/l-m/en#/http%3A%2F%2Fid.who.int%2Ficd%2Fentity%2F1576774589"",""browser"")"	True	False					
http://id.who.int/icd/entity/1540942796	http://id.who.int/icd/release/11/mms/1540942796	XE5GY		"- - - - Inflation problem"	category	2	False	X	"=hyperlink(""https://icd.who.int/browse11/l-m/en#/http%3A%2F%2Fid.who.int%2Ficd%2Fentity%2F1540942796"",""browser"")"	True	False					
http://id.who.int/icd/entity/1040402047	http://id.who.int/icd/release/11/mms/1040402047	XE1S7		"- - - - Insufficient flow or under infusion"	category	2	False	X	"=hyperlink(""https://icd.who.int/browse11/l-m/en#/http%3A%2F%2Fid.who.int%2Ficd%2Fentity%2F1040402047"",""browser"")"	True	False					
http://id.who.int/icd/entity/287880927	http://id.who.int/icd/release/11/mms/287880927	XE1Y3		"- - - - No flow"	category	2	False	X	"=hyperlink(""https://icd.who.int/browse11/l-m/en#/http%3A%2F%2Fid.who.int%2Ficd%2Fentity%2F287880927"",""browser"")"	False	False					
http://id.who.int/icd/entity/491449276	http://id.who.int/icd/release/11/mms/491449276	XE94H		"- - - - - Failure to deliver flow"	category	3	False	X	"=hyperlink(""https://icd.who.int/browse11/l-m/en#/http%3A%2F%2Fid.who.int%2Ficd%2Fentity%2F491449276"",""browser"")"	True	False					
http://id.who.int/icd/entity/1718349547	http://id.who.int/icd/release/11/mms/1718349547	XE1JK		"- - - - - Failure to infuse"	category	3	False	X	"=hyperlink(""https://icd.who.int/browse11/l-m/en#/http%3A%2F%2Fid.who.int%2Ficd%2Fentity%2F1718349547"",""browser"")"	True	False					
http://id.who.int/icd/entity/956068170	http://id.who.int/icd/release/11/mms/956068170	XE8L2		"- - - - - Inability to irrigate"	category	3	False	X	"=hyperlink(""https://icd.who.int/browse11/l-m/en#/http%3A%2F%2Fid.who.int%2Ficd%2Fentity%2F956068170"",""browser"")"	True	False					
http://id.who.int/icd/entity/463802803	http://id.who.int/icd/release/11/mms/463802803	XE3GX		"- - - - Obstruction of flow"	category	2	False	X	"=hyperlink(""https://icd.who.int/browse11/l-m/en#/http%3A%2F%2Fid.who.int%2Ficd%2Fentity%2F463802803"",""browser"")"	False	False					
http://id.who.int/icd/entity/208801022	http://id.who.int/icd/release/11/mms/208801022	XE3QL		"- - - - - Complete blockage"	category	3	False	X	"=hyperlink(""https://icd.who.int/browse11/l-m/en#/http%3A%2F%2Fid.who.int%2Ficd%2Fentity%2F208801022"",""browser"")"	True	False					
http://id.who.int/icd/entity/1751273579	http://id.who.int/icd/release/11/mms/1751273579	XE2JF		"- - - - - Partial blockage"	category	3	False	X	"=hyperlink(""https://icd.who.int/browse11/l-m/en#/http%3A%2F%2Fid.who.int%2Ficd%2Fentity%2F1751273579"",""browser"")"	True	False					
http://id.who.int/icd/entity/825506931	http://id.who.int/icd/release/11/mms/825506931	XE6BM		"- - - - Difficult to flush"	category	2	False	X	"=hyperlink(""https://icd.who.int/browse11/l-m/en#/http%3A%2F%2Fid.who.int%2Ficd%2Fentity%2F825506931"",""browser"")"	True	False					
http://id.who.int/icd/entity/1002019615	http://id.who.int/icd/release/11/mms/1002019615	XE8Z5		"- - - - Pressure problem"	category	2	False	X	"=hyperlink(""https://icd.who.int/browse11/l-m/en#/http%3A%2F%2Fid.who.int%2Ficd%2Fentity%2F1002019615"",""browser"")"	False	False					
http://id.who.int/icd/entity/2081775587	http://id.who.int/icd/release/11/mms/2081775587	XE3XR		"- - - - - Decrease in pressure"	category	3	False	X	"=hyperlink(""https://icd.who.int/browse11/l-m/en#/http%3A%2F%2Fid.who.int%2Ficd%2Fentity%2F2081775587"",""browser"")"	True	False					
http://id.who.int/icd/entity/959938666	http://id.who.int/icd/release/11/mms/959938666	XE6S6		"- - - - - Increase in pressure of device"	category	3	False	X	"=hyperlink(""https://icd.who.int/browse11/l-m/en#/http%3A%2F%2Fid.who.int%2Ficd%2Fentity%2F959938666"",""browser"")"	True	False					
http://id.who.int/icd/entity/1838859755	http://id.who.int/icd/release/11/mms/1838859755	XE94J		"- - - - - No pressure"	category	3	False	X	"=hyperlink(""https://icd.who.int/browse11/l-m/en#/http%3A%2F%2Fid.who.int%2Ficd%2Fentity%2F1838859755"",""browser"")"	True	False					
http://id.who.int/icd/entity/991832943	http://id.who.int/icd/release/11/mms/991832943	XE6Z5		"- - - - Pumping problem"	category	2	False	X	"=hyperlink(""https://icd.who.int/browse11/l-m/en#/http%3A%2F%2Fid.who.int%2Ficd%2Fentity%2F991832943"",""browser"")"	False	False					
http://id.who.int/icd/entity/1494530143	http://id.who.int/icd/release/11/mms/1494530143	XE64X		"- - - - - Decreased pump speed"	category	3	False	X	"=hyperlink(""https://icd.who.int/browse11/l-m/en#/http%3A%2F%2Fid.who.int%2Ficd%2Fentity%2F1494530143"",""browser"")"	True	False					
http://id.who.int/icd/entity/603868208	http://id.who.int/icd/release/11/mms/603868208	XE7BN		"- - - - - Increased pump speed"	category	3	False	X	"=hyperlink(""https://icd.who.int/browse11/l-m/en#/http%3A%2F%2Fid.who.int%2Ficd%2Fentity%2F603868208"",""browser"")"	True	False					
http://id.who.int/icd/entity/931742630	http://id.who.int/icd/release/11/mms/931742630	XE5R0		"- - - - - Failure to pump"	category	3	False	X	"=hyperlink(""https://icd.who.int/browse11/l-m/en#/http%3A%2F%2Fid.who.int%2Ficd%2Fentity%2F931742630"",""browser"")"	True	False					
http://id.who.int/icd/entity/1381166611	http://id.who.int/icd/release/11/mms/1381166611	XE0TF		"- - - - - Pumping stopped"	category	3	False	X	"=hyperlink(""https://icd.who.int/browse11/l-m/en#/http%3A%2F%2Fid.who.int%2Ficd%2Fentity%2F1381166611"",""browser"")"	True	False					
http://id.who.int/icd/entity/1703523536	http://id.who.int/icd/release/11/mms/1703523536	XE69E		"- - - - Suction problem"	category	2	False	X	"=hyperlink(""https://icd.who.int/browse11/l-m/en#/http%3A%2F%2Fid.who.int%2Ficd%2Fentity%2F1703523536"",""browser"")"	False	False					
http://id.who.int/icd/entity/736411239	http://id.who.int/icd/release/11/mms/736411239	XE3Y3		"- - - - - Decrease in suction"	category	3	False	X	"=hyperlink(""https://icd.who.int/browse11/l-m/en#/http%3A%2F%2Fid.who.int%2Ficd%2Fentity%2F736411239"",""browser"")"	True	False					
http://id.who.int/icd/entity/794372185	http://id.who.int/icd/release/11/mms/794372185	XE35T		"- - - - - Increase in suction"	category	3	False	X	"=hyperlink(""https://icd.who.int/browse11/l-m/en#/http%3A%2F%2Fid.who.int%2Ficd%2Fentity%2F794372185"",""browser"")"	True	False					
http://id.who.int/icd/entity/1437850664	http://id.who.int/icd/release/11/mms/1437850664	XE5FE		"- - - - - Suction failure"	category	3	False	X	"=hyperlink(""https://icd.who.int/browse11/l-m/en#/http%3A%2F%2Fid.who.int%2Ficd%2Fentity%2F1437850664"",""browser"")"	True	False					
http://id.who.int/icd/entity/1262548898	http://id.who.int/icd/release/11/mms/1262548898	XE0B4		"- - - - Priming problem"	category	2	False	X	"=hyperlink(""https://icd.who.int/browse11/l-m/en#/http%3A%2F%2Fid.who.int%2Ficd%2Fentity%2F1262548898"",""browser"")"	False	False					
http://id.who.int/icd/entity/513880819	http://id.who.int/icd/release/11/mms/513880819	XE3KR		"- - - - - Failure to prime"	category	3	False	X	"=hyperlink(""https://icd.who.int/browse11/l-m/en#/http%3A%2F%2Fid.who.int%2Ficd%2Fentity%2F513880819"",""browser"")"	True	False					
http://id.who.int/icd/entity/438084813	http://id.who.int/icd/release/11/mms/438084813	XE63F		"- - - - - Incomplete or inadequate priming"	category	3	False	X	"=hyperlink(""https://icd.who.int/browse11/l-m/en#/http%3A%2F%2Fid.who.int%2Ficd%2Fentity%2F438084813"",""browser"")"	True	False					
http://id.who.int/icd/entity/370121705	http://id.who.int/icd/release/11/mms/370121705	XE4GH		"- - - Activation, positioning or separation problem"	category	1	False	X	"=hyperlink(""https://icd.who.int/browse11/l-m/en#/http%3A%2F%2Fid.who.int%2Ficd%2Fentity%2F370121705"",""browser"")"	False	False					
http://id.who.int/icd/entity/1585150204	http://id.who.int/icd/release/11/mms/1585150204	XE76U		"- - - - Activation problem"	category	2	False	X	"=hyperlink(""https://icd.who.int/browse11/l-m/en#/http%3A%2F%2Fid.who.int%2Ficd%2Fentity%2F1585150204"",""browser"")"	False	False					
http://id.who.int/icd/entity/1994370798	http://id.who.int/icd/release/11/mms/1994370798	XE48N		"- - - - - Activation failure or expansion failures"	category	3	False	X	"=hyperlink(""https://icd.who.int/browse11/l-m/en#/http%3A%2F%2Fid.who.int%2Ficd%2Fentity%2F1994370798"",""browser"")"	True	False					
http://id.who.int/icd/entity/1655218532	http://id.who.int/icd/release/11/mms/1655218532	XE9Y0		"- - - - - Difficult or delayed activation"	category	3	False	X	"=hyperlink(""https://icd.who.int/browse11/l-m/en#/http%3A%2F%2Fid.who.int%2Ficd%2Fentity%2F1655218532"",""browser"")"	True	False					
http://id.who.int/icd/entity/407000341	http://id.who.int/icd/release/11/mms/407000341	XE6E9		"- - - - - Premature activation"	category	3	False	X	"=hyperlink(""https://icd.who.int/browse11/l-m/en#/http%3A%2F%2Fid.who.int%2Ficd%2Fentity%2F407000341"",""browser"")"	True	False					
http://id.who.int/icd/entity/315617913	http://id.who.int/icd/release/11/mms/315617913	XE5VT		"- - - - - Self-activation or keying"	category	3	False	X	"=hyperlink(""https://icd.who.int/browse11/l-m/en#/http%3A%2F%2Fid.who.int%2Ficd%2Fentity%2F315617913"",""browser"")"	True	False					
http://id.who.int/icd/entity/1522986692	http://id.who.int/icd/release/11/mms/1522986692	XE2J9		"- - - - Positioning problem"	category	2	False	X	"=hyperlink(""https://icd.who.int/browse11/l-m/en#/http%3A%2F%2Fid.who.int%2Ficd%2Fentity%2F1522986692"",""browser"")"	False	False					
http://id.who.int/icd/entity/1115197880	http://id.who.int/icd/release/11/mms/1115197880	XE41N		"- - - - - Positioning failure"	category	3	False	X	"=hyperlink(""https://icd.who.int/browse11/l-m/en#/http%3A%2F%2Fid.who.int%2Ficd%2Fentity%2F1115197880"",""browser"")"	True	False					
http://id.who.int/icd/entity/763964191	http://id.who.int/icd/release/11/mms/763964191	XE8P2		"- - - - - Malposition of device"	category	3	False	X	"=hyperlink(""https://icd.who.int/browse11/l-m/en#/http%3A%2F%2Fid.who.int%2Ficd%2Fentity%2F763964191"",""browser"")"	True	False					
http://id.who.int/icd/entity/1466163056	http://id.who.int/icd/release/11/mms/1466163056	XE74U		"- - - - - Difficult or delayed positioning"	category	3	False	X	"=hyperlink(""https://icd.who.int/browse11/l-m/en#/http%3A%2F%2Fid.who.int%2Ficd%2Fentity%2F1466163056"",""browser"")"	True	False					
http://id.who.int/icd/entity/1407076688	http://id.who.int/icd/release/11/mms/1407076688	XE4CG		"- - - - - Failure to advance"	category	3	False	X	"=hyperlink(""https://icd.who.int/browse11/l-m/en#/http%3A%2F%2Fid.who.int%2Ficd%2Fentity%2F1407076688"",""browser"")"	True	False					
http://id.who.int/icd/entity/1498672700	http://id.who.int/icd/release/11/mms/1498672700	XE9NU		"- - - - - Difficult to advance"	category	3	False	X	"=hyperlink(""https://icd.who.int/browse11/l-m/en#/http%3A%2F%2Fid.who.int%2Ficd%2Fentity%2F1498672700"",""browser"")"	True	False					
http://id.who.int/icd/entity/577956717	http://id.who.int/icd/release/11/mms/577956717	XE2JZ		"- - - - - Difficult to insert"	category	3	False	X	"=hyperlink(""https://icd.who.int/browse11/l-m/en#/http%3A%2F%2Fid.who.int%2Ficd%2Fentity%2F577956717"",""browser"")"	True	False					
http://id.who.int/icd/entity/2095412430	http://id.who.int/icd/release/11/mms/2095412430	XE0HC		"- - - - - Difficult to remove"	category	3	False	X	"=hyperlink(""https://icd.who.int/browse11/l-m/en#/http%3A%2F%2Fid.who.int%2Ficd%2Fentity%2F2095412430"",""browser"")"	True	False					
http://id.who.int/icd/entity/320130661	http://id.who.int/icd/release/11/mms/320130661	XE9MQ		"- - - - - Entrapment of device"	category	3	False	X	"=hyperlink(""https://icd.who.int/browse11/l-m/en#/http%3A%2F%2Fid.who.int%2Ficd%2Fentity%2F320130661"",""browser"")"	True	False					
http://id.who.int/icd/entity/539761333	http://id.who.int/icd/release/11/mms/539761333	XE1KB		"- - - - Separation problem"	category	2	False	X	"=hyperlink(""https://icd.who.int/browse11/l-m/en#/http%3A%2F%2Fid.who.int%2Ficd%2Fentity%2F539761333"",""browser"")"	False	False					
http://id.who.int/icd/entity/868548279	http://id.who.int/icd/release/11/mms/868548279	XE9BM		"- - - - - Separation failure"	category	3	False	X	"=hyperlink(""https://icd.who.int/browse11/l-m/en#/http%3A%2F%2Fid.who.int%2Ficd%2Fentity%2F868548279"",""browser"")"	True	False					
http://id.who.int/icd/entity/930703497	http://id.who.int/icd/release/11/mms/930703497	XE6U9		"- - - - - Difficult or delayed separation"	category	3	False	X	"=hyperlink(""https://icd.who.int/browse11/l-m/en#/http%3A%2F%2Fid.who.int%2Ficd%2Fentity%2F930703497"",""browser"")"	True	False					
http://id.who.int/icd/entity/1039454181	http://id.who.int/icd/release/11/mms/1039454181	XE1TT		"- - - - - Premature separation of device"	category	3	False	X	"=hyperlink(""https://icd.who.int/browse11/l-m/en#/http%3A%2F%2Fid.who.int%2Ficd%2Fentity%2F1039454181"",""browser"")"	True	False					
http://id.who.int/icd/entity/478297221	http://id.who.int/icd/release/11/mms/478297221	XE1XC		"- - - Protective measures problem"	category	1	False	X	"=hyperlink(""https://icd.who.int/browse11/l-m/en#/http%3A%2F%2Fid.who.int%2Ficd%2Fentity%2F478297221"",""browser"")"	False	False					
http://id.who.int/icd/entity/675819853	http://id.who.int/icd/release/11/mms/675819853	XE98H		"- - - - Device alarm system"	category	2	False	X	"=hyperlink(""https://icd.who.int/browse11/l-m/en#/http%3A%2F%2Fid.who.int%2Ficd%2Fentity%2F675819853"",""browser"")"	False	False					
http://id.who.int/icd/entity/2056565095	http://id.who.int/icd/release/11/mms/2056565095	XE5JP		"- - - - - Alarm not visible"	category	3	False	X	"=hyperlink(""https://icd.who.int/browse11/l-m/en#/http%3A%2F%2Fid.who.int%2Ficd%2Fentity%2F2056565095"",""browser"")"	True	False					
http://id.who.int/icd/entity/1880692235	http://id.who.int/icd/release/11/mms/1880692235	XE6DH		"- - - - - No audible alarm"	category	3	False	X	"=hyperlink(""https://icd.who.int/browse11/l-m/en#/http%3A%2F%2Fid.who.int%2Ficd%2Fentity%2F1880692235"",""browser"")"	True	False					
http://id.who.int/icd/entity/1956937781	http://id.who.int/icd/release/11/mms/1956937781	XE2RK		"- - - - - Low audible alarm"	category	3	False	X	"=hyperlink(""https://icd.who.int/browse11/l-m/en#/http%3A%2F%2Fid.who.int%2Ficd%2Fentity%2F1956937781"",""browser"")"	True	False					
http://id.who.int/icd/entity/293547392	http://id.who.int/icd/release/11/mms/293547392	XE3QU		"- - - - - Delayed alarm"	category	3	False	X	"=hyperlink(""https://icd.who.int/browse11/l-m/en#/http%3A%2F%2Fid.who.int%2Ficd%2Fentity%2F293547392"",""browser"")"	True	False					
http://id.who.int/icd/entity/1360140997	http://id.who.int/icd/release/11/mms/1360140997	XE2K0		"- - - - - False alarm"	category	3	False	X	"=hyperlink(""https://icd.who.int/browse11/l-m/en#/http%3A%2F%2Fid.who.int%2Ficd%2Fentity%2F1360140997"",""browser"")"	True	False					
http://id.who.int/icd/entity/1537195433	http://id.who.int/icd/release/11/mms/1537195433	XE3UE		"- - - - - Defective alarm"	category	3	False	X	"=hyperlink(""https://icd.who.int/browse11/l-m/en#/http%3A%2F%2Fid.who.int%2Ficd%2Fentity%2F1537195433"",""browser"")"	True	False					
http://id.who.int/icd/entity/2077340377	http://id.who.int/icd/release/11/mms/2077340377	XE78D		"- - - - Fail-safe problem"	category	2	False	X	"=hyperlink(""https://icd.who.int/browse11/l-m/en#/http%3A%2F%2Fid.who.int%2Ficd%2Fentity%2F2077340377"",""browser"")"	False	False					
http://id.who.int/icd/entity/1422118315	http://id.who.int/icd/release/11/mms/1422118315	XE659		"- - - - - Fail-safe did not activate"	category	3	False	X	"=hyperlink(""https://icd.who.int/browse11/l-m/en#/http%3A%2F%2Fid.who.int%2Ficd%2Fentity%2F1422118315"",""browser"")"	True	False					
http://id.who.int/icd/entity/823681056	http://id.who.int/icd/release/11/mms/823681056	XE6VE		"- - - - - No fail-safe mechanism"	category	3	False	X	"=hyperlink(""https://icd.who.int/browse11/l-m/en#/http%3A%2F%2Fid.who.int%2Ficd%2Fentity%2F823681056"",""browser"")"	True	False					
http://id.who.int/icd/entity/1873198417	http://id.who.int/icd/release/11/mms/1873198417	XE3V3		"- - - - Failure of device to self-test"	category	2	False	X	"=hyperlink(""https://icd.who.int/browse11/l-m/en#/http%3A%2F%2Fid.who.int%2Ficd%2Fentity%2F1873198417"",""browser"")"	True	False					
http://id.who.int/icd/entity/357320992	http://id.who.int/icd/release/11/mms/357320992	XE16Y		"- - - - Failure to auto stop"	category	2	False	X	"=hyperlink(""https://icd.who.int/browse11/l-m/en#/http%3A%2F%2Fid.who.int%2Ficd%2Fentity%2F357320992"",""browser"")"	True	False					
http://id.who.int/icd/entity/2059269001	http://id.who.int/icd/release/11/mms/2059269001	XE4KE		"- - - - Reset problem"	category	2	False	X	"=hyperlink(""https://icd.who.int/browse11/l-m/en#/http%3A%2F%2Fid.who.int%2Ficd%2Fentity%2F2059269001"",""browser"")"	False	False					
http://id.who.int/icd/entity/197994232	http://id.who.int/icd/release/11/mms/197994232	XE59S		"- - - - - Failure to reset"	category	3	False	X	"=hyperlink(""https://icd.who.int/browse11/l-m/en#/http%3A%2F%2Fid.who.int%2Ficd%2Fentity%2F197994232"",""browser"")"	True	False					
http://id.who.int/icd/entity/1362843691	http://id.who.int/icd/release/11/mms/1362843691	XE0HZ		"- - - - - Failure to zero"	category	3	False	X	"=hyperlink(""https://icd.who.int/browse11/l-m/en#/http%3A%2F%2Fid.who.int%2Ficd%2Fentity%2F1362843691"",""browser"")"	True	False					
http://id.who.int/icd/entity/735161434	http://id.who.int/icd/release/11/mms/735161434	XE2T4		"- - - - - Inappropriate or unexpected reset"	category	3	False	X	"=hyperlink(""https://icd.who.int/browse11/l-m/en#/http%3A%2F%2Fid.who.int%2Ficd%2Fentity%2F735161434"",""browser"")"	True	False					
http://id.who.int/icd/entity/526802494	http://id.who.int/icd/release/11/mms/526802494	XE1H0		"- - - - Premature indicator activation"	category	2	False	X	"=hyperlink(""https://icd.who.int/browse11/l-m/en#/http%3A%2F%2Fid.who.int%2Ficd%2Fentity%2F526802494"",""browser"")"	False	False					
http://id.who.int/icd/entity/1686033599	http://id.who.int/icd/release/11/mms/1686033599	XE6KH		"- - - - - Premature elective replacement indicator"	category	3	False	X	"=hyperlink(""https://icd.who.int/browse11/l-m/en#/http%3A%2F%2Fid.who.int%2Ficd%2Fentity%2F1686033599"",""browser"")"	True	False					
http://id.who.int/icd/entity/771452737	http://id.who.int/icd/release/11/mms/771452737	XE6ND		"- - - - - Premature end-of-life indicator"	category	3	False	X	"=hyperlink(""https://icd.who.int/browse11/l-m/en#/http%3A%2F%2Fid.who.int%2Ficd%2Fentity%2F771452737"",""browser"")"	True	False					
http://id.who.int/icd/entity/88763112	http://id.who.int/icd/release/11/mms/88763112	XE4PS		"- - - - Shielding failure"	category	2	False	X	"=hyperlink(""https://icd.who.int/browse11/l-m/en#/http%3A%2F%2Fid.who.int%2Ficd%2Fentity%2F88763112"",""browser"")"	True	False					
http://id.who.int/icd/entity/1562211636	http://id.who.int/icd/release/11/mms/1562211636	XE452		"- - - Compatibility problem"	category	1	False	X	"=hyperlink(""https://icd.who.int/browse11/l-m/en#/http%3A%2F%2Fid.who.int%2Ficd%2Fentity%2F1562211636"",""browser"")"	False	False					
http://id.who.int/icd/entity/1475634082	http://id.who.int/icd/release/11/mms/1475634082	XE02E		"- - - - Component or accessory incompatibility"	category	2	False	X	"=hyperlink(""https://icd.who.int/browse11/l-m/en#/http%3A%2F%2Fid.who.int%2Ficd%2Fentity%2F1475634082"",""browser"")"	False	False					
http://id.who.int/icd/entity/136278125	http://id.who.int/icd/release/11/mms/136278125	XE7N5		"- - - - - Accessory incompatible"	category	3	False	X	"=hyperlink(""https://icd.who.int/browse11/l-m/en#/http%3A%2F%2Fid.who.int%2Ficd%2Fentity%2F136278125"",""browser"")"	True	False					
http://id.who.int/icd/entity/1391005362	http://id.who.int/icd/release/11/mms/1391005362	XE1UE		"- - - - - Component incompatible"	category	3	False	X	"=hyperlink(""https://icd.who.int/browse11/l-m/en#/http%3A%2F%2Fid.who.int%2Ficd%2Fentity%2F1391005362"",""browser"")"	True	False					
http://id.who.int/icd/entity/2103791200	http://id.who.int/icd/release/11/mms/2103791200	XE8KS		"- - - - Device-device incompatibility"	category	2	False	X	"=hyperlink(""https://icd.who.int/browse11/l-m/en#/http%3A%2F%2Fid.who.int%2Ficd%2Fentity%2F2103791200"",""browser"")"	True	False					
http://id.who.int/icd/entity/2011752716	http://id.who.int/icd/release/11/mms/2011752716	XE0HJ		"- - - - Measurement system incompatibility"	category	2	False	X	"=hyperlink(""https://icd.who.int/browse11/l-m/en#/http%3A%2F%2Fid.who.int%2Ficd%2Fentity%2F2011752716"",""browser"")"	True	False					
http://id.who.int/icd/entity/2001688958	http://id.who.int/icd/release/11/mms/2001688958	XE4UP		"- - - - Unintended compatibility"	category	2	False	X	"=hyperlink(""https://icd.who.int/browse11/l-m/en#/http%3A%2F%2Fid.who.int%2Ficd%2Fentity%2F2001688958"",""browser"")"	True	False					
http://id.who.int/icd/entity/59435667	http://id.who.int/icd/release/11/mms/59435667	XE4XW		"- - - Contamination or decontamination problem"	category	1	False	X	"=hyperlink(""https://icd.who.int/browse11/l-m/en#/http%3A%2F%2Fid.who.int%2Ficd%2Fentity%2F59435667"",""browser"")"	False	False					
http://id.who.int/icd/entity/1484869966	http://id.who.int/icd/release/11/mms/1484869966	XE9L2		"- - - - Contamination during use"	category	2	False	X	"=hyperlink(""https://icd.who.int/browse11/l-m/en#/http%3A%2F%2Fid.who.int%2Ficd%2Fentity%2F1484869966"",""browser"")"	False	False					
http://id.who.int/icd/entity/1251323186	http://id.who.int/icd/release/11/mms/1251323186	XE9H4		"- - - - - Biofilm coating in device"	category	3	False	X	"=hyperlink(""https://icd.who.int/browse11/l-m/en#/http%3A%2F%2Fid.who.int%2Ficd%2Fentity%2F1251323186"",""browser"")"	True	False					
http://id.who.int/icd/entity/185263237	http://id.who.int/icd/release/11/mms/185263237	XE2AR		"- - - - - Contamination of device ingredient or reagent"	category	3	False	X	"=hyperlink(""https://icd.who.int/browse11/l-m/en#/http%3A%2F%2Fid.who.int%2Ficd%2Fentity%2F185263237"",""browser"")"	True	False					
http://id.who.int/icd/entity/1486055185	http://id.who.int/icd/release/11/mms/1486055185	XE4VF		"- - - - - Device contamination with body fluid"	category	3	False	X	"=hyperlink(""https://icd.who.int/browse11/l-m/en#/http%3A%2F%2Fid.who.int%2Ficd%2Fentity%2F1486055185"",""browser"")"	True	False					
http://id.who.int/icd/entity/1290037401	http://id.who.int/icd/release/11/mms/1290037401	XE9AH		"- - - - - Device contamination with chemical or other material"	category	3	False	X	"=hyperlink(""https://icd.who.int/browse11/l-m/en#/http%3A%2F%2Fid.who.int%2Ficd%2Fentity%2F1290037401"",""browser"")"	True	False					
http://id.who.int/icd/entity/906927338	http://id.who.int/icd/release/11/mms/906927338	XE97G		"- - - - - Microbial contamination of device"	category	3	False	X	"=hyperlink(""https://icd.who.int/browse11/l-m/en#/http%3A%2F%2Fid.who.int%2Ficd%2Fentity%2F906927338"",""browser"")"	True	False					
http://id.who.int/icd/entity/1376581154	http://id.who.int/icd/release/11/mms/1376581154	XE450		"- - - - Device contaminated during manufacture or shipping"	category	2	False	X	"=hyperlink(""https://icd.who.int/browse11/l-m/en#/http%3A%2F%2Fid.who.int%2Ficd%2Fentity%2F1376581154"",""browser"")"	True	False					
http://id.who.int/icd/entity/1739358758	http://id.who.int/icd/release/11/mms/1739358758	XE5LK		"- - - - Device reprocessing problem"	category	2	False	X	"=hyperlink(""https://icd.who.int/browse11/l-m/en#/http%3A%2F%2Fid.who.int%2Ficd%2Fentity%2F1739358758"",""browser"")"	False	False					
http://id.who.int/icd/entity/110806804	http://id.who.int/icd/release/11/mms/110806804	XE3MN		"- - - - - Failure to clean adequately"	category	3	False	X	"=hyperlink(""https://icd.who.int/browse11/l-m/en#/http%3A%2F%2Fid.who.int%2Ficd%2Fentity%2F110806804"",""browser"")"	True	False					
http://id.who.int/icd/entity/591171808	http://id.who.int/icd/release/11/mms/591171808	XE4A4		"- - - - - Failure to disinfect"	category	3	False	X	"=hyperlink(""https://icd.who.int/browse11/l-m/en#/http%3A%2F%2Fid.who.int%2Ficd%2Fentity%2F591171808"",""browser"")"	True	False					
http://id.who.int/icd/entity/2106753197	http://id.who.int/icd/release/11/mms/2106753197	XE0VE		"- - - - - Flushing problem"	category	3	False	X	"=hyperlink(""https://icd.who.int/browse11/l-m/en#/http%3A%2F%2Fid.who.int%2Ficd%2Fentity%2F2106753197"",""browser"")"	True	False					
http://id.who.int/icd/entity/1998530497	http://id.who.int/icd/release/11/mms/1998530497	XE2LR		"- - - - - Problem with sterilisation"	category	3	False	X	"=hyperlink(""https://icd.who.int/browse11/l-m/en#/http%3A%2F%2Fid.who.int%2Ficd%2Fentity%2F1998530497"",""browser"")"	True	False					
http://id.who.int/icd/entity/205398674	http://id.who.int/icd/release/11/mms/205398674	XE0HG		"- - - - - Residue after decontamination"	category	3	False	X	"=hyperlink(""https://icd.who.int/browse11/l-m/en#/http%3A%2F%2Fid.who.int%2Ficd%2Fentity%2F205398674"",""browser"")"	True	False					
http://id.who.int/icd/entity/402515227	http://id.who.int/icd/release/11/mms/402515227	XE6K5		"- - - Environmental compatibility problem"	category	1	False	X	"=hyperlink(""https://icd.who.int/browse11/l-m/en#/http%3A%2F%2Fid.who.int%2Ficd%2Fentity%2F402515227"",""browser"")"	False	False					
http://id.who.int/icd/entity/785871995	http://id.who.int/icd/release/11/mms/785871995	XE027		"- - - - Ambient noise problem"	category	2	False	X	"=hyperlink(""https://icd.who.int/browse11/l-m/en#/http%3A%2F%2Fid.who.int%2Ficd%2Fentity%2F785871995"",""browser"")"	True	False					
http://id.who.int/icd/entity/1259133390	http://id.who.int/icd/release/11/mms/1259133390	XE5R1		"- - - - Ambient temperature problem"	category	2	False	X	"=hyperlink(""https://icd.who.int/browse11/l-m/en#/http%3A%2F%2Fid.who.int%2Ficd%2Fentity%2F1259133390"",""browser"")"	True	False					
http://id.who.int/icd/entity/895628371	http://id.who.int/icd/release/11/mms/895628371	XE50X		"- - - - Fumes or vapours as environmental compatibility problem"	category	2	False	X	"=hyperlink(""https://icd.who.int/browse11/l-m/en#/http%3A%2F%2Fid.who.int%2Ficd%2Fentity%2F895628371"",""browser"")"	True	False					
http://id.who.int/icd/entity/1519619834	http://id.who.int/icd/release/11/mms/1519619834	XE011		"- - - - Fungus in device environment"	category	2	False	X	"=hyperlink(""https://icd.who.int/browse11/l-m/en#/http%3A%2F%2Fid.who.int%2Ficd%2Fentity%2F1519619834"",""browser"")"	True	False					
http://id.who.int/icd/entity/8390839	http://id.who.int/icd/release/11/mms/8390839	XE8HD		"- - - - Moisture or humidity problem"	category	2	False	X	"=hyperlink(""https://icd.who.int/browse11/l-m/en#/http%3A%2F%2Fid.who.int%2Ficd%2Fentity%2F8390839"",""browser"")"	True	False					
http://id.who.int/icd/entity/168669147	http://id.who.int/icd/release/11/mms/168669147	XE7KA		"- - - - Ventilation problem in device environment"	category	2	False	X	"=hyperlink(""https://icd.who.int/browse11/l-m/en#/http%3A%2F%2Fid.who.int%2Ficd%2Fentity%2F168669147"",""browser"")"	True	False					
http://id.who.int/icd/entity/1068358623	http://id.who.int/icd/release/11/mms/1068358623	XE5NF		"- - - - Device unsafe to use in environment"	category	2	False	X	"=hyperlink(""https://icd.who.int/browse11/l-m/en#/http%3A%2F%2Fid.who.int%2Ficd%2Fentity%2F1068358623"",""browser"")"	True	False					
http://id.who.int/icd/entity/1979332284	http://id.who.int/icd/release/11/mms/1979332284	XE55E		"- - - - Environmental particulates"	category	2	False	X	"=hyperlink(""https://icd.who.int/browse11/l-m/en#/http%3A%2F%2Fid.who.int%2Ficd%2Fentity%2F1979332284"",""browser"")"	True	False					
http://id.who.int/icd/entity/436964371	http://id.who.int/icd/release/11/mms/436964371	XE6V9		"- - - - Medical gas supply problem"	category	2	False	X	"=hyperlink(""https://icd.who.int/browse11/l-m/en#/http%3A%2F%2Fid.who.int%2Ficd%2Fentity%2F436964371"",""browser"")"	True	False					
http://id.who.int/icd/entity/1625389156	http://id.who.int/icd/release/11/mms/1625389156	XE5ZE		"- - - - Electrical power problem"	category	2	False	X	"=hyperlink(""https://icd.who.int/browse11/l-m/en#/http%3A%2F%2Fid.who.int%2Ficd%2Fentity%2F1625389156"",""browser"")"	True	False					
http://id.who.int/icd/entity/1830228332	http://id.who.int/icd/release/11/mms/1830228332	XE2H3		"- - - Installation related problem"	category	1	False	X	"=hyperlink(""https://icd.who.int/browse11/l-m/en#/http%3A%2F%2Fid.who.int%2Ficd%2Fentity%2F1830228332"",""browser"")"	False	False					
http://id.who.int/icd/entity/146422654	http://id.who.int/icd/release/11/mms/146422654	XE36N		"- - - - Misassembled during installation"	category	2	False	X	"=hyperlink(""https://icd.who.int/browse11/l-m/en#/http%3A%2F%2Fid.who.int%2Ficd%2Fentity%2F146422654"",""browser"")"	True	False					
http://id.who.int/icd/entity/48671683	http://id.who.int/icd/release/11/mms/48671683	XE3J4		"- - - Labelling, instructions for use or training problem"	category	1	False	X	"=hyperlink(""https://icd.who.int/browse11/l-m/en#/http%3A%2F%2Fid.who.int%2Ficd%2Fentity%2F48671683"",""browser"")"	False	False					
http://id.who.int/icd/entity/657882028	http://id.who.int/icd/release/11/mms/657882028	XE23E		"- - - - Device markings or labelling problem"	category	2	False	X	"=hyperlink(""https://icd.who.int/browse11/l-m/en#/http%3A%2F%2Fid.who.int%2Ficd%2Fentity%2F657882028"",""browser"")"	True	False					
http://id.who.int/icd/entity/1221050629	http://id.who.int/icd/release/11/mms/1221050629	XE25T		"- - - - Lack of maintenance documentation or guidelines"	category	2	False	X	"=hyperlink(""https://icd.who.int/browse11/l-m/en#/http%3A%2F%2Fid.who.int%2Ficd%2Fentity%2F1221050629"",""browser"")"	True	False					
http://id.who.int/icd/entity/841823604	http://id.who.int/icd/release/11/mms/841823604	XE13S		"- - - - Inadequate instructions for healthcare professional"	category	2	False	X	"=hyperlink(""https://icd.who.int/browse11/l-m/en#/http%3A%2F%2Fid.who.int%2Ficd%2Fentity%2F841823604"",""browser"")"	True	False					
http://id.who.int/icd/entity/1759202217	http://id.who.int/icd/release/11/mms/1759202217	XE17P		"- - - - Inadequate instructions for non-healthcare professional"	category	2	False	X	"=hyperlink(""https://icd.who.int/browse11/l-m/en#/http%3A%2F%2Fid.who.int%2Ficd%2Fentity%2F1759202217"",""browser"")"	True	False					
http://id.who.int/icd/entity/218162716	http://id.who.int/icd/release/11/mms/218162716	XE22G		"- - - - Inadequate or insufficient training"	category	2	False	X	"=hyperlink(""https://icd.who.int/browse11/l-m/en#/http%3A%2F%2Fid.who.int%2Ficd%2Fentity%2F218162716"",""browser"")"	True	False					
http://id.who.int/icd/entity/1732052598	http://id.who.int/icd/release/11/mms/1732052598	XE5DG		"- - - Human-device interface problem"	category	1	False	X	"=hyperlink(""https://icd.who.int/browse11/l-m/en#/http%3A%2F%2Fid.who.int%2Ficd%2Fentity%2F1732052598"",""browser"")"	False	False					
http://id.who.int/icd/entity/1904384406	http://id.who.int/icd/release/11/mms/1904384406	XE1C2		"- - - - Device difficult to set up or prepare"	category	2	False	X	"=hyperlink(""https://icd.who.int/browse11/l-m/en#/http%3A%2F%2Fid.who.int%2Ficd%2Fentity%2F1904384406"",""browser"")"	True	False					
http://id.who.int/icd/entity/2064596730	http://id.who.int/icd/release/11/mms/2064596730	XE3B8		"- - - - Device difficult to program or calibrate"	category	2	False	X	"=hyperlink(""https://icd.who.int/browse11/l-m/en#/http%3A%2F%2Fid.who.int%2Ficd%2Fentity%2F2064596730"",""browser"")"	True	False					
http://id.who.int/icd/entity/555530423	http://id.who.int/icd/release/11/mms/555530423	XE2N3		"- - - - Device difficult to maintain"	category	2	False	X	"=hyperlink(""https://icd.who.int/browse11/l-m/en#/http%3A%2F%2Fid.who.int%2Ficd%2Fentity%2F555530423"",""browser"")"	True	False					
http://id.who.int/icd/entity/1324155424	http://id.who.int/icd/release/11/mms/1324155424	XE35S		"- - - - Inadequate user interface"	category	2	False	X	"=hyperlink(""https://icd.who.int/browse11/l-m/en#/http%3A%2F%2Fid.who.int%2Ficd%2Fentity%2F1324155424"",""browser"")"	True	False					
http://id.who.int/icd/entity/2098279076	http://id.who.int/icd/release/11/mms/2098279076	XE0AG		"- - - Use of device problem"	category	1	False	X	"=hyperlink(""https://icd.who.int/browse11/l-m/en#/http%3A%2F%2Fid.who.int%2Ficd%2Fentity%2F2098279076"",""browser"")"	False	False					
http://id.who.int/icd/entity/1353718412	http://id.who.int/icd/release/11/mms/1353718412	XE6PE		"- - - - Device handling problem"	category	2	False	X	"=hyperlink(""https://icd.who.int/browse11/l-m/en#/http%3A%2F%2Fid.who.int%2Ficd%2Fentity%2F1353718412"",""browser"")"	True	False					
http://id.who.int/icd/entity/69033739	http://id.who.int/icd/release/11/mms/69033739	XE7S3		"- - - - Use of incorrect control settings"	category	2	False	X	"=hyperlink(""https://icd.who.int/browse11/l-m/en#/http%3A%2F%2Fid.who.int%2Ficd%2Fentity%2F69033739"",""browser"")"	True	False					
http://id.who.int/icd/entity/244381799	http://id.who.int/icd/release/11/mms/244381799	XE2XZ		"- - - - Improper or incorrect procedure or method"	category	2	False	X	"=hyperlink(""https://icd.who.int/browse11/l-m/en#/http%3A%2F%2Fid.who.int%2Ficd%2Fentity%2F244381799"",""browser"")"	True	False					
http://id.who.int/icd/entity/285610451	http://id.who.int/icd/release/11/mms/285610451	XE7VD		"- - - - Off-label use"	category	2	False	X	"=hyperlink(""https://icd.who.int/browse11/l-m/en#/http%3A%2F%2Fid.who.int%2Ficd%2Fentity%2F285610451"",""browser"")"	True	False					
http://id.who.int/icd/entity/462141119	http://id.who.int/icd/release/11/mms/462141119	XE61V		"- - - - Misassembled"	category	2	False	X	"=hyperlink(""https://icd.who.int/browse11/l-m/en#/http%3A%2F%2Fid.who.int%2Ficd%2Fentity%2F462141119"",""browser"")"	True	False					
http://id.who.int/icd/entity/2006750672	http://id.who.int/icd/release/11/mms/2006750672	XE3GL		"- - - Adverse event without identified device or use problem"	category	1	False	X	"=hyperlink(""https://icd.who.int/browse11/l-m/en#/http%3A%2F%2Fid.who.int%2Ficd%2Fentity%2F2006750672"",""browser"")"	True	False					
http://id.who.int/icd/entity/1745517692	http://id.who.int/icd/release/11/mms/1745517692	XE3DN		"- - - No apparent adverse event"	category	1	False	X	"=hyperlink(""https://icd.who.int/browse11/l-m/en#/http%3A%2F%2Fid.who.int%2Ficd%2Fentity%2F1745517692"",""browser"")"	True	False					
http://id.who.int/icd/entity/1653070616	http://id.who.int/icd/release/11/mms/1653070616	XE1W0		"- - - Appropriate term or code not available for aspects of incidents related to devices"	category	1	False	X	"=hyperlink(""https://icd.who.int/browse11/l-m/en#/http%3A%2F%2Fid.who.int%2Ficd%2Fentity%2F1653070616"",""browser"")"	True	False					
http://id.who.int/icd/entity/455455236	http://id.who.int/icd/release/11/mms/455455236			"- - Investigation conclusion of events related to devices"	block	2	False	X	"=hyperlink(""https://icd.who.int/browse11/l-m/en#/http%3A%2F%2Fid.who.int%2Ficd%2Fentity%2F455455236"",""browser"")"	False						
http://id.who.int/icd/entity/657558053	http://id.who.int/icd/release/11/mms/657558053	XE1UR		"- - - Cause traced to device design"	category	1	False	X	"=hyperlink(""https://icd.who.int/browse11/l-m/en#/http%3A%2F%2Fid.who.int%2Ficd%2Fentity%2F657558053"",""browser"")"	True	False					
http://id.who.int/icd/entity/1574665812	http://id.who.int/icd/release/11/mms/1574665812	XE7NC		"- - - Cause traced to component failure"	category	1	False	X	"=hyperlink(""https://icd.who.int/browse11/l-m/en#/http%3A%2F%2Fid.who.int%2Ficd%2Fentity%2F1574665812"",""browser"")"	True	False					
http://id.who.int/icd/entity/841663741	http://id.who.int/icd/release/11/mms/841663741	XE2TX		"- - - Cause traced to manufacturing"	category	1	False	X	"=hyperlink(""https://icd.who.int/browse11/l-m/en#/http%3A%2F%2Fid.who.int%2Ficd%2Fentity%2F841663741"",""browser"")"	True	False					
http://id.who.int/icd/entity/1475438922	http://id.who.int/icd/release/11/mms/1475438922	XE18E		"- - - Cause traced to transport or storage"	category	1	False	X	"=hyperlink(""https://icd.who.int/browse11/l-m/en#/http%3A%2F%2Fid.who.int%2Ficd%2Fentity%2F1475438922"",""browser"")"	True	False					
http://id.who.int/icd/entity/1397555062	http://id.who.int/icd/release/11/mms/1397555062	XE7NN		"- - - Cause traced to infrastructure"	category	1	False	X	"=hyperlink(""https://icd.who.int/browse11/l-m/en#/http%3A%2F%2Fid.who.int%2Ficd%2Fentity%2F1397555062"",""browser"")"	True	False					
http://id.who.int/icd/entity/1718558044	http://id.who.int/icd/release/11/mms/1718558044	XE1WV		"- - - Cause traced to environment"	category	1	False	X	"=hyperlink(""https://icd.who.int/browse11/l-m/en#/http%3A%2F%2Fid.who.int%2Ficd%2Fentity%2F1718558044"",""browser"")"	True	False					
http://id.who.int/icd/entity/1914180306	http://id.who.int/icd/release/11/mms/1914180306	XE5AS		"- - - Cause traced to maintenance"	category	1	False	X	"=hyperlink(""https://icd.who.int/browse11/l-m/en#/http%3A%2F%2Fid.who.int%2Ficd%2Fentity%2F1914180306"",""browser"")"	True	False					
http://id.who.int/icd/entity/150136483	http://id.who.int/icd/release/11/mms/150136483	XE5UX		"- - - Cause traced to training"	category	1	False	X	"=hyperlink(""https://icd.who.int/browse11/l-m/en#/http%3A%2F%2Fid.who.int%2Ficd%2Fentity%2F150136483"",""browser"")"	True	False					
http://id.who.int/icd/entity/1728273418	http://id.who.int/icd/release/11/mms/1728273418	XE674		"- - - Cause traced to labeling"	category	1	False	X	"=hyperlink(""https://icd.who.int/browse11/l-m/en#/http%3A%2F%2Fid.who.int%2Ficd%2Fentity%2F1728273418"",""browser"")"	True	False					
http://id.who.int/icd/entity/47772095	http://id.who.int/icd/release/11/mms/47772095	XE5BM		"- - - Cause cannot be traced to device"	category	1	False	X	"=hyperlink(""https://icd.who.int/browse11/l-m/en#/http%3A%2F%2Fid.who.int%2Ficd%2Fentity%2F47772095"",""browser"")"	True	False					
http://id.who.int/icd/entity/204781487	http://id.who.int/icd/release/11/mms/204781487	XE6LX		"- - - Cause traced to user"	category	1	False	X	"=hyperlink(""https://icd.who.int/browse11/l-m/en#/http%3A%2F%2Fid.who.int%2Ficd%2Fentity%2F204781487"",""browser"")"	True	False					
http://id.who.int/icd/entity/112791747	http://id.who.int/icd/release/11/mms/112791747	XE0QB		"- - - Known inherent risk of device"	category	1	False	X	"=hyperlink(""https://icd.who.int/browse11/l-m/en#/http%3A%2F%2Fid.who.int%2Ficd%2Fentity%2F112791747"",""browser"")"	True	False					
http://id.who.int/icd/entity/422574455	http://id.who.int/icd/release/11/mms/422574455	XE8UG		"- - - Falsified device"	category	1	False	X	"=hyperlink(""https://icd.who.int/browse11/l-m/en#/http%3A%2F%2Fid.who.int%2Ficd%2Fentity%2F422574455"",""browser"")"	True	False					
http://id.who.int/icd/entity/329408027	http://id.who.int/icd/release/11/mms/329408027	XE51D		"- - - No problem with device detected"	category	1	False	X	"=hyperlink(""https://icd.who.int/browse11/l-m/en#/http%3A%2F%2Fid.who.int%2Ficd%2Fentity%2F329408027"",""browser"")"	True	False					
http://id.who.int/icd/entity/1379735468	http://id.who.int/icd/release/11/mms/1379735468	XE2SY		"- - - Cause of problem with device not established"	category	1	False	X	"=hyperlink(""https://icd.who.int/browse11/l-m/en#/http%3A%2F%2Fid.who.int%2Ficd%2Fentity%2F1379735468"",""browser"")"	True	False					
http://id.who.int/icd/entity/409664201	http://id.who.int/icd/release/11/mms/409664201	XE0T3		"- - - Conclusion not yet available regarding problem with device"	category	1	False	X	"=hyperlink(""https://icd.who.int/browse11/l-m/en#/http%3A%2F%2Fid.who.int%2Ficd%2Fentity%2F409664201"",""browser"")"	True	False					
http://id.who.int/icd/entity/1648962279	http://id.who.int/icd/release/11/mms/1648962279			"- - Findings of investigations related to devices"	block	2	False	X	"=hyperlink(""https://icd.who.int/browse11/l-m/en#/http%3A%2F%2Fid.who.int%2Ficd%2Fentity%2F1648962279"",""browser"")"	False						
http://id.who.int/icd/entity/2111816531	http://id.who.int/icd/release/11/mms/2111816531	XE0WX		"- - - Biological problem with device identified"	category	1	False	X	"=hyperlink(""https://icd.who.int/browse11/l-m/en#/http%3A%2F%2Fid.who.int%2Ficd%2Fentity%2F2111816531"",""browser"")"	False	False					
http://id.who.int/icd/entity/1698448138	http://id.who.int/icd/release/11/mms/1698448138	XE5T0		"- - - - Biocompatibility problem with device identified"	category	2	False	X	"=hyperlink(""https://icd.who.int/browse11/l-m/en#/http%3A%2F%2Fid.who.int%2Ficd%2Fentity%2F1698448138"",""browser"")"	True	False					
http://id.who.int/icd/entity/1330157144	http://id.who.int/icd/release/11/mms/1330157144	XE4YZ		"- - - - Biological contamination of device"	category	2	False	X	"=hyperlink(""https://icd.who.int/browse11/l-m/en#/http%3A%2F%2Fid.who.int%2Ficd%2Fentity%2F1330157144"",""browser"")"	True	False					
http://id.who.int/icd/entity/174737873	http://id.who.int/icd/release/11/mms/174737873	XE7B7		"- - - - Material or material leachate pyrogenic problem with device identified"	category	2	False	X	"=hyperlink(""https://icd.who.int/browse11/l-m/en#/http%3A%2F%2Fid.who.int%2Ficd%2Fentity%2F174737873"",""browser"")"	True	False					
http://id.who.int/icd/entity/1623512714	http://id.who.int/icd/release/11/mms/1623512714	XE2RY		"- - - - Cytotoxicity problem with device identified"	category	2	False	X	"=hyperlink(""https://icd.who.int/browse11/l-m/en#/http%3A%2F%2Fid.who.int%2Ficd%2Fentity%2F1623512714"",""browser"")"	True	False					
http://id.who.int/icd/entity/1253049304	http://id.who.int/icd/release/11/mms/1253049304	XE2PA		"- - - - Genotoxicity problem with device identified"	category	2	False	X	"=hyperlink(""https://icd.who.int/browse11/l-m/en#/http%3A%2F%2Fid.who.int%2Ficd%2Fentity%2F1253049304"",""browser"")"	True	False					
http://id.who.int/icd/entity/782262093	http://id.who.int/icd/release/11/mms/782262093	XE7AM		"- - - - Hematological problem with device identified"	category	2	False	X	"=hyperlink(""https://icd.who.int/browse11/l-m/en#/http%3A%2F%2Fid.who.int%2Ficd%2Fentity%2F782262093"",""browser"")"	True	False					
http://id.who.int/icd/entity/81037853	http://id.who.int/icd/release/11/mms/81037853	XE1Y9		"- - - - Unintended presence of allergens in device identified"	category	2	False	X	"=hyperlink(""https://icd.who.int/browse11/l-m/en#/http%3A%2F%2Fid.who.int%2Ficd%2Fentity%2F81037853"",""browser"")"	True	False					
http://id.who.int/icd/entity/2146799436	http://id.who.int/icd/release/11/mms/2146799436	XE2XW		"- - - - Reproductive toxicity problem with device identified"	category	2	False	X	"=hyperlink(""https://icd.who.int/browse11/l-m/en#/http%3A%2F%2Fid.who.int%2Ficd%2Fentity%2F2146799436"",""browser"")"	True	False					
http://id.who.int/icd/entity/1470830083	http://id.who.int/icd/release/11/mms/1470830083	XE4CB		"- - - Electrical problem with device identified"	category	1	False	X	"=hyperlink(""https://icd.who.int/browse11/l-m/en#/http%3A%2F%2Fid.who.int%2Ficd%2Fentity%2F1470830083"",""browser"")"	False	False					
http://id.who.int/icd/entity/526502453	http://id.who.int/icd/release/11/mms/526502453	XE1YA		"- - - - Electrical or electronic component problem with device identified"	category	2	False	X	"=hyperlink(""https://icd.who.int/browse11/l-m/en#/http%3A%2F%2Fid.who.int%2Ficd%2Fentity%2F526502453"",""browser"")"	True	False					
http://id.who.int/icd/entity/890576741	http://id.who.int/icd/release/11/mms/890576741	XE53K		"- - - - Hardware timing problem with device identified"	category	2	False	X	"=hyperlink(""https://icd.who.int/browse11/l-m/en#/http%3A%2F%2Fid.who.int%2Ficd%2Fentity%2F890576741"",""browser"")"	True	False					
http://id.who.int/icd/entity/1862703402	http://id.who.int/icd/release/11/mms/1862703402	XE546		"- - - - Impedance problem with device identified"	category	2	False	X	"=hyperlink(""https://icd.who.int/browse11/l-m/en#/http%3A%2F%2Fid.who.int%2Ficd%2Fentity%2F1862703402"",""browser"")"	True	False					
http://id.who.int/icd/entity/200117265	http://id.who.int/icd/release/11/mms/200117265	XE1TX		"- - - - Insulation problem with device identified"	category	2	False	X	"=hyperlink(""https://icd.who.int/browse11/l-m/en#/http%3A%2F%2Fid.who.int%2Ficd%2Fentity%2F200117265"",""browser"")"	True	False					
http://id.who.int/icd/entity/1199251389	http://id.who.int/icd/release/11/mms/1199251389	XE4PP		"- - - - Open circuit in device"	category	2	False	X	"=hyperlink(""https://icd.who.int/browse11/l-m/en#/http%3A%2F%2Fid.who.int%2Ficd%2Fentity%2F1199251389"",""browser"")"	True	False					
http://id.who.int/icd/entity/1621293304	http://id.who.int/icd/release/11/mms/1621293304	XE2V6		"- - - - Current leakage problem of device identified"	category	2	False	X	"=hyperlink(""https://icd.who.int/browse11/l-m/en#/http%3A%2F%2Fid.who.int%2Ficd%2Fentity%2F1621293304"",""browser"")"	True	False					
http://id.who.int/icd/entity/414692536	http://id.who.int/icd/release/11/mms/414692536	XE0KB		"- - - - Power source problem identified in device"	category	2	False	X	"=hyperlink(""https://icd.who.int/browse11/l-m/en#/http%3A%2F%2Fid.who.int%2Ficd%2Fentity%2F414692536"",""browser"")"	False	False					
http://id.who.int/icd/entity/1570073407	http://id.who.int/icd/release/11/mms/1570073407	XE4ZM		"- - - - - Energy storage system problem in device"	category	3	False	X	"=hyperlink(""https://icd.who.int/browse11/l-m/en#/http%3A%2F%2Fid.who.int%2Ficd%2Fentity%2F1570073407"",""browser"")"	True	False					
http://id.who.int/icd/entity/926676070	http://id.who.int/icd/release/11/mms/926676070	XE2WJ		"- - - - - Loss of power to device"	category	3	False	X	"=hyperlink(""https://icd.who.int/browse11/l-m/en#/http%3A%2F%2Fid.who.int%2Ficd%2Fentity%2F926676070"",""browser"")"	True	False					
http://id.who.int/icd/entity/491725112	http://id.who.int/icd/release/11/mms/491725112	XE7RB		"- - - - - Power fluctuation in device"	category	3	False	X	"=hyperlink(""https://icd.who.int/browse11/l-m/en#/http%3A%2F%2Fid.who.int%2Ficd%2Fentity%2F491725112"",""browser"")"	True	False					
http://id.who.int/icd/entity/1197254523	http://id.who.int/icd/release/11/mms/1197254523	XE7AB		"- - - - Short circuit of device"	category	2	False	X	"=hyperlink(""https://icd.who.int/browse11/l-m/en#/http%3A%2F%2Fid.who.int%2Ficd%2Fentity%2F1197254523"",""browser"")"	True	False					
http://id.who.int/icd/entity/970437238	http://id.who.int/icd/release/11/mms/970437238	XE8KR		"- - - - Signal loss of device"	category	2	False	X	"=hyperlink(""https://icd.who.int/browse11/l-m/en#/http%3A%2F%2Fid.who.int%2Ficd%2Fentity%2F970437238"",""browser"")"	True	False					
http://id.who.int/icd/entity/1022628020	http://id.who.int/icd/release/11/mms/1022628020	XE6AQ		"- - - Electromagnetic compatibility problem with device identified"	category	1	False	X	"=hyperlink(""https://icd.who.int/browse11/l-m/en#/http%3A%2F%2Fid.who.int%2Ficd%2Fentity%2F1022628020"",""browser"")"	False	False					
http://id.who.int/icd/entity/1871328563	http://id.who.int/icd/release/11/mms/1871328563	XE6BD		"- - - - Conducted interference with device"	category	2	False	X	"=hyperlink(""https://icd.who.int/browse11/l-m/en#/http%3A%2F%2Fid.who.int%2Ficd%2Fentity%2F1871328563"",""browser"")"	True	False					
http://id.who.int/icd/entity/1694995039	http://id.who.int/icd/release/11/mms/1694995039	XE8P9		"- - - - Electrostatic discharge of device"	category	2	False	X	"=hyperlink(""https://icd.who.int/browse11/l-m/en#/http%3A%2F%2Fid.who.int%2Ficd%2Fentity%2F1694995039"",""browser"")"	True	False					
http://id.who.int/icd/entity/505845518	http://id.who.int/icd/release/11/mms/505845518	XE2ME		"- - - - Inadequate immunity of device"	category	2	False	X	"=hyperlink(""https://icd.who.int/browse11/l-m/en#/http%3A%2F%2Fid.who.int%2Ficd%2Fentity%2F505845518"",""browser"")"	True	False					
http://id.who.int/icd/entity/1085343919	http://id.who.int/icd/release/11/mms/1085343919	XE8TZ		"- - - - Unintended emission of device"	category	2	False	X	"=hyperlink(""https://icd.who.int/browse11/l-m/en#/http%3A%2F%2Fid.who.int%2Ficd%2Fentity%2F1085343919"",""browser"")"	True	False					
http://id.who.int/icd/entity/2049312423	http://id.who.int/icd/release/11/mms/2049312423	XE1LT		"- - - - Radiofrequency interference with device identified"	category	2	False	X	"=hyperlink(""https://icd.who.int/browse11/l-m/en#/http%3A%2F%2Fid.who.int%2Ficd%2Fentity%2F2049312423"",""browser"")"	True	False					
http://id.who.int/icd/entity/679681850	http://id.who.int/icd/release/11/mms/679681850	XE02N		"- - - Interoperability problem with device identified"	category	1	False	X	"=hyperlink(""https://icd.who.int/browse11/l-m/en#/http%3A%2F%2Fid.who.int%2Ficd%2Fentity%2F679681850"",""browser"")"	False	False					
http://id.who.int/icd/entity/792769032	http://id.who.int/icd/release/11/mms/792769032	XE6C8		"- - - - Communications problem with device identified"	category	2	False	X	"=hyperlink(""https://icd.who.int/browse11/l-m/en#/http%3A%2F%2Fid.who.int%2Ficd%2Fentity%2F792769032"",""browser"")"	False	False					
http://id.who.int/icd/entity/1437222519	http://id.who.int/icd/release/11/mms/1437222519	XE22K		"- - - - - Wired communication problem with device identified"	category	3	False	X	"=hyperlink(""https://icd.who.int/browse11/l-m/en#/http%3A%2F%2Fid.who.int%2Ficd%2Fentity%2F1437222519"",""browser"")"	True	False					
http://id.who.int/icd/entity/1787270431	http://id.who.int/icd/release/11/mms/1787270431	XE1PD		"- - - - - Wireless communication problem with device identified"	category	3	False	X	"=hyperlink(""https://icd.who.int/browse11/l-m/en#/http%3A%2F%2Fid.who.int%2Ficd%2Fentity%2F1787270431"",""browser"")"	True	False					
http://id.who.int/icd/entity/257702058	http://id.who.int/icd/release/11/mms/257702058	XE5NA		"- - - - - Network communication problem with device identified"	category	3	False	X	"=hyperlink(""https://icd.who.int/browse11/l-m/en#/http%3A%2F%2Fid.who.int%2Ficd%2Fentity%2F257702058"",""browser"")"	True	False					
http://id.who.int/icd/entity/1168926143	http://id.who.int/icd/release/11/mms/1168926143	XE1SP		"- - - - Incompatible component or accessory of device identified"	category	2	False	X	"=hyperlink(""https://icd.who.int/browse11/l-m/en#/http%3A%2F%2Fid.who.int%2Ficd%2Fentity%2F1168926143"",""browser"")"	True	False					
http://id.who.int/icd/entity/1297658511	http://id.who.int/icd/release/11/mms/1297658511	XE1YT		"- - - Labeling and instructions for use or maintenance of device problem identified"	category	1	False	X	"=hyperlink(""https://icd.who.int/browse11/l-m/en#/http%3A%2F%2Fid.who.int%2Ficd%2Fentity%2F1297658511"",""browser"")"	False	False					
http://id.who.int/icd/entity/486148519	http://id.who.int/icd/release/11/mms/486148519	XE3PV		"- - - - Inadequate labelling or instructions for use of device identified"	category	2	False	X	"=hyperlink(""https://icd.who.int/browse11/l-m/en#/http%3A%2F%2Fid.who.int%2Ficd%2Fentity%2F486148519"",""browser"")"	True	False					
http://id.who.int/icd/entity/376942283	http://id.who.int/icd/release/11/mms/376942283	XE4MR		"- - - - Incorrect labelling or instructions for use of device identified"	category	2	False	X	"=hyperlink(""https://icd.who.int/browse11/l-m/en#/http%3A%2F%2Fid.who.int%2Ficd%2Fentity%2F376942283"",""browser"")"	True	False					
http://id.who.int/icd/entity/1021739787	http://id.who.int/icd/release/11/mms/1021739787	XE7Y7		"- - - - Inadequate or incorrect instructions for maintenance of device identified"	category	2	False	X	"=hyperlink(""https://icd.who.int/browse11/l-m/en#/http%3A%2F%2Fid.who.int%2Ficd%2Fentity%2F1021739787"",""browser"")"	True	False					
http://id.who.int/icd/entity/118448108	http://id.who.int/icd/release/11/mms/118448108	XE3RW		"- - - Material or chemical problem with device identified"	category	1	False	X	"=hyperlink(""https://icd.who.int/browse11/l-m/en#/http%3A%2F%2Fid.who.int%2Ficd%2Fentity%2F118448108"",""browser"")"	False	False					
http://id.who.int/icd/entity/1189711850	http://id.who.int/icd/release/11/mms/1189711850	XE2H0		"- - - - Degradation problem identified with device"	category	2	False	X	"=hyperlink(""https://icd.who.int/browse11/l-m/en#/http%3A%2F%2Fid.who.int%2Ficd%2Fentity%2F1189711850"",""browser"")"	True	False					
http://id.who.int/icd/entity/590488159	http://id.who.int/icd/release/11/mms/590488159	XE2WT		"- - - - Inappropriate material identified in device"	category	2	False	X	"=hyperlink(""https://icd.who.int/browse11/l-m/en#/http%3A%2F%2Fid.who.int%2Ficd%2Fentity%2F590488159"",""browser"")"	True	False					
http://id.who.int/icd/entity/958273163	http://id.who.int/icd/release/11/mms/958273163	XE60T		"- - - - Inadequate physicochemical properties identified in device"	category	2	False	X	"=hyperlink(""https://icd.who.int/browse11/l-m/en#/http%3A%2F%2Fid.who.int%2Ficd%2Fentity%2F958273163"",""browser"")"	True	False					
http://id.who.int/icd/entity/865317351	http://id.who.int/icd/release/11/mms/865317351	XE4EB		"- - - - Incompatible material identified in device"	category	2	False	X	"=hyperlink(""https://icd.who.int/browse11/l-m/en#/http%3A%2F%2Fid.who.int%2Ficd%2Fentity%2F865317351"",""browser"")"	True	False					
http://id.who.int/icd/entity/738547795	http://id.who.int/icd/release/11/mms/738547795	XE25Z		"- - - - Reactivity problem identified with device"	category	2	False	X	"=hyperlink(""https://icd.who.int/browse11/l-m/en#/http%3A%2F%2Fid.who.int%2Ficd%2Fentity%2F738547795"",""browser"")"	True	False					
http://id.who.int/icd/entity/646512447	http://id.who.int/icd/release/11/mms/646512447	XE6U0		"- - - - Tolerance stack-up identified in device"	category	2	False	X	"=hyperlink(""https://icd.who.int/browse11/l-m/en#/http%3A%2F%2Fid.who.int%2Ficd%2Fentity%2F646512447"",""browser"")"	True	False					
http://id.who.int/icd/entity/226687112	http://id.who.int/icd/release/11/mms/226687112	XE640		"- - - Mechanical problem with device identified"	category	1	False	X	"=hyperlink(""https://icd.who.int/browse11/l-m/en#/http%3A%2F%2Fid.who.int%2Ficd%2Fentity%2F226687112"",""browser"")"	False	False					
http://id.who.int/icd/entity/1985255166	http://id.who.int/icd/release/11/mms/1985255166	XE8RU		"- - - - Device migration identified"	category	2	False	X	"=hyperlink(""https://icd.who.int/browse11/l-m/en#/http%3A%2F%2Fid.who.int%2Ficd%2Fentity%2F1985255166"",""browser"")"	True	False					
http://id.who.int/icd/entity/683870559	http://id.who.int/icd/release/11/mms/683870559	XE3HZ		"- - - - Friction problem identified with device"	category	2	False	X	"=hyperlink(""https://icd.who.int/browse11/l-m/en#/http%3A%2F%2Fid.who.int%2Ficd%2Fentity%2F683870559"",""browser"")"	True	False					
http://id.who.int/icd/entity/1916106626	http://id.who.int/icd/release/11/mms/1916106626	XE1P8		"- - - - Leakage or seal problem identified with device"	category	2	False	X	"=hyperlink(""https://icd.who.int/browse11/l-m/en#/http%3A%2F%2Fid.who.int%2Ficd%2Fentity%2F1916106626"",""browser"")"	True	False					
http://id.who.int/icd/entity/148866035	http://id.who.int/icd/release/11/mms/148866035	XE6UT		"- - - - Lubrication problem identified with device"	category	2	False	X	"=hyperlink(""https://icd.who.int/browse11/l-m/en#/http%3A%2F%2Fid.who.int%2Ficd%2Fentity%2F148866035"",""browser"")"	True	False					
http://id.who.int/icd/entity/1731082586	http://id.who.int/icd/release/11/mms/1731082586	XE69Q		"- - - - Stiffness problem identified with device"	category	2	False	X	"=hyperlink(""https://icd.who.int/browse11/l-m/en#/http%3A%2F%2Fid.who.int%2Ficd%2Fentity%2F1731082586"",""browser"")"	True	False					
http://id.who.int/icd/entity/49648879	http://id.who.int/icd/release/11/mms/49648879	XE8V5		"- - - - Stress problem with device identified"	category	2	False	X	"=hyperlink(""https://icd.who.int/browse11/l-m/en#/http%3A%2F%2Fid.who.int%2Ficd%2Fentity%2F49648879"",""browser"")"	False	False					
http://id.who.int/icd/entity/1277161396	http://id.who.int/icd/release/11/mms/1277161396	XE0WG		"- - - - - Deformation problem with device identified"	category	3	False	X	"=hyperlink(""https://icd.who.int/browse11/l-m/en#/http%3A%2F%2Fid.who.int%2Ficd%2Fentity%2F1277161396"",""browser"")"	True	False					
http://id.who.int/icd/entity/1483268158	http://id.who.int/icd/release/11/mms/1483268158	XE3Y4		"- - - - - Fatigue problem with device identified"	category	3	False	X	"=hyperlink(""https://icd.who.int/browse11/l-m/en#/http%3A%2F%2Fid.who.int%2Ficd%2Fentity%2F1483268158"",""browser"")"	True	False					
http://id.who.int/icd/entity/578950221	http://id.who.int/icd/release/11/mms/578950221	XE1ZP		"- - - - - Fracture problem with device identified"	category	3	False	X	"=hyperlink(""https://icd.who.int/browse11/l-m/en#/http%3A%2F%2Fid.who.int%2Ficd%2Fentity%2F578950221"",""browser"")"	True	False					
http://id.who.int/icd/entity/1299427046	http://id.who.int/icd/release/11/mms/1299427046	XE1UJ		"- - - - - Mechanical shock problem with device identified"	category	3	False	X	"=hyperlink(""https://icd.who.int/browse11/l-m/en#/http%3A%2F%2Fid.who.int%2Ficd%2Fentity%2F1299427046"",""browser"")"	True	False					
http://id.who.int/icd/entity/682099537	http://id.who.int/icd/release/11/mms/682099537	XE1H3		"- - - - - Vibration problem with device identified"	category	3	False	X	"=hyperlink(""https://icd.who.int/browse11/l-m/en#/http%3A%2F%2Fid.who.int%2Ficd%2Fentity%2F682099537"",""browser"")"	True	False					
http://id.who.int/icd/entity/827744542	http://id.who.int/icd/release/11/mms/827744542	XE1ZQ		"- - - - - Wear problem with device identified"	category	3	False	X	"=hyperlink(""https://icd.who.int/browse11/l-m/en#/http%3A%2F%2Fid.who.int%2Ficd%2Fentity%2F827744542"",""browser"")"	True	False					
http://id.who.int/icd/entity/105382609	http://id.who.int/icd/release/11/mms/105382609	XE1EJ		"- - - - Incorrect dimension of device identified"	category	2	False	X	"=hyperlink(""https://icd.who.int/browse11/l-m/en#/http%3A%2F%2Fid.who.int%2Ficd%2Fentity%2F105382609"",""browser"")"	True	False					
http://id.who.int/icd/entity/303305012	http://id.who.int/icd/release/11/mms/303305012	XE4KN		"- - - Optical problem with device identified"	category	1	False	X	"=hyperlink(""https://icd.who.int/browse11/l-m/en#/http%3A%2F%2Fid.who.int%2Ficd%2Fentity%2F303305012"",""browser"")"	False	False					
http://id.who.int/icd/entity/2073001701	http://id.who.int/icd/release/11/mms/2073001701	XE42B		"- - - - Optical transmission problem identified with device"	category	2	False	X	"=hyperlink(""https://icd.who.int/browse11/l-m/en#/http%3A%2F%2Fid.who.int%2Ficd%2Fentity%2F2073001701"",""browser"")"	True	False					
http://id.who.int/icd/entity/1896012169	http://id.who.int/icd/release/11/mms/1896012169	XE8XT		"- - - - Light source problem identified with device"	category	2	False	X	"=hyperlink(""https://icd.who.int/browse11/l-m/en#/http%3A%2F%2Fid.who.int%2Ficd%2Fentity%2F1896012169"",""browser"")"	True	False					
http://id.who.int/icd/entity/412726880	http://id.who.int/icd/release/11/mms/412726880	XE05W		"- - - Clinical imaging problem with device identified"	category	1	False	X	"=hyperlink(""https://icd.who.int/browse11/l-m/en#/http%3A%2F%2Fid.who.int%2Ficd%2Fentity%2F412726880"",""browser"")"	False	False					
http://id.who.int/icd/entity/349795388	http://id.who.int/icd/release/11/mms/349795388	XE15N		"- - - - Gradient induced field problem with device identified"	category	2	False	X	"=hyperlink(""https://icd.who.int/browse11/l-m/en#/http%3A%2F%2Fid.who.int%2Ficd%2Fentity%2F349795388"",""browser"")"	True	False					
http://id.who.int/icd/entity/1586403673	http://id.who.int/icd/release/11/mms/1586403673	XE1HK		"- - - - Image artifact identified in device"	category	2	False	X	"=hyperlink(""https://icd.who.int/browse11/l-m/en#/http%3A%2F%2Fid.who.int%2Ficd%2Fentity%2F1586403673"",""browser"")"	True	False					
http://id.who.int/icd/entity/75032454	http://id.who.int/icd/release/11/mms/75032454	XE6YW		"- - - - Magnetically-induced movement of device identified"	category	2	False	X	"=hyperlink(""https://icd.who.int/browse11/l-m/en#/http%3A%2F%2Fid.who.int%2Ficd%2Fentity%2F75032454"",""browser"")"	True	False					
http://id.who.int/icd/entity/2123502581	http://id.who.int/icd/release/11/mms/2123502581	XE9Y9		"- - - - Radiofrequency induced overheating of device identified"	category	2	False	X	"=hyperlink(""https://icd.who.int/browse11/l-m/en#/http%3A%2F%2Fid.who.int%2Ficd%2Fentity%2F2123502581"",""browser"")"	True	False					
http://id.who.int/icd/entity/758760028	http://id.who.int/icd/release/11/mms/758760028	XE6TE		"- - - Software problem with device identified"	category	1	False	X	"=hyperlink(""https://icd.who.int/browse11/l-m/en#/http%3A%2F%2Fid.who.int%2Ficd%2Fentity%2F758760028"",""browser"")"	False	False					
http://id.who.int/icd/entity/610561320	http://id.who.int/icd/release/11/mms/610561320	XE77W		"- - - - Configuration issue of device identified"	category	2	False	X	"=hyperlink(""https://icd.who.int/browse11/l-m/en#/http%3A%2F%2Fid.who.int%2Ficd%2Fentity%2F610561320"",""browser"")"	True	False					
http://id.who.int/icd/entity/1103085725	http://id.who.int/icd/release/11/mms/1103085725	XE6DT		"- - - - Design error of device identified"	category	2	False	X	"=hyperlink(""https://icd.who.int/browse11/l-m/en#/http%3A%2F%2Fid.who.int%2Ficd%2Fentity%2F1103085725"",""browser"")"	False	False					
http://id.who.int/icd/entity/134778046	http://id.who.int/icd/release/11/mms/134778046	XE006		"- - - - - Data compression error in device identified"	category	3	False	X	"=hyperlink(""https://icd.who.int/browse11/l-m/en#/http%3A%2F%2Fid.who.int%2Ficd%2Fentity%2F134778046"",""browser"")"	True	False					
http://id.who.int/icd/entity/42281938	http://id.who.int/icd/release/11/mms/42281938	XE62E		"- - - - - Incorrect algorithm in device identified"	category	3	False	X	"=hyperlink(""https://icd.who.int/browse11/l-m/en#/http%3A%2F%2Fid.who.int%2Ficd%2Fentity%2F42281938"",""browser"")"	True	False					
http://id.who.int/icd/entity/487834214	http://id.who.int/icd/release/11/mms/487834214	XE1X4		"- - - - - Incorrect data definition in device identified"	category	3	False	X	"=hyperlink(""https://icd.who.int/browse11/l-m/en#/http%3A%2F%2Fid.who.int%2Ficd%2Fentity%2F487834214"",""browser"")"	True	False					
http://id.who.int/icd/entity/396256522	http://id.who.int/icd/release/11/mms/396256522	XE2FL		"- - - - - Interface design error of device identified"	category	3	False	X	"=hyperlink(""https://icd.who.int/browse11/l-m/en#/http%3A%2F%2Fid.who.int%2Ficd%2Fentity%2F396256522"",""browser"")"	True	False					
http://id.who.int/icd/entity/321123126	http://id.who.int/icd/release/11/mms/321123126	XE85U		"- - - - - Non-functional defect in device identified"	category	3	False	X	"=hyperlink(""https://icd.who.int/browse11/l-m/en#/http%3A%2F%2Fid.who.int%2Ficd%2Fentity%2F321123126"",""browser"")"	True	False					
http://id.who.int/icd/entity/1995988611	http://id.who.int/icd/release/11/mms/1995988611	XE3RD		"- - - - - Software timing problem in device identified"	category	3	False	X	"=hyperlink(""https://icd.who.int/browse11/l-m/en#/http%3A%2F%2Fid.who.int%2Ficd%2Fentity%2F1995988611"",""browser"")"	True	False					
http://id.who.int/icd/entity/1474535281	http://id.who.int/icd/release/11/mms/1474535281	XE9JR		"- - - - Software maintenance problem identified with device"	category	2	False	X	"=hyperlink(""https://icd.who.int/browse11/l-m/en#/http%3A%2F%2Fid.who.int%2Ficd%2Fentity%2F1474535281"",""browser"")"	True	False					
http://id.who.int/icd/entity/755591936	http://id.who.int/icd/release/11/mms/755591936	XE688		"- - - - Software installation problem identified with device"	category	2	False	X	"=hyperlink(""https://icd.who.int/browse11/l-m/en#/http%3A%2F%2Fid.who.int%2Ficd%2Fentity%2F755591936"",""browser"")"	True	False					
http://id.who.int/icd/entity/1123602857	http://id.who.int/icd/release/11/mms/1123602857	XE4SV		"- - - - Software requirement error with device identified"	category	2	False	X	"=hyperlink(""https://icd.who.int/browse11/l-m/en#/http%3A%2F%2Fid.who.int%2Ficd%2Fentity%2F1123602857"",""browser"")"	True	False					
http://id.who.int/icd/entity/656636958	http://id.who.int/icd/release/11/mms/656636958	XE51Q		"- - - - Software runtime error in device identified"	category	2	False	X	"=hyperlink(""https://icd.who.int/browse11/l-m/en#/http%3A%2F%2Fid.who.int%2Ficd%2Fentity%2F656636958"",""browser"")"	True	False					
http://id.who.int/icd/entity/597617186	http://id.who.int/icd/release/11/mms/597617186	XE9W2		"- - - - Software security vulnerability of device identified"	category	2	False	X	"=hyperlink(""https://icd.who.int/browse11/l-m/en#/http%3A%2F%2Fid.who.int%2Ficd%2Fentity%2F597617186"",""browser"")"	True	False					
http://id.who.int/icd/entity/2097771907	http://id.who.int/icd/release/11/mms/2097771907	XE1KR		"- - - - Erroneous data transfer in device identified"	category	2	False	X	"=hyperlink(""https://icd.who.int/browse11/l-m/en#/http%3A%2F%2Fid.who.int%2Ficd%2Fentity%2F2097771907"",""browser"")"	True	False					
http://id.who.int/icd/entity/1769896459	http://id.who.int/icd/release/11/mms/1769896459	XE2A7		"- - - - Data storage or loss of data problem in device identified"	category	2	False	X	"=hyperlink(""https://icd.who.int/browse11/l-m/en#/http%3A%2F%2Fid.who.int%2Ficd%2Fentity%2F1769896459"",""browser"")"	True	False					
http://id.who.int/icd/entity/1940807163	http://id.who.int/icd/release/11/mms/1940807163	XE8XM		"- - - Thermal problem with device identified"	category	1	False	X	"=hyperlink(""https://icd.who.int/browse11/l-m/en#/http%3A%2F%2Fid.who.int%2Ficd%2Fentity%2F1940807163"",""browser"")"	False	False					
http://id.who.int/icd/entity/379625860	http://id.who.int/icd/release/11/mms/379625860	XE62G		"- - - - Overheating of device problem identified"	category	2	False	X	"=hyperlink(""https://icd.who.int/browse11/l-m/en#/http%3A%2F%2Fid.who.int%2Ficd%2Fentity%2F379625860"",""browser"")"	True	False					
http://id.who.int/icd/entity/1937443889	http://id.who.int/icd/release/11/mms/1937443889	XE9HT		"- - - - Excessive heating of device problem identified"	category	2	False	X	"=hyperlink(""https://icd.who.int/browse11/l-m/en#/http%3A%2F%2Fid.who.int%2Ficd%2Fentity%2F1937443889"",""browser"")"	True	False					
http://id.who.int/icd/entity/1675272073	http://id.who.int/icd/release/11/mms/1675272073	XE7A1		"- - - - Inadequate cooling of device problem identified"	category	2	False	X	"=hyperlink(""https://icd.who.int/browse11/l-m/en#/http%3A%2F%2Fid.who.int%2Ficd%2Fentity%2F1675272073"",""browser"")"	True	False					
http://id.who.int/icd/entity/476047186	http://id.who.int/icd/release/11/mms/476047186	XE5HU		"- - - Protective system problem with device identified"	category	1	False	X	"=hyperlink(""https://icd.who.int/browse11/l-m/en#/http%3A%2F%2Fid.who.int%2Ficd%2Fentity%2F476047186"",""browser"")"	False	False					
http://id.who.int/icd/entity/305427798	http://id.who.int/icd/release/11/mms/305427798	XE0WJ		"- - - - Fail-safe problem with device identified"	category	2	False	X	"=hyperlink(""https://icd.who.int/browse11/l-m/en#/http%3A%2F%2Fid.who.int%2Ficd%2Fentity%2F305427798"",""browser"")"	True	False					
http://id.who.int/icd/entity/105085660	http://id.who.int/icd/release/11/mms/105085660	XE4JQ		"- - - - Alarm system problem with device identified"	category	2	False	X	"=hyperlink(""https://icd.who.int/browse11/l-m/en#/http%3A%2F%2Fid.who.int%2Ficd%2Fentity%2F105085660"",""browser"")"	True	False					
http://id.who.int/icd/entity/1670961001	http://id.who.int/icd/release/11/mms/1670961001	XE7ZT		"- - - - Problem of device to self-test identified"	category	2	False	X	"=hyperlink(""https://icd.who.int/browse11/l-m/en#/http%3A%2F%2Fid.who.int%2Ficd%2Fentity%2F1670961001"",""browser"")"	True	False					
http://id.who.int/icd/entity/1434274104	http://id.who.int/icd/release/11/mms/1434274104	XE1JG		"- - - - Problem of device to auto stop identified"	category	2	False	X	"=hyperlink(""https://icd.who.int/browse11/l-m/en#/http%3A%2F%2Fid.who.int%2Ficd%2Fentity%2F1434274104"",""browser"")"	True	False					
http://id.who.int/icd/entity/1609625172	http://id.who.int/icd/release/11/mms/1609625172	XE9AV		"- - - - Reset problem with device identified"	category	2	False	X	"=hyperlink(""https://icd.who.int/browse11/l-m/en#/http%3A%2F%2Fid.who.int%2Ficd%2Fentity%2F1609625172"",""browser"")"	True	False					
http://id.who.int/icd/entity/1969341334	http://id.who.int/icd/release/11/mms/1969341334	XE2FY		"- - - - Premature indicator activation problem identified"	category	2	False	X	"=hyperlink(""https://icd.who.int/browse11/l-m/en#/http%3A%2F%2Fid.who.int%2Ficd%2Fentity%2F1969341334"",""browser"")"	True	False					
http://id.who.int/icd/entity/2146198778	http://id.who.int/icd/release/11/mms/2146198778	XE3BG		"- - - - Shielding problem with device identified"	category	2	False	X	"=hyperlink(""https://icd.who.int/browse11/l-m/en#/http%3A%2F%2Fid.who.int%2Ficd%2Fentity%2F2146198778"",""browser"")"	True	False					
http://id.who.int/icd/entity/2135676040	http://id.who.int/icd/release/11/mms/2135676040	XE0M6		"- - - - Missing or inadequate safety measures of device identified"	category	2	False	X	"=hyperlink(""https://icd.who.int/browse11/l-m/en#/http%3A%2F%2Fid.who.int%2Ficd%2Fentity%2F2135676040"",""browser"")"	True	False					
http://id.who.int/icd/entity/1723142947	http://id.who.int/icd/release/11/mms/1723142947	XE82X		"- - - Operational problem with device identified"	category	1	False	X	"=hyperlink(""https://icd.who.int/browse11/l-m/en#/http%3A%2F%2Fid.who.int%2Ficd%2Fentity%2F1723142947"",""browser"")"	False	False					
http://id.who.int/icd/entity/2073905336	http://id.who.int/icd/release/11/mms/2073905336	XE5RS		"- - - - Device incorrectly reprocessed"	category	2	False	X	"=hyperlink(""https://icd.who.int/browse11/l-m/en#/http%3A%2F%2Fid.who.int%2Ficd%2Fentity%2F2073905336"",""browser"")"	False	False					
http://id.who.int/icd/entity/1877624626	http://id.who.int/icd/release/11/mms/1877624626	XE2RQ		"- - - - - Device incorrectly cleaned during reprocessing identified"	category	3	False	X	"=hyperlink(""https://icd.who.int/browse11/l-m/en#/http%3A%2F%2Fid.who.int%2Ficd%2Fentity%2F1877624626"",""browser"")"	True	False					
http://id.who.int/icd/entity/352367425	http://id.who.int/icd/release/11/mms/352367425	XE63T		"- - - - - Device incorrectly disinfected or sterilised during reprocessing identified"	category	3	False	X	"=hyperlink(""https://icd.who.int/browse11/l-m/en#/http%3A%2F%2Fid.who.int%2Ficd%2Fentity%2F352367425"",""browser"")"	True	False					
http://id.who.int/icd/entity/2062617066	http://id.who.int/icd/release/11/mms/2062617066	XE0TU		"- - - - - Device incorrectly assembled during reprocessing identified"	category	3	False	X	"=hyperlink(""https://icd.who.int/browse11/l-m/en#/http%3A%2F%2Fid.who.int%2Ficd%2Fentity%2F2062617066"",""browser"")"	True	False					
http://id.who.int/icd/entity/1688998270	http://id.who.int/icd/release/11/mms/1688998270	XE15Q		"- - - - Failure to calibrate problem identified"	category	2	False	X	"=hyperlink(""https://icd.who.int/browse11/l-m/en#/http%3A%2F%2Fid.who.int%2Ficd%2Fentity%2F1688998270"",""browser"")"	True	False					
http://id.who.int/icd/entity/616638009	http://id.who.int/icd/release/11/mms/616638009	XE3W1		"- - - - Device difficult to operate problem identified"	category	2	False	X	"=hyperlink(""https://icd.who.int/browse11/l-m/en#/http%3A%2F%2Fid.who.int%2Ficd%2Fentity%2F616638009"",""browser"")"	True	False					
http://id.who.int/icd/entity/776765781	http://id.who.int/icd/release/11/mms/776765781	XE2QD		"- - - - Incorrect interpretation of results or data problem identified"	category	2	False	X	"=hyperlink(""https://icd.who.int/browse11/l-m/en#/http%3A%2F%2Fid.who.int%2Ficd%2Fentity%2F776765781"",""browser"")"	True	False					
http://id.who.int/icd/entity/1644725533	http://id.who.int/icd/release/11/mms/1644725533	XE2YD		"- - - Patient sample problem with device identified"	category	1	False	X	"=hyperlink(""https://icd.who.int/browse11/l-m/en#/http%3A%2F%2Fid.who.int%2Ficd%2Fentity%2F1644725533"",""browser"")"	False	False					
http://id.who.int/icd/entity/1789243390	http://id.who.int/icd/release/11/mms/1789243390	XE8DL		"- - - - New or unknown interferent problem with device identified"	category	2	False	X	"=hyperlink(""https://icd.who.int/browse11/l-m/en#/http%3A%2F%2Fid.who.int%2Ficd%2Fentity%2F1789243390"",""browser"")"	True	False					
http://id.who.int/icd/entity/2127732852	http://id.who.int/icd/release/11/mms/2127732852	XE9C0		"- - - - Known interferent problem with device identified"	category	2	False	X	"=hyperlink(""https://icd.who.int/browse11/l-m/en#/http%3A%2F%2Fid.who.int%2Ficd%2Fentity%2F2127732852"",""browser"")"	True	False					
http://id.who.int/icd/entity/874708321	http://id.who.int/icd/release/11/mms/874708321	XE83B		"- - - - Pre-analytical handling problem with device identified"	category	2	False	X	"=hyperlink(""https://icd.who.int/browse11/l-m/en#/http%3A%2F%2Fid.who.int%2Ficd%2Fentity%2F874708321"",""browser"")"	True	False					
http://id.who.int/icd/entity/165878268	http://id.who.int/icd/release/11/mms/165878268	XE3AL		"- - - Environment problem with device identified"	category	1	False	X	"=hyperlink(""https://icd.who.int/browse11/l-m/en#/http%3A%2F%2Fid.who.int%2Ficd%2Fentity%2F165878268"",""browser"")"	False	False					
http://id.who.int/icd/entity/1160376108	http://id.who.int/icd/release/11/mms/1160376108	XE5K2		"- - - - Environmental temperature problem with device identified"	category	2	False	X	"=hyperlink(""https://icd.who.int/browse11/l-m/en#/http%3A%2F%2Fid.who.int%2Ficd%2Fentity%2F1160376108"",""browser"")"	True	False					
http://id.who.int/icd/entity/523921761	http://id.who.int/icd/release/11/mms/523921761	XE9HK		"- - - - Dust or dirt problem with device identified"	category	2	False	X	"=hyperlink(""https://icd.who.int/browse11/l-m/en#/http%3A%2F%2Fid.who.int%2Ficd%2Fentity%2F523921761"",""browser"")"	True	False					
http://id.who.int/icd/entity/189621993	http://id.who.int/icd/release/11/mms/189621993	XE2VF		"- - - - Contamination of environment by device identified"	category	2	False	X	"=hyperlink(""https://icd.who.int/browse11/l-m/en#/http%3A%2F%2Fid.who.int%2Ficd%2Fentity%2F189621993"",""browser"")"	True	False					
http://id.who.int/icd/entity/1855376222	http://id.who.int/icd/release/11/mms/1855376222	XE6QW		"- - - - Environmental pressure problem with device identified"	category	2	False	X	"=hyperlink(""https://icd.who.int/browse11/l-m/en#/http%3A%2F%2Fid.who.int%2Ficd%2Fentity%2F1855376222"",""browser"")"	True	False					
http://id.who.int/icd/entity/1114598759	http://id.who.int/icd/release/11/mms/1114598759	XE5SF		"- - - - Ambient light problem with device identified"	category	2	False	X	"=hyperlink(""https://icd.who.int/browse11/l-m/en#/http%3A%2F%2Fid.who.int%2Ficd%2Fentity%2F1114598759"",""browser"")"	True	False					
http://id.who.int/icd/entity/1222822411	http://id.who.int/icd/release/11/mms/1222822411	XE4V1		"- - - - Environmental humidity problem with device identified"	category	2	False	X	"=hyperlink(""https://icd.who.int/browse11/l-m/en#/http%3A%2F%2Fid.who.int%2Ficd%2Fentity%2F1222822411"",""browser"")"	True	False					
http://id.who.int/icd/entity/224300996	http://id.who.int/icd/release/11/mms/224300996	XE205		"- - - Manufacturing process problem with device identified"	category	1	False	X	"=hyperlink(""https://icd.who.int/browse11/l-m/en#/http%3A%2F%2Fid.who.int%2Ficd%2Fentity%2F224300996"",""browser"")"	False	False					
http://id.who.int/icd/entity/1769470311	http://id.who.int/icd/release/11/mms/1769470311	XE3NF		"- - - - Assembly problem with device identified"	category	2	False	X	"=hyperlink(""https://icd.who.int/browse11/l-m/en#/http%3A%2F%2Fid.who.int%2Ficd%2Fentity%2F1769470311"",""browser"")"	True	False					
http://id.who.int/icd/entity/2097215215	http://id.who.int/icd/release/11/mms/2097215215	XE00F		"- - - - Sterilization problem with device identified"	category	2	False	X	"=hyperlink(""https://icd.who.int/browse11/l-m/en#/http%3A%2F%2Fid.who.int%2Ficd%2Fentity%2F2097215215"",""browser"")"	True	False					
http://id.who.int/icd/entity/417028954	http://id.who.int/icd/release/11/mms/417028954	XE1PG		"- - - - Installation problem with device identified"	category	2	False	X	"=hyperlink(""https://icd.who.int/browse11/l-m/en#/http%3A%2F%2Fid.who.int%2Ficd%2Fentity%2F417028954"",""browser"")"	True	False					
http://id.who.int/icd/entity/938519546	http://id.who.int/icd/release/11/mms/938519546	XE843		"- - - - Maintenance of manufacturing machinery problem with device identified"	category	2	False	X	"=hyperlink(""https://icd.who.int/browse11/l-m/en#/http%3A%2F%2Fid.who.int%2Ficd%2Fentity%2F938519546"",""browser"")"	True	False					
http://id.who.int/icd/entity/1031605398	http://id.who.int/icd/release/11/mms/1031605398	XE278		"- - - - Packaging problem with device identified"	category	2	False	X	"=hyperlink(""https://icd.who.int/browse11/l-m/en#/http%3A%2F%2Fid.who.int%2Ficd%2Fentity%2F1031605398"",""browser"")"	False	False					
http://id.who.int/icd/entity/401351000	http://id.who.int/icd/release/11/mms/401351000	XE9F7		"- - - - - Packaging of device compromised problem identified"	category	3	False	X	"=hyperlink(""https://icd.who.int/browse11/l-m/en#/http%3A%2F%2Fid.who.int%2Ficd%2Fentity%2F401351000"",""browser"")"	True	False					
http://id.who.int/icd/entity/492930620	http://id.who.int/icd/release/11/mms/492930620	XE0KG		"- - - - - Packaging materials of device problem identified"	category	3	False	X	"=hyperlink(""https://icd.who.int/browse11/l-m/en#/http%3A%2F%2Fid.who.int%2Ficd%2Fentity%2F492930620"",""browser"")"	True	False					
http://id.who.int/icd/entity/499529290	http://id.who.int/icd/release/11/mms/499529290	XE8S1		"- - - - - Packaging of device contains unintended material problem identified"	category	3	False	X	"=hyperlink(""https://icd.who.int/browse11/l-m/en#/http%3A%2F%2Fid.who.int%2Ficd%2Fentity%2F499529290"",""browser"")"	True	False					
http://id.who.int/icd/entity/77265656	http://id.who.int/icd/release/11/mms/77265656	XE8TA		"- - - - - Packaging contains incorrect device problem identified"	category	3	False	X	"=hyperlink(""https://icd.who.int/browse11/l-m/en#/http%3A%2F%2Fid.who.int%2Ficd%2Fentity%2F77265656"",""browser"")"	True	False					
http://id.who.int/icd/entity/1191797409	http://id.who.int/icd/release/11/mms/1191797409	XE6LZ		"- - - Maintenance problem with device identified"	category	1	False	X	"=hyperlink(""https://icd.who.int/browse11/l-m/en#/http%3A%2F%2Fid.who.int%2Ficd%2Fentity%2F1191797409"",""browser"")"	True	False					
http://id.who.int/icd/entity/1400794409	http://id.who.int/icd/release/11/mms/1400794409	XE9VK		"- - - Transport or storage problem with device identified"	category	1	False	X	"=hyperlink(""https://icd.who.int/browse11/l-m/en#/http%3A%2F%2Fid.who.int%2Ficd%2Fentity%2F1400794409"",""browser"")"	False	False					
http://id.who.int/icd/entity/75432552	http://id.who.int/icd/release/11/mms/75432552	XE32G		"- - - - Storage of device problem identified"	category	2	False	X	"=hyperlink(""https://icd.who.int/browse11/l-m/en#/http%3A%2F%2Fid.who.int%2Ficd%2Fentity%2F75432552"",""browser"")"	True	False					
http://id.who.int/icd/entity/697604442	http://id.who.int/icd/release/11/mms/697604442	XE41R		"- - - No device problem found"	category	1	False	X	"=hyperlink(""https://icd.who.int/browse11/l-m/en#/http%3A%2F%2Fid.who.int%2Ficd%2Fentity%2F697604442"",""browser"")"	True	False					
http://id.who.int/icd/entity/1181033457	http://id.who.int/icd/release/11/mms/1181033457	XE587		"- - - No findings available"	category	1	False	X	"=hyperlink(""https://icd.who.int/browse11/l-m/en#/http%3A%2F%2Fid.who.int%2Ficd%2Fentity%2F1181033457"",""browser"")"	True	False					
http://id.who.int/icd/entity/599690820	http://id.who.int/icd/release/11/mms/599690820	XE3PA		"- - - Results pending completion of investigation"	category	1	False	X	"=hyperlink(""https://icd.who.int/browse11/l-m/en#/http%3A%2F%2Fid.who.int%2Ficd%2Fentity%2F599690820"",""browser"")"	True	False					
http://id.who.int/icd/entity/542954593	http://id.who.int/icd/release/11/mms/542954593	XE3WR		"- - - Appropriate term or code for investigation of device not available"	category	1	False	X	"=hyperlink(""https://icd.who.int/browse11/l-m/en#/http%3A%2F%2Fid.who.int%2Ficd%2Fentity%2F542954593"",""browser"")"	True	False					
http://id.who.int/icd/entity/816331286	http://id.who.int/icd/release/11/mms/816331286			"- - Cause investigation and type of investigation"	block	2	False	X	"=hyperlink(""https://icd.who.int/browse11/l-m/en#/http%3A%2F%2Fid.who.int%2Ficd%2Fentity%2F816331286"",""browser"")"	False						
http://id.who.int/icd/entity/1895596675	http://id.who.int/icd/release/11/mms/1895596675	XE9HD		"- - - Testing of actual or suspected device"	category	1	False	X	"=hyperlink(""https://icd.who.int/browse11/l-m/en#/http%3A%2F%2Fid.who.int%2Ficd%2Fentity%2F1895596675"",""browser"")"	True	False					
http://id.who.int/icd/entity/269680842	http://id.who.int/icd/release/11/mms/269680842	XE7XH		"- - - Testing of device from same lot or batch retained by manufacturer"	category	1	False	X	"=hyperlink(""https://icd.who.int/browse11/l-m/en#/http%3A%2F%2Fid.who.int%2Ficd%2Fentity%2F269680842"",""browser"")"	True	False					
http://id.who.int/icd/entity/171914268	http://id.who.int/icd/release/11/mms/171914268	XE4S0		"- - - Testing of device from same lot batch returned from user"	category	1	False	X	"=hyperlink(""https://icd.who.int/browse11/l-m/en#/http%3A%2F%2Fid.who.int%2Ficd%2Fentity%2F171914268"",""browser"")"	True	False					
http://id.who.int/icd/entity/1601225299	http://id.who.int/icd/release/11/mms/1601225299	XE2ZR		"- - - Testing of device from other lot batch retained by manufacturer"	category	1	False	X	"=hyperlink(""https://icd.who.int/browse11/l-m/en#/http%3A%2F%2Fid.who.int%2Ficd%2Fentity%2F1601225299"",""browser"")"	True	False					
http://id.who.int/icd/entity/1796949879	http://id.who.int/icd/release/11/mms/1796949879	XE4X1		"- - - Testing of device from other lot or batch returned from user"	category	1	False	X	"=hyperlink(""https://icd.who.int/browse11/l-m/en#/http%3A%2F%2Fid.who.int%2Ficd%2Fentity%2F1796949879"",""browser"")"	True	False					
http://id.who.int/icd/entity/1886547997	http://id.who.int/icd/release/11/mms/1886547997	XE1XT		"- - - Testing of model variant"	category	1	False	X	"=hyperlink(""https://icd.who.int/browse11/l-m/en#/http%3A%2F%2Fid.who.int%2Ficd%2Fentity%2F1886547997"",""browser"")"	True	False					
http://id.who.int/icd/entity/1851043771	http://id.who.int/icd/release/11/mms/1851043771	XE8XV		"- - - Testing of raw or starting materials"	category	1	False	X	"=hyperlink(""https://icd.who.int/browse11/l-m/en#/http%3A%2F%2Fid.who.int%2Ficd%2Fentity%2F1851043771"",""browser"")"	True	False					
http://id.who.int/icd/entity/613265472	http://id.who.int/icd/release/11/mms/613265472	XE6FS		"- - - Testing of patient sample or reference material using manufacturer's device"	category	1	False	X	"=hyperlink(""https://icd.who.int/browse11/l-m/en#/http%3A%2F%2Fid.who.int%2Ficd%2Fentity%2F613265472"",""browser"")"	True	False					
http://id.who.int/icd/entity/191560350	http://id.who.int/icd/release/11/mms/191560350	XE9MY		"- - - Testing of patient sample or reference material using reference method"	category	1	False	X	"=hyperlink(""https://icd.who.int/browse11/l-m/en#/http%3A%2F%2Fid.who.int%2Ficd%2Fentity%2F191560350"",""browser"")"	True	False					
http://id.who.int/icd/entity/264005294	http://id.who.int/icd/release/11/mms/264005294	XE89L		"- - - Testing of patient sample or reference material using competitor's device"	category	1	False	X	"=hyperlink(""https://icd.who.int/browse11/l-m/en#/http%3A%2F%2Fid.who.int%2Ficd%2Fentity%2F264005294"",""browser"")"	True	False					
http://id.who.int/icd/entity/1315006457	http://id.who.int/icd/release/11/mms/1315006457	XE8UH		"- - - Historical data analysis"	category	1	False	X	"=hyperlink(""https://icd.who.int/browse11/l-m/en#/http%3A%2F%2Fid.who.int%2Ficd%2Fentity%2F1315006457"",""browser"")"	True	False					
http://id.who.int/icd/entity/2119339123	http://id.who.int/icd/release/11/mms/2119339123	XE8BM		"- - - Trend analysis"	category	1	False	X	"=hyperlink(""https://icd.who.int/browse11/l-m/en#/http%3A%2F%2Fid.who.int%2Ficd%2Fentity%2F2119339123"",""browser"")"	True	False					
http://id.who.int/icd/entity/762101655	http://id.who.int/icd/release/11/mms/762101655	XE7GK		"- - - Communication or interviews"	category	1	False	X	"=hyperlink(""https://icd.who.int/browse11/l-m/en#/http%3A%2F%2Fid.who.int%2Ficd%2Fentity%2F762101655"",""browser"")"	True	False					
http://id.who.int/icd/entity/669063419	http://id.who.int/icd/release/11/mms/669063419	XE4KV		"- - - Analysis of production records"	category	1	False	X	"=hyperlink(""https://icd.who.int/browse11/l-m/en#/http%3A%2F%2Fid.who.int%2Ficd%2Fentity%2F669063419"",""browser"")"	True	False					
http://id.who.int/icd/entity/411992947	http://id.who.int/icd/release/11/mms/411992947	XE59M		"- - - Analysis of data provided by user or third party"	category	1	False	X	"=hyperlink(""https://icd.who.int/browse11/l-m/en#/http%3A%2F%2Fid.who.int%2Ficd%2Fentity%2F411992947"",""browser"")"	True	False					
http://id.who.int/icd/entity/672848009	http://id.who.int/icd/release/11/mms/672848009	XE8FB		"- - - Device not manufactured by reporting manufacturer"	category	1	False	X	"=hyperlink(""https://icd.who.int/browse11/l-m/en#/http%3A%2F%2Fid.who.int%2Ficd%2Fentity%2F672848009"",""browser"")"	True	False					
http://id.who.int/icd/entity/1119111122	http://id.who.int/icd/release/11/mms/1119111122	XE970		"- - - Device not returned"	category	1	False	X	"=hyperlink(""https://icd.who.int/browse11/l-m/en#/http%3A%2F%2Fid.who.int%2Ficd%2Fentity%2F1119111122"",""browser"")"	True	False					
http://id.who.int/icd/entity/1735989778	http://id.who.int/icd/release/11/mms/1735989778	XE18W		"- - - Device discarded"	category	1	False	X	"=hyperlink(""https://icd.who.int/browse11/l-m/en#/http%3A%2F%2Fid.who.int%2Ficd%2Fentity%2F1735989778"",""browser"")"	True	False					
http://id.who.int/icd/entity/1222383662	http://id.who.int/icd/release/11/mms/1222383662	XE5AN		"- - - Incomplete device returned"	category	1	False	X	"=hyperlink(""https://icd.who.int/browse11/l-m/en#/http%3A%2F%2Fid.who.int%2Ficd%2Fentity%2F1222383662"",""browser"")"	True	False					
http://id.who.int/icd/entity/234801061	http://id.who.int/icd/release/11/mms/234801061	XE53L		"- - - Device not accessible for testing"	category	1	False	X	"=hyperlink(""https://icd.who.int/browse11/l-m/en#/http%3A%2F%2Fid.who.int%2Ficd%2Fentity%2F234801061"",""browser"")"	True	False					
http://id.who.int/icd/entity/1938827834	http://id.who.int/icd/release/11/mms/1938827834	XE6Q2		"- - - Type of investigation not yet determined"	category	1	False	X	"=hyperlink(""https://icd.who.int/browse11/l-m/en#/http%3A%2F%2Fid.who.int%2Ficd%2Fentity%2F1938827834"",""browser"")"	True	False					
http://id.who.int/icd/entity/1508179816	http://id.who.int/icd/release/11/mms/1508179816	XE3TW		"- - - Insufficient information available"	category	1	False	X	"=hyperlink(""https://icd.who.int/browse11/l-m/en#/http%3A%2F%2Fid.who.int%2Ficd%2Fentity%2F1508179816"",""browser"")"	True	False					
http://id.who.int/icd/entity/1433065969	http://id.who.int/icd/release/11/mms/1433065969			"- - Medical device component"	block	2	False	X	"=hyperlink(""https://icd.who.int/browse11/l-m/en#/http%3A%2F%2Fid.who.int%2Ficd%2Fentity%2F1433065969"",""browser"")"	False						
http://id.who.int/icd/entity/273155706	http://id.who.int/icd/release/11/mms/273155706			"- - - Biological and chemical medical device component"	block	3	False	X	"=hyperlink(""https://icd.who.int/browse11/l-m/en#/http%3A%2F%2Fid.who.int%2Ficd%2Fentity%2F273155706"",""browser"")"	False						
http://id.who.int/icd/entity/2061932833	http://id.who.int/icd/release/11/mms/2061932833	XE8XD		"- - - - Absorber component of medical device"	category	1	False	X	"=hyperlink(""https://icd.who.int/browse11/l-m/en#/http%3A%2F%2Fid.who.int%2Ficd%2Fentity%2F2061932833"",""browser"")"	True	False					
http://id.who.int/icd/entity/1351765105	http://id.who.int/icd/release/11/mms/1351765105	XE6Z7		"- - - - Cautery tip component of medical device"	category	1	False	X	"=hyperlink(""https://icd.who.int/browse11/l-m/en#/http%3A%2F%2Fid.who.int%2Ficd%2Fentity%2F1351765105"",""browser"")"	True	False					
http://id.who.int/icd/entity/2047041969	http://id.who.int/icd/release/11/mms/2047041969	XE7JR		"- - - - Device ingredient or reagent component of medical device"	category	1	False	X	"=hyperlink(""https://icd.who.int/browse11/l-m/en#/http%3A%2F%2Fid.who.int%2Ficd%2Fentity%2F2047041969"",""browser"")"	True	False					
http://id.who.int/icd/entity/1888405213	http://id.who.int/icd/release/11/mms/1888405213	XE8HT		"- - - - Gas scavenging component of medical device"	category	1	False	X	"=hyperlink(""https://icd.who.int/browse11/l-m/en#/http%3A%2F%2Fid.who.int%2Ficd%2Fentity%2F1888405213"",""browser"")"	True	False					
http://id.who.int/icd/entity/1881765549	http://id.who.int/icd/release/11/mms/1881765549	XE4VK		"- - - - Monomer liquid component of medical device"	category	1	False	X	"=hyperlink(""https://icd.who.int/browse11/l-m/en#/http%3A%2F%2Fid.who.int%2Ficd%2Fentity%2F1881765549"",""browser"")"	True	False					
http://id.who.int/icd/entity/1769323025	http://id.who.int/icd/release/11/mms/1769323025	XE68H		"- - - - Test strip component of medical device"	category	1	False	X	"=hyperlink(""https://icd.who.int/browse11/l-m/en#/http%3A%2F%2Fid.who.int%2Ficd%2Fentity%2F1769323025"",""browser"")"	True	False					
http://id.who.int/icd/entity/1203566975	http://id.who.int/icd/release/11/mms/1203566975	XE7WP		"- - - - Polymer powder component of medical device"	category	1	False	X	"=hyperlink(""https://icd.who.int/browse11/l-m/en#/http%3A%2F%2Fid.who.int%2Ficd%2Fentity%2F1203566975"",""browser"")"	True	False					
http://id.who.int/icd/entity/739585402	http://id.who.int/icd/release/11/mms/739585402			"- - - Electrical and magnetic medical device component"	block	3	False	X	"=hyperlink(""https://icd.who.int/browse11/l-m/en#/http%3A%2F%2Fid.who.int%2Ficd%2Fentity%2F739585402"",""browser"")"	False						
http://id.who.int/icd/entity/107083816	http://id.who.int/icd/release/11/mms/107083816	XE321		"- - - - Antenna component of medical device"	category	1	False	X	"=hyperlink(""https://icd.who.int/browse11/l-m/en#/http%3A%2F%2Fid.who.int%2Ficd%2Fentity%2F107083816"",""browser"")"	True	False					
http://id.who.int/icd/entity/868322348	http://id.who.int/icd/release/11/mms/868322348	XE3WM		"- - - - Battery component of medical device"	category	1	False	X	"=hyperlink(""https://icd.who.int/browse11/l-m/en#/http%3A%2F%2Fid.who.int%2Ficd%2Fentity%2F868322348"",""browser"")"	True	False					
http://id.who.int/icd/entity/2039898441	http://id.who.int/icd/release/11/mms/2039898441	XE80Z		"- - - - Battery charger component of medical device"	category	1	False	X	"=hyperlink(""https://icd.who.int/browse11/l-m/en#/http%3A%2F%2Fid.who.int%2Ficd%2Fentity%2F2039898441"",""browser"")"	True	False					
http://id.who.int/icd/entity/375905248	http://id.who.int/icd/release/11/mms/375905248	XE7JQ		"- - - - Cable, electrical component of medical device"	category	1	False	X	"=hyperlink(""https://icd.who.int/browse11/l-m/en#/http%3A%2F%2Fid.who.int%2Ficd%2Fentity%2F375905248"",""browser"")"	False	False					
http://id.who.int/icd/entity/1502276581	http://id.who.int/icd/release/11/mms/1502276581	XE77B		"- - - - - Cable grip component of medical device"	category	2	False	X	"=hyperlink(""https://icd.who.int/browse11/l-m/en#/http%3A%2F%2Fid.who.int%2Ficd%2Fentity%2F1502276581"",""browser"")"	True	False					
http://id.who.int/icd/entity/58496312	http://id.who.int/icd/release/11/mms/58496312	XE2BS		"- - - - - Cable sleeve component of medical device"	category	2	False	X	"=hyperlink(""https://icd.who.int/browse11/l-m/en#/http%3A%2F%2Fid.who.int%2Ficd%2Fentity%2F58496312"",""browser"")"	True	False					
http://id.who.int/icd/entity/920445244	http://id.who.int/icd/release/11/mms/920445244	XE2WY		"- - - - Circuit board component of medical device"	category	1	False	X	"=hyperlink(""https://icd.who.int/browse11/l-m/en#/http%3A%2F%2Fid.who.int%2Ficd%2Fentity%2F920445244"",""browser"")"	True	False					
http://id.who.int/icd/entity/942712620	http://id.who.int/icd/release/11/mms/942712620	XE5BT		"- - - - Circuit breaker component of medical device"	category	1	False	X	"=hyperlink(""https://icd.who.int/browse11/l-m/en#/http%3A%2F%2Fid.who.int%2Ficd%2Fentity%2F942712620"",""browser"")"	True	False					
http://id.who.int/icd/entity/851247168	http://id.who.int/icd/release/11/mms/851247168	XE2ZE		"- - - - Computer hardware component of medical device"	category	1	False	X	"=hyperlink(""https://icd.who.int/browse11/l-m/en#/http%3A%2F%2Fid.who.int%2Ficd%2Fentity%2F851247168"",""browser"")"	False	False					
http://id.who.int/icd/entity/953507772	http://id.who.int/icd/release/11/mms/953507772	XE3Q8		"- - - - - Computer processor component of medical device"	category	2	False	X	"=hyperlink(""https://icd.who.int/browse11/l-m/en#/http%3A%2F%2Fid.who.int%2Ficd%2Fentity%2F953507772"",""browser"")"	True	False					
http://id.who.int/icd/entity/1646469473	http://id.who.int/icd/release/11/mms/1646469473	XE1JS		"- - - - - Memory or storage component of medical device"	category	2	False	X	"=hyperlink(""https://icd.who.int/browse11/l-m/en#/http%3A%2F%2Fid.who.int%2Ficd%2Fentity%2F1646469473"",""browser"")"	True	False					
http://id.who.int/icd/entity/133729492	http://id.who.int/icd/release/11/mms/133729492	XE2YC		"- - - - - Network interface component of medical device"	category	2	False	X	"=hyperlink(""https://icd.who.int/browse11/l-m/en#/http%3A%2F%2Fid.who.int%2Ficd%2Fentity%2F133729492"",""browser"")"	True	False					
http://id.who.int/icd/entity/1026411068	http://id.who.int/icd/release/11/mms/1026411068	XE8UU		"- - - - Computer software component of medical device"	category	1	False	X	"=hyperlink(""https://icd.who.int/browse11/l-m/en#/http%3A%2F%2Fid.who.int%2Ficd%2Fentity%2F1026411068"",""browser"")"	False	False					
http://id.who.int/icd/entity/391716718	http://id.who.int/icd/release/11/mms/391716718	XE59Z		"- - - - - Computer software driver component of medical device"	category	2	False	X	"=hyperlink(""https://icd.who.int/browse11/l-m/en#/http%3A%2F%2Fid.who.int%2Ficd%2Fentity%2F391716718"",""browser"")"	True	False					
http://id.who.int/icd/entity/1036530348	http://id.who.int/icd/release/11/mms/1036530348	XE2JQ		"- - - - - Software interface component of medical device"	category	2	False	X	"=hyperlink(""https://icd.who.int/browse11/l-m/en#/http%3A%2F%2Fid.who.int%2Ficd%2Fentity%2F1036530348"",""browser"")"	True	False					
http://id.who.int/icd/entity/927307200	http://id.who.int/icd/release/11/mms/927307200	XE8V6		"- - - - - User interface component of medical device"	category	2	False	X	"=hyperlink(""https://icd.who.int/browse11/l-m/en#/http%3A%2F%2Fid.who.int%2Ficd%2Fentity%2F927307200"",""browser"")"	True	False					
http://id.who.int/icd/entity/572298234	http://id.who.int/icd/release/11/mms/572298234	XE7P0		"- - - - Cooling module component of medical device"	category	1	False	X	"=hyperlink(""https://icd.who.int/browse11/l-m/en#/http%3A%2F%2Fid.who.int%2Ficd%2Fentity%2F572298234"",""browser"")"	True	False					
http://id.who.int/icd/entity/570345949	http://id.who.int/icd/release/11/mms/570345949	XE8UV		"- - - - Device programmer component of medical device"	category	1	False	X	"=hyperlink(""https://icd.who.int/browse11/l-m/en#/http%3A%2F%2Fid.who.int%2Ficd%2Fentity%2F570345949"",""browser"")"	True	False					
http://id.who.int/icd/entity/728985265	http://id.who.int/icd/release/11/mms/728985265	XE033		"- - - - Device reader component of medical device"	category	1	False	X	"=hyperlink(""https://icd.who.int/browse11/l-m/en#/http%3A%2F%2Fid.who.int%2Ficd%2Fentity%2F728985265"",""browser"")"	True	False					
http://id.who.int/icd/entity/887457541	http://id.who.int/icd/release/11/mms/887457541	XE6UE		"- - - - Discrete electrical component of medical device"	category	1	False	X	"=hyperlink(""https://icd.who.int/browse11/l-m/en#/http%3A%2F%2Fid.who.int%2Ficd%2Fentity%2F887457541"",""browser"")"	False	False					
http://id.who.int/icd/entity/191882269	http://id.who.int/icd/release/11/mms/191882269	XE845		"- - - - - Electrical capacitor component of medical device"	category	2	False	X	"=hyperlink(""https://icd.who.int/browse11/l-m/en#/http%3A%2F%2Fid.who.int%2Ficd%2Fentity%2F191882269"",""browser"")"	True	False					
http://id.who.int/icd/entity/1053790233	http://id.who.int/icd/release/11/mms/1053790233	XE38E		"- - - - - Electrical fuse component of medical device"	category	2	False	X	"=hyperlink(""https://icd.who.int/browse11/l-m/en#/http%3A%2F%2Fid.who.int%2Ficd%2Fentity%2F1053790233"",""browser"")"	True	False					
http://id.who.int/icd/entity/1956150652	http://id.who.int/icd/release/11/mms/1956150652	XE1UQ		"- - - - - Electrical inductor component of medical device"	category	2	False	X	"=hyperlink(""https://icd.who.int/browse11/l-m/en#/http%3A%2F%2Fid.who.int%2Ficd%2Fentity%2F1956150652"",""browser"")"	True	False					
http://id.who.int/icd/entity/459917269	http://id.who.int/icd/release/11/mms/459917269	XE2AJ		"- - - - - Electrical resistor component of medical device"	category	2	False	X	"=hyperlink(""https://icd.who.int/browse11/l-m/en#/http%3A%2F%2Fid.who.int%2Ficd%2Fentity%2F459917269"",""browser"")"	True	False					
http://id.who.int/icd/entity/1635988388	http://id.who.int/icd/release/11/mms/1635988388	XE4VJ		"- - - - - Electrical solenoid component of medical device"	category	2	False	X	"=hyperlink(""https://icd.who.int/browse11/l-m/en#/http%3A%2F%2Fid.who.int%2Ficd%2Fentity%2F1635988388"",""browser"")"	True	False					
http://id.who.int/icd/entity/1330278602	http://id.who.int/icd/release/11/mms/1330278602	XE018		"- - - - - Electrical transducer component of medical device"	category	2	False	X	"=hyperlink(""https://icd.who.int/browse11/l-m/en#/http%3A%2F%2Fid.who.int%2Ficd%2Fentity%2F1330278602"",""browser"")"	True	False					
http://id.who.int/icd/entity/714202495	http://id.who.int/icd/release/11/mms/714202495	XE27R		"- - - - - Electrical semiconductor component of medical device"	category	2	False	X	"=hyperlink(""https://icd.who.int/browse11/l-m/en#/http%3A%2F%2Fid.who.int%2Ficd%2Fentity%2F714202495"",""browser"")"	True	False					
http://id.who.int/icd/entity/1169952916	http://id.who.int/icd/release/11/mms/1169952916	XE9ZW		"- - - - Integrated circuit chip component of medical device"	category	1	False	X	"=hyperlink(""https://icd.who.int/browse11/l-m/en#/http%3A%2F%2Fid.who.int%2Ficd%2Fentity%2F1169952916"",""browser"")"	True	False					
http://id.who.int/icd/entity/1328658424	http://id.who.int/icd/release/11/mms/1328658424	XE8GY		"- - - - Display component of medical device"	category	1	False	X	"=hyperlink(""https://icd.who.int/browse11/l-m/en#/http%3A%2F%2Fid.who.int%2Ficd%2Fentity%2F1328658424"",""browser"")"	False	False					
http://id.who.int/icd/entity/354562485	http://id.who.int/icd/release/11/mms/354562485	XE4YD		"- - - - - Display indicator component of medical device"	category	2	False	X	"=hyperlink(""https://icd.who.int/browse11/l-m/en#/http%3A%2F%2Fid.who.int%2Ficd%2Fentity%2F354562485"",""browser"")"	True	False					
http://id.who.int/icd/entity/531601113	http://id.who.int/icd/release/11/mms/531601113	XE2JV		"- - - - - Display screen component of medical device"	category	2	False	X	"=hyperlink(""https://icd.who.int/browse11/l-m/en#/http%3A%2F%2Fid.who.int%2Ficd%2Fentity%2F531601113"",""browser"")"	True	False					
http://id.who.int/icd/entity/2054437740	http://id.who.int/icd/release/11/mms/2054437740	XE59E		"- - - - Electrical lead or wire component of medical device"	category	1	False	X	"=hyperlink(""https://icd.who.int/browse11/l-m/en#/http%3A%2F%2Fid.who.int%2Ficd%2Fentity%2F2054437740"",""browser"")"	False	False					
http://id.who.int/icd/entity/282764341	http://id.who.int/icd/release/11/mms/282764341	XE5U9		"- - - - - Electrode component of medical device"	category	2	False	X	"=hyperlink(""https://icd.who.int/browse11/l-m/en#/http%3A%2F%2Fid.who.int%2Ficd%2Fentity%2F282764341"",""browser"")"	True	False					
http://id.who.int/icd/entity/441910105	http://id.who.int/icd/release/11/mms/441910105	XE561		"- - - - - Ground strap or wire component of medical device"	category	2	False	X	"=hyperlink(""https://icd.who.int/browse11/l-m/en#/http%3A%2F%2Fid.who.int%2Ficd%2Fentity%2F441910105"",""browser"")"	True	False					
http://id.who.int/icd/entity/818294425	http://id.who.int/icd/release/11/mms/818294425	XE753		"- - - - - Wiring harness component of medical device"	category	2	False	X	"=hyperlink(""https://icd.who.int/browse11/l-m/en#/http%3A%2F%2Fid.who.int%2Ficd%2Fentity%2F818294425"",""browser"")"	True	False					
http://id.who.int/icd/entity/1254695544	http://id.who.int/icd/release/11/mms/1254695544	XE6S4		"- - - - Electrical mixer component of medical device"	category	1	False	X	"=hyperlink(""https://icd.who.int/browse11/l-m/en#/http%3A%2F%2Fid.who.int%2Ficd%2Fentity%2F1254695544"",""browser"")"	True	False					
http://id.who.int/icd/entity/789745613	http://id.who.int/icd/release/11/mms/789745613	XE0Y5		"- - - - Electrical port component of medical device"	category	1	False	X	"=hyperlink(""https://icd.who.int/browse11/l-m/en#/http%3A%2F%2Fid.who.int%2Ficd%2Fentity%2F789745613"",""browser"")"	True	False					
http://id.who.int/icd/entity/921496964	http://id.who.int/icd/release/11/mms/921496964	XE2PX		"- - - - Emitter component of medical device"	category	1	False	X	"=hyperlink(""https://icd.who.int/browse11/l-m/en#/http%3A%2F%2Fid.who.int%2Ficd%2Fentity%2F921496964"",""browser"")"	True	False					
http://id.who.int/icd/entity/1013009136	http://id.who.int/icd/release/11/mms/1013009136	XE5GC		"- - - - Headphone or headset component of medical device"	category	1	False	X	"=hyperlink(""https://icd.who.int/browse11/l-m/en#/http%3A%2F%2Fid.who.int%2Ficd%2Fentity%2F1013009136"",""browser"")"	True	False					
http://id.who.int/icd/entity/603431772	http://id.who.int/icd/release/11/mms/603431772	XE9TB		"- - - - Heater component of medical device"	category	1	False	X	"=hyperlink(""https://icd.who.int/browse11/l-m/en#/http%3A%2F%2Fid.who.int%2Ficd%2Fentity%2F603431772"",""browser"")"	True	False					
http://id.who.int/icd/entity/695862328	http://id.who.int/icd/release/11/mms/695862328	XE713		"- - - - Hub component of medical device"	category	1	False	X	"=hyperlink(""https://icd.who.int/browse11/l-m/en#/http%3A%2F%2Fid.who.int%2Ficd%2Fentity%2F695862328"",""browser"")"	True	False					
http://id.who.int/icd/entity/1759858049	http://id.who.int/icd/release/11/mms/1759858049	XE8JV		"- - - - Inverter component of medical device"	category	1	False	X	"=hyperlink(""https://icd.who.int/browse11/l-m/en#/http%3A%2F%2Fid.who.int%2Ficd%2Fentity%2F1759858049"",""browser"")"	True	False					
http://id.who.int/icd/entity/582131940	http://id.who.int/icd/release/11/mms/582131940	XE4BN		"- - - - Magnet component of medical device"	category	1	False	X	"=hyperlink(""https://icd.who.int/browse11/l-m/en#/http%3A%2F%2Fid.who.int%2Ficd%2Fentity%2F582131940"",""browser"")"	True	False					
http://id.who.int/icd/entity/918925166	http://id.who.int/icd/release/11/mms/918925166	XE7YS		"- - - - Oscillator component of medical device"	category	1	False	X	"=hyperlink(""https://icd.who.int/browse11/l-m/en#/http%3A%2F%2Fid.who.int%2Ficd%2Fentity%2F918925166"",""browser"")"	True	False					
http://id.who.int/icd/entity/1278171933	http://id.who.int/icd/release/11/mms/1278171933	XE525		"- - - - Patient lead component of medical device"	category	1	False	X	"=hyperlink(""https://icd.who.int/browse11/l-m/en#/http%3A%2F%2Fid.who.int%2Ficd%2Fentity%2F1278171933"",""browser"")"	False	False					
http://id.who.int/icd/entity/1226536163	http://id.who.int/icd/release/11/mms/1226536163	XE7F1		"- - - - - Lead conductor component of medical device"	category	2	False	X	"=hyperlink(""https://icd.who.int/browse11/l-m/en#/http%3A%2F%2Fid.who.int%2Ficd%2Fentity%2F1226536163"",""browser"")"	True	False					
http://id.who.int/icd/entity/750836054	http://id.who.int/icd/release/11/mms/750836054	XE25C		"- - - - - Patient electrode component of medical device"	category	2	False	X	"=hyperlink(""https://icd.who.int/browse11/l-m/en#/http%3A%2F%2Fid.who.int%2Ficd%2Fentity%2F750836054"",""browser"")"	True	False					
http://id.who.int/icd/entity/889998536	http://id.who.int/icd/release/11/mms/889998536	XE4XJ		"- - - - Power cord component of medical device"	category	1	False	X	"=hyperlink(""https://icd.who.int/browse11/l-m/en#/http%3A%2F%2Fid.who.int%2Ficd%2Fentity%2F889998536"",""browser"")"	True	False					
http://id.who.int/icd/entity/1065479084	http://id.who.int/icd/release/11/mms/1065479084	XE4Q4		"- - - - Power supply component of medical device"	category	1	False	X	"=hyperlink(""https://icd.who.int/browse11/l-m/en#/http%3A%2F%2Fid.who.int%2Ficd%2Fentity%2F1065479084"",""browser"")"	True	False					
http://id.who.int/icd/entity/353420906	http://id.who.int/icd/release/11/mms/353420906	XE7EJ		"- - - - Pressure transducer probe component of medical device"	category	1	False	X	"=hyperlink(""https://icd.who.int/browse11/l-m/en#/http%3A%2F%2Fid.who.int%2Ficd%2Fentity%2F353420906"",""browser"")"	True	False					
http://id.who.int/icd/entity/530407686	http://id.who.int/icd/release/11/mms/530407686	XE062		"- - - - Printer component of medical device"	category	1	False	X	"=hyperlink(""https://icd.who.int/browse11/l-m/en#/http%3A%2F%2Fid.who.int%2Ficd%2Fentity%2F530407686"",""browser"")"	True	False					
http://id.who.int/icd/entity/523948408	http://id.who.int/icd/release/11/mms/523948408	XE2KA		"- - - - Receiver component of medical device"	category	1	False	X	"=hyperlink(""https://icd.who.int/browse11/l-m/en#/http%3A%2F%2Fid.who.int%2Ficd%2Fentity%2F523948408"",""browser"")"	True	False					
http://id.who.int/icd/entity/1083411035	http://id.who.int/icd/release/11/mms/1083411035	XE6SG		"- - - - Receiver stimulator unit component of medical device"	category	1	False	X	"=hyperlink(""https://icd.who.int/browse11/l-m/en#/http%3A%2F%2Fid.who.int%2Ficd%2Fentity%2F1083411035"",""browser"")"	True	False					
http://id.who.int/icd/entity/1243491639	http://id.who.int/icd/release/11/mms/1243491639	XE4TH		"- - - - Scanner component of medical device"	category	1	False	X	"=hyperlink(""https://icd.who.int/browse11/l-m/en#/http%3A%2F%2Fid.who.int%2Ficd%2Fentity%2F1243491639"",""browser"")"	True	False					
http://id.who.int/icd/entity/1619984631	http://id.who.int/icd/release/11/mms/1619984631	XE0ST		"- - - - Speaker or sounder component of medical device"	category	1	False	X	"=hyperlink(""https://icd.who.int/browse11/l-m/en#/http%3A%2F%2Fid.who.int%2Ficd%2Fentity%2F1619984631"",""browser"")"	True	False					
http://id.who.int/icd/entity/1778558875	http://id.who.int/icd/release/11/mms/1778558875	XE5R5		"- - - - Switch or relay component of medical device"	category	1	False	X	"=hyperlink(""https://icd.who.int/browse11/l-m/en#/http%3A%2F%2Fid.who.int%2Ficd%2Fentity%2F1778558875"",""browser"")"	False	False					
http://id.who.int/icd/entity/1604506527	http://id.who.int/icd/release/11/mms/1604506527	XE1EF		"- - - - - Power switch component of medical device"	category	2	False	X	"=hyperlink(""https://icd.who.int/browse11/l-m/en#/http%3A%2F%2Fid.who.int%2Ficd%2Fentity%2F1604506527"",""browser"")"	True	False					
http://id.who.int/icd/entity/20270144	http://id.who.int/icd/release/11/mms/20270144	XE4QR		"- - - - - Relay component of medical device"	category	2	False	X	"=hyperlink(""https://icd.who.int/browse11/l-m/en#/http%3A%2F%2Fid.who.int%2Ficd%2Fentity%2F20270144"",""browser"")"	True	False					
http://id.who.int/icd/entity/196668244	http://id.who.int/icd/release/11/mms/196668244	XE884		"- - - - Telemetry component of medical device"	category	1	False	X	"=hyperlink(""https://icd.who.int/browse11/l-m/en#/http%3A%2F%2Fid.who.int%2Ficd%2Fentity%2F196668244"",""browser"")"	True	False					
http://id.who.int/icd/entity/1901207331	http://id.who.int/icd/release/11/mms/1901207331	XE30P		"- - - - Temperature compensator component of medical device"	category	1	False	X	"=hyperlink(""https://icd.who.int/browse11/l-m/en#/http%3A%2F%2Fid.who.int%2Ficd%2Fentity%2F1901207331"",""browser"")"	True	False					
http://id.who.int/icd/entity/732193278	http://id.who.int/icd/release/11/mms/732193278	XE56F		"- - - - Thermostat component of medical device"	category	1	False	X	"=hyperlink(""https://icd.who.int/browse11/l-m/en#/http%3A%2F%2Fid.who.int%2Ficd%2Fentity%2F732193278"",""browser"")"	True	False					
http://id.who.int/icd/entity/1056794568	http://id.who.int/icd/release/11/mms/1056794568	XE256		"- - - - Transformer component of medical device"	category	1	False	X	"=hyperlink(""https://icd.who.int/browse11/l-m/en#/http%3A%2F%2Fid.who.int%2Ficd%2Fentity%2F1056794568"",""browser"")"	True	False					
http://id.who.int/icd/entity/1957333667	http://id.who.int/icd/release/11/mms/1957333667	XE579		"- - - - Transmitter component of medical device"	category	1	False	X	"=hyperlink(""https://icd.who.int/browse11/l-m/en#/http%3A%2F%2Fid.who.int%2Ficd%2Fentity%2F1957333667"",""browser"")"	True	False					
http://id.who.int/icd/entity/777843838	http://id.who.int/icd/release/11/mms/777843838	XE5A0		"- - - - User input device component of medical device"	category	1	False	X	"=hyperlink(""https://icd.who.int/browse11/l-m/en#/http%3A%2F%2Fid.who.int%2Ficd%2Fentity%2F777843838"",""browser"")"	False	False					
http://id.who.int/icd/entity/607431554	http://id.who.int/icd/release/11/mms/607431554	XE9TZ		"- - - - - Joystick component of medical device"	category	2	False	X	"=hyperlink(""https://icd.who.int/browse11/l-m/en#/http%3A%2F%2Fid.who.int%2Ficd%2Fentity%2F607431554"",""browser"")"	True	False					
http://id.who.int/icd/entity/783879406	http://id.who.int/icd/release/11/mms/783879406	XE6CN		"- - - - - Keyboard or keypad component of medical device"	category	2	False	X	"=hyperlink(""https://icd.who.int/browse11/l-m/en#/http%3A%2F%2Fid.who.int%2Ficd%2Fentity%2F783879406"",""browser"")"	True	False					
http://id.who.int/icd/entity/454654186	http://id.who.int/icd/release/11/mms/454654186	XE9FY		"- - - - - Microphone component of medical device"	category	2	False	X	"=hyperlink(""https://icd.who.int/browse11/l-m/en#/http%3A%2F%2Fid.who.int%2Ficd%2Fentity%2F454654186"",""browser"")"	True	False					
http://id.who.int/icd/entity/1216412544	http://id.who.int/icd/release/11/mms/1216412544	XE9ZJ		"- - - - - Touchscreen component of medical device"	category	2	False	X	"=hyperlink(""https://icd.who.int/browse11/l-m/en#/http%3A%2F%2Fid.who.int%2Ficd%2Fentity%2F1216412544"",""browser"")"	True	False					
http://id.who.int/icd/entity/1214579696	http://id.who.int/icd/release/11/mms/1214579696			"- - - Measurement medical device component"	block	3	False	X	"=hyperlink(""https://icd.who.int/browse11/l-m/en#/http%3A%2F%2Fid.who.int%2Ficd%2Fentity%2F1214579696"",""browser"")"	False						
http://id.who.int/icd/entity/1475603036	http://id.who.int/icd/release/11/mms/1475603036	XE37A		"- - - - Analyzer component of medical device"	category	1	False	X	"=hyperlink(""https://icd.who.int/browse11/l-m/en#/http%3A%2F%2Fid.who.int%2Ficd%2Fentity%2F1475603036"",""browser"")"	False	False					
http://id.who.int/icd/entity/963514787	http://id.who.int/icd/release/11/mms/963514787	XE0A7		"- - - - - Oxygen analyzer component of medical device"	category	2	False	X	"=hyperlink(""https://icd.who.int/browse11/l-m/en#/http%3A%2F%2Fid.who.int%2Ficd%2Fentity%2F963514787"",""browser"")"	True	False					
http://id.who.int/icd/entity/2085408298	http://id.who.int/icd/release/11/mms/2085408298	XE6E8		"- - - - Aperture component of medical device"	category	1	False	X	"=hyperlink(""https://icd.who.int/browse11/l-m/en#/http%3A%2F%2Fid.who.int%2Ficd%2Fentity%2F2085408298"",""browser"")"	True	False					
http://id.who.int/icd/entity/685869995	http://id.who.int/icd/release/11/mms/685869995	XE34X		"- - - - Calibrator component of medical device"	category	1	False	X	"=hyperlink(""https://icd.who.int/browse11/l-m/en#/http%3A%2F%2Fid.who.int%2Ficd%2Fentity%2F685869995"",""browser"")"	True	False					
http://id.who.int/icd/entity/577514695	http://id.who.int/icd/release/11/mms/577514695	XE06B		"- - - - Clock component of medical device"	category	1	False	X	"=hyperlink(""https://icd.who.int/browse11/l-m/en#/http%3A%2F%2Fid.who.int%2Ficd%2Fentity%2F577514695"",""browser"")"	True	False					
http://id.who.int/icd/entity/1039844723	http://id.who.int/icd/release/11/mms/1039844723	XE9NB		"- - - - Counter component of medical device"	category	1	False	X	"=hyperlink(""https://icd.who.int/browse11/l-m/en#/http%3A%2F%2Fid.who.int%2Ficd%2Fentity%2F1039844723"",""browser"")"	True	False					
http://id.who.int/icd/entity/930570783	http://id.who.int/icd/release/11/mms/930570783	XE20X		"- - - - Curvette component of medical device"	category	1	False	X	"=hyperlink(""https://icd.who.int/browse11/l-m/en#/http%3A%2F%2Fid.who.int%2Ficd%2Fentity%2F930570783"",""browser"")"	True	False					
http://id.who.int/icd/entity/47650331	http://id.who.int/icd/release/11/mms/47650331	XE00B		"- - - - Gauges or meters component of medical device"	category	1	False	X	"=hyperlink(""https://icd.who.int/browse11/l-m/en#/http%3A%2F%2Fid.who.int%2Ficd%2Fentity%2F47650331"",""browser"")"	False	False					
http://id.who.int/icd/entity/2008933674	http://id.who.int/icd/release/11/mms/2008933674	XE1WJ		"- - - - - Flowmeter component of medical device"	category	2	False	X	"=hyperlink(""https://icd.who.int/browse11/l-m/en#/http%3A%2F%2Fid.who.int%2Ficd%2Fentity%2F2008933674"",""browser"")"	True	False					
http://id.who.int/icd/entity/1674242724	http://id.who.int/icd/release/11/mms/1674242724	XE6V2		"- - - - - Manometer component of medical device"	category	2	False	X	"=hyperlink(""https://icd.who.int/browse11/l-m/en#/http%3A%2F%2Fid.who.int%2Ficd%2Fentity%2F1674242724"",""browser"")"	True	False					
http://id.who.int/icd/entity/421535443	http://id.who.int/icd/release/11/mms/421535443	XE019		"- - - - - Thermometer component of medical device"	category	2	False	X	"=hyperlink(""https://icd.who.int/browse11/l-m/en#/http%3A%2F%2Fid.who.int%2Ficd%2Fentity%2F421535443"",""browser"")"	True	False					
http://id.who.int/icd/entity/766403431	http://id.who.int/icd/release/11/mms/766403431	XE8RD		"- - - - Marker component of medical device"	category	1	False	X	"=hyperlink(""https://icd.who.int/browse11/l-m/en#/http%3A%2F%2Fid.who.int%2Ficd%2Fentity%2F766403431"",""browser"")"	True	False					
http://id.who.int/icd/entity/1754053872	http://id.who.int/icd/release/11/mms/1754053872	XE7MS		"- - - - Pipette component of medical device"	category	1	False	X	"=hyperlink(""https://icd.who.int/browse11/l-m/en#/http%3A%2F%2Fid.who.int%2Ficd%2Fentity%2F1754053872"",""browser"")"	True	False					
http://id.who.int/icd/entity/1008859503	http://id.who.int/icd/release/11/mms/1008859503	XE5UB		"- - - - Pointer component of medical device"	category	1	False	X	"=hyperlink(""https://icd.who.int/browse11/l-m/en#/http%3A%2F%2Fid.who.int%2Ficd%2Fentity%2F1008859503"",""browser"")"	True	False					
http://id.who.int/icd/entity/917265923	http://id.who.int/icd/release/11/mms/917265923	XE2MH		"- - - - Scale component of medical device"	category	1	False	X	"=hyperlink(""https://icd.who.int/browse11/l-m/en#/http%3A%2F%2Fid.who.int%2Ficd%2Fentity%2F917265923"",""browser"")"	True	False					
http://id.who.int/icd/entity/691713975	http://id.who.int/icd/release/11/mms/691713975	XE8GP		"- - - - Sensor component of medical device"	category	1	False	X	"=hyperlink(""https://icd.who.int/browse11/l-m/en#/http%3A%2F%2Fid.who.int%2Ficd%2Fentity%2F691713975"",""browser"")"	False	False					
http://id.who.int/icd/entity/2026428358	http://id.who.int/icd/release/11/mms/2026428358	XE5Q2		"- - - - - Bubble sensor component of medical device"	category	2	False	X	"=hyperlink(""https://icd.who.int/browse11/l-m/en#/http%3A%2F%2Fid.who.int%2Ficd%2Fentity%2F2026428358"",""browser"")"	True	False					
http://id.who.int/icd/entity/487815795	http://id.who.int/icd/release/11/mms/487815795	XE5ZD		"- - - - - Oxygen sensor component of medical device"	category	2	False	X	"=hyperlink(""https://icd.who.int/browse11/l-m/en#/http%3A%2F%2Fid.who.int%2Ficd%2Fentity%2F487815795"",""browser"")"	True	False					
http://id.who.int/icd/entity/1953477553	http://id.who.int/icd/release/11/mms/1953477553	XE9G5		"- - - - - Photodetector component of medical device"	category	2	False	X	"=hyperlink(""https://icd.who.int/browse11/l-m/en#/http%3A%2F%2Fid.who.int%2Ficd%2Fentity%2F1953477553"",""browser"")"	True	False					
http://id.who.int/icd/entity/1612233785	http://id.who.int/icd/release/11/mms/1612233785	XE5WR		"- - - - - Pressure sensor component of medical device"	category	2	False	X	"=hyperlink(""https://icd.who.int/browse11/l-m/en#/http%3A%2F%2Fid.who.int%2Ficd%2Fentity%2F1612233785"",""browser"")"	True	False					
http://id.who.int/icd/entity/452085832	http://id.who.int/icd/release/11/mms/452085832	XE7Q4		"- - - - - Sensor probe component of medical device"	category	2	False	X	"=hyperlink(""https://icd.who.int/browse11/l-m/en#/http%3A%2F%2Fid.who.int%2Ficd%2Fentity%2F452085832"",""browser"")"	True	False					
http://id.who.int/icd/entity/1963193057	http://id.who.int/icd/release/11/mms/1963193057	XE3W9		"- - - - - Temperature sensor component of medical device"	category	2	False	X	"=hyperlink(""https://icd.who.int/browse11/l-m/en#/http%3A%2F%2Fid.who.int%2Ficd%2Fentity%2F1963193057"",""browser"")"	True	False					
http://id.who.int/icd/entity/632590640	http://id.who.int/icd/release/11/mms/632590640	XE3R3		"- - - - Timer component of medical device"	category	1	False	X	"=hyperlink(""https://icd.who.int/browse11/l-m/en#/http%3A%2F%2Fid.who.int%2Ficd%2Fentity%2F632590640"",""browser"")"	True	False					
http://id.who.int/icd/entity/264258686	http://id.who.int/icd/release/11/mms/264258686			"- - - Mechanical medical device component"	block	3	False	X	"=hyperlink(""https://icd.who.int/browse11/l-m/en#/http%3A%2F%2Fid.who.int%2Ficd%2Fentity%2F264258686"",""browser"")"	False						
http://id.who.int/icd/entity/1439941171	http://id.who.int/icd/release/11/mms/1439941171	XE3UX		"- - - - Access port component of medical device"	category	1	False	X	"=hyperlink(""https://icd.who.int/browse11/l-m/en#/http%3A%2F%2Fid.who.int%2Ficd%2Fentity%2F1439941171"",""browser"")"	True	False					
http://id.who.int/icd/entity/1366184973	http://id.who.int/icd/release/11/mms/1366184973	XE0WZ		"- - - - Actuator component of medical device"	category	1	False	X	"=hyperlink(""https://icd.who.int/browse11/l-m/en#/http%3A%2F%2Fid.who.int%2Ficd%2Fentity%2F1366184973"",""browser"")"	True	False					
http://id.who.int/icd/entity/1541665633	http://id.who.int/icd/release/11/mms/1541665633	XE0SV		"- - - - Adaptor component of medical device"	category	1	False	X	"=hyperlink(""https://icd.who.int/browse11/l-m/en#/http%3A%2F%2Fid.who.int%2Ficd%2Fentity%2F1541665633"",""browser"")"	True	False					
http://id.who.int/icd/entity/515976424	http://id.who.int/icd/release/11/mms/515976424	XE6D6		"- - - - Air eliminator component of medical device"	category	1	False	X	"=hyperlink(""https://icd.who.int/browse11/l-m/en#/http%3A%2F%2Fid.who.int%2Ficd%2Fentity%2F515976424"",""browser"")"	True	False					
http://id.who.int/icd/entity/426199216	http://id.who.int/icd/release/11/mms/426199216	XE4F2		"- - - - Anchor component of medical device"	category	1	False	X	"=hyperlink(""https://icd.who.int/browse11/l-m/en#/http%3A%2F%2Fid.who.int%2Ficd%2Fentity%2F426199216"",""browser"")"	True	False					
http://id.who.int/icd/entity/334163932	http://id.who.int/icd/release/11/mms/334163932	XE94Y		"- - - - Applicator component of medical device"	category	1	False	X	"=hyperlink(""https://icd.who.int/browse11/l-m/en#/http%3A%2F%2Fid.who.int%2Ficd%2Fentity%2F334163932"",""browser"")"	True	False					
http://id.who.int/icd/entity/209454696	http://id.who.int/icd/release/11/mms/209454696	XE968		"- - - - Automatic injection system component of medical device"	category	1	False	X	"=hyperlink(""https://icd.who.int/browse11/l-m/en#/http%3A%2F%2Fid.who.int%2Ficd%2Fentity%2F209454696"",""browser"")"	True	False					
http://id.who.int/icd/entity/116498692	http://id.who.int/icd/release/11/mms/116498692	XE7E4		"- - - - Bag component of medical device"	category	1	False	X	"=hyperlink(""https://icd.who.int/browse11/l-m/en#/http%3A%2F%2Fid.who.int%2Ficd%2Fentity%2F116498692"",""browser"")"	True	False					
http://id.who.int/icd/entity/861000960	http://id.who.int/icd/release/11/mms/861000960	XE0HN		"- - - - Ball component of medical device"	category	1	False	X	"=hyperlink(""https://icd.who.int/browse11/l-m/en#/http%3A%2F%2Fid.who.int%2Ficd%2Fentity%2F861000960"",""browser"")"	True	False					
http://id.who.int/icd/entity/2030450789	http://id.who.int/icd/release/11/mms/2030450789	XE5AV		"- - - - Balloon component of medical device"	category	1	False	X	"=hyperlink(""https://icd.who.int/browse11/l-m/en#/http%3A%2F%2Fid.who.int%2Ficd%2Fentity%2F2030450789"",""browser"")"	True	False					
http://id.who.int/icd/entity/385319628	http://id.who.int/icd/release/11/mms/385319628	XE1G8		"- - - - Bearings component of medical device"	category	1	False	X	"=hyperlink(""https://icd.who.int/browse11/l-m/en#/http%3A%2F%2Fid.who.int%2Ficd%2Fentity%2F385319628"",""browser"")"	True	False					
http://id.who.int/icd/entity/1293484168	http://id.who.int/icd/release/11/mms/1293484168	XE0Y2		"- - - - Potting component of medical device"	category	1	False	X	"=hyperlink(""https://icd.who.int/browse11/l-m/en#/http%3A%2F%2Fid.who.int%2Ficd%2Fentity%2F1293484168"",""browser"")"	True	False					
http://id.who.int/icd/entity/1304342774	http://id.who.int/icd/release/11/mms/1304342774	XE46S		"- - - - Probe component of medical device"	category	1	False	X	"=hyperlink(""https://icd.who.int/browse11/l-m/en#/http%3A%2F%2Fid.who.int%2Ficd%2Fentity%2F1304342774"",""browser"")"	True	False					
http://id.who.int/icd/entity/132734355	http://id.who.int/icd/release/11/mms/132734355	XE23M		"- - - - Processor component of medical device"	category	1	False	X	"=hyperlink(""https://icd.who.int/browse11/l-m/en#/http%3A%2F%2Fid.who.int%2Ficd%2Fentity%2F132734355"",""browser"")"	True	False					
http://id.who.int/icd/entity/1562321744	http://id.who.int/icd/release/11/mms/1562321744	XE9DJ		"- - - - Pulley component of medical device"	category	1	False	X	"=hyperlink(""https://icd.who.int/browse11/l-m/en#/http%3A%2F%2Fid.who.int%2Ficd%2Fentity%2F1562321744"",""browser"")"	True	False					
http://id.who.int/icd/entity/670422847	http://id.who.int/icd/release/11/mms/670422847	XE0K1		"- - - - Pump component of medical device"	category	1	False	X	"=hyperlink(""https://icd.who.int/browse11/l-m/en#/http%3A%2F%2Fid.who.int%2Ficd%2Fentity%2F670422847"",""browser"")"	True	False					
http://id.who.int/icd/entity/1208249752	http://id.who.int/icd/release/11/mms/1208249752	XE8RF		"- - - - Pusher component of medical device"	category	1	False	X	"=hyperlink(""https://icd.who.int/browse11/l-m/en#/http%3A%2F%2Fid.who.int%2Ficd%2Fentity%2F1208249752"",""browser"")"	True	False					
http://id.who.int/icd/entity/769638435	http://id.who.int/icd/release/11/mms/769638435	XE76K		"- - - - Rachet component of medical device"	category	1	False	X	"=hyperlink(""https://icd.who.int/browse11/l-m/en#/http%3A%2F%2Fid.who.int%2Ficd%2Fentity%2F769638435"",""browser"")"	True	False					
http://id.who.int/icd/entity/694310429	http://id.who.int/icd/release/11/mms/694310429	XE4JZ		"- - - - Rail component of medical device"	category	1	False	X	"=hyperlink(""https://icd.who.int/browse11/l-m/en#/http%3A%2F%2Fid.who.int%2Ficd%2Fentity%2F694310429"",""browser"")"	False	False					
http://id.who.int/icd/entity/2012596668	http://id.who.int/icd/release/11/mms/2012596668	XE0KN		"- - - - - Side rail component of medical device"	category	2	False	X	"=hyperlink(""https://icd.who.int/browse11/l-m/en#/http%3A%2F%2Fid.who.int%2Ficd%2Fentity%2F2012596668"",""browser"")"	True	False					
http://id.who.int/icd/entity/1669514806	http://id.who.int/icd/release/11/mms/1669514806	XE6YN		"- - - - Regulator component of medical device"	category	1	False	X	"=hyperlink(""https://icd.who.int/browse11/l-m/en#/http%3A%2F%2Fid.who.int%2Ficd%2Fentity%2F1669514806"",""browser"")"	True	False					
http://id.who.int/icd/entity/426259013	http://id.who.int/icd/release/11/mms/426259013	XE65T		"- - - - Reservoir component of medical device"	category	1	False	X	"=hyperlink(""https://icd.who.int/browse11/l-m/en#/http%3A%2F%2Fid.who.int%2Ficd%2Fentity%2F426259013"",""browser"")"	True	False					
http://id.who.int/icd/entity/1813870269	http://id.who.int/icd/release/11/mms/1813870269	XE1XK		"- - - - Bellows component of medical device"	category	1	False	X	"=hyperlink(""https://icd.who.int/browse11/l-m/en#/http%3A%2F%2Fid.who.int%2Ficd%2Fentity%2F1813870269"",""browser"")"	True	False					
http://id.who.int/icd/entity/1989773550	http://id.who.int/icd/release/11/mms/1989773550	XE7DG		"- - - - Ring component of medical device"	category	1	False	X	"=hyperlink(""https://icd.who.int/browse11/l-m/en#/http%3A%2F%2Fid.who.int%2Ficd%2Fentity%2F1989773550"",""browser"")"	True	False					
http://id.who.int/icd/entity/323102041	http://id.who.int/icd/release/11/mms/323102041	XE017		"- - - - Rod or shaft component of medical device"	category	1	False	X	"=hyperlink(""https://icd.who.int/browse11/l-m/en#/http%3A%2F%2Fid.who.int%2Ficd%2Fentity%2F323102041"",""browser"")"	True	False					
http://id.who.int/icd/entity/1402498896	http://id.who.int/icd/release/11/mms/1402498896	XE4BJ		"- - - - Seal component of medical device"	category	1	False	X	"=hyperlink(""https://icd.who.int/browse11/l-m/en#/http%3A%2F%2Fid.who.int%2Ficd%2Fentity%2F1402498896"",""browser"")"	True	False					
http://id.who.int/icd/entity/2030650002	http://id.who.int/icd/release/11/mms/2030650002	XE7N2		"- - - - Shock absorber component of medical device"	category	1	False	X	"=hyperlink(""https://icd.who.int/browse11/l-m/en#/http%3A%2F%2Fid.who.int%2Ficd%2Fentity%2F2030650002"",""browser"")"	True	False					
http://id.who.int/icd/entity/1938089470	http://id.who.int/icd/release/11/mms/1938089470	XE7ZG		"- - - - Sleeve component of medical device"	category	1	False	X	"=hyperlink(""https://icd.who.int/browse11/l-m/en#/http%3A%2F%2Fid.who.int%2Ficd%2Fentity%2F1938089470"",""browser"")"	True	False					
http://id.who.int/icd/entity/1931695500	http://id.who.int/icd/release/11/mms/1931695500	XE6VJ		"- - - - Slide component of medical device"	category	1	False	X	"=hyperlink(""https://icd.who.int/browse11/l-m/en#/http%3A%2F%2Fid.who.int%2Ficd%2Fentity%2F1931695500"",""browser"")"	True	False					
http://id.who.int/icd/entity/984018548	http://id.who.int/icd/release/11/mms/984018548	XE740		"- - - - Socket component of medical device"	category	1	False	X	"=hyperlink(""https://icd.who.int/browse11/l-m/en#/http%3A%2F%2Fid.who.int%2Ficd%2Fentity%2F984018548"",""browser"")"	True	False					
http://id.who.int/icd/entity/342863134	http://id.who.int/icd/release/11/mms/342863134	XE4DU		"- - - - Spacer component of medical device"	category	1	False	X	"=hyperlink(""https://icd.who.int/browse11/l-m/en#/http%3A%2F%2Fid.who.int%2Ficd%2Fentity%2F342863134"",""browser"")"	True	False					
http://id.who.int/icd/entity/1854232941	http://id.who.int/icd/release/11/mms/1854232941	XE7QZ		"- - - - Spring component of medical device"	category	1	False	X	"=hyperlink(""https://icd.who.int/browse11/l-m/en#/http%3A%2F%2Fid.who.int%2Ficd%2Fentity%2F1854232941"",""browser"")"	True	False					
http://id.who.int/icd/entity/2062702309	http://id.who.int/icd/release/11/mms/2062702309	XE4K0		"- - - - Stand component of medical device"	category	1	False	X	"=hyperlink(""https://icd.who.int/browse11/l-m/en#/http%3A%2F%2Fid.who.int%2Ficd%2Fentity%2F2062702309"",""browser"")"	True	False					
http://id.who.int/icd/entity/1121203667	http://id.who.int/icd/release/11/mms/1121203667	XE9CF		"- - - - Belt component of medical device"	category	1	False	X	"=hyperlink(""https://icd.who.int/browse11/l-m/en#/http%3A%2F%2Fid.who.int%2Ficd%2Fentity%2F1121203667"",""browser"")"	True	False					
http://id.who.int/icd/entity/522845010	http://id.who.int/icd/release/11/mms/522845010	XE82E		"- - - - Steering wire component of medical device"	category	1	False	X	"=hyperlink(""https://icd.who.int/browse11/l-m/en#/http%3A%2F%2Fid.who.int%2Ficd%2Fentity%2F522845010"",""browser"")"	True	False					
http://id.who.int/icd/entity/805440498	http://id.who.int/icd/release/11/mms/805440498	XE7UE		"- - - - Stent component of medical device"	category	1	False	X	"=hyperlink(""https://icd.who.int/browse11/l-m/en#/http%3A%2F%2Fid.who.int%2Ficd%2Fentity%2F805440498"",""browser"")"	True	False					
http://id.who.int/icd/entity/982494366	http://id.who.int/icd/release/11/mms/982494366	XE8M4		"- - - - Stopcock component of medical device"	category	1	False	X	"=hyperlink(""https://icd.who.int/browse11/l-m/en#/http%3A%2F%2Fid.who.int%2Ficd%2Fentity%2F982494366"",""browser"")"	True	False					
http://id.who.int/icd/entity/270434652	http://id.who.int/icd/release/11/mms/270434652	XE00C		"- - - - Stopper component of medical device"	category	1	False	X	"=hyperlink(""https://icd.who.int/browse11/l-m/en#/http%3A%2F%2Fid.who.int%2Ficd%2Fentity%2F270434652"",""browser"")"	True	False					
http://id.who.int/icd/entity/445851184	http://id.who.int/icd/release/11/mms/445851184	XE4E4		"- - - - Strain relief component of medical device"	category	1	False	X	"=hyperlink(""https://icd.who.int/browse11/l-m/en#/http%3A%2F%2Fid.who.int%2Ficd%2Fentity%2F445851184"",""browser"")"	True	False					
http://id.who.int/icd/entity/439653954	http://id.who.int/icd/release/11/mms/439653954	XE3GN		"- - - - Stylet component of medical device"	category	1	False	X	"=hyperlink(""https://icd.who.int/browse11/l-m/en#/http%3A%2F%2Fid.who.int%2Ficd%2Fentity%2F439653954"",""browser"")"	True	False					
http://id.who.int/icd/entity/1259855233	http://id.who.int/icd/release/11/mms/1259855233	XE05P		"- - - - Syringe component of medical device"	category	1	False	X	"=hyperlink(""https://icd.who.int/browse11/l-m/en#/http%3A%2F%2Fid.who.int%2Ficd%2Fentity%2F1259855233"",""browser"")"	True	False					
http://id.who.int/icd/entity/1050761716	http://id.who.int/icd/release/11/mms/1050761716	XE3ED		"- - - - Table component of medical device"	category	1	False	X	"=hyperlink(""https://icd.who.int/browse11/l-m/en#/http%3A%2F%2Fid.who.int%2Ficd%2Fentity%2F1050761716"",""browser"")"	True	False					
http://id.who.int/icd/entity/338719794	http://id.who.int/icd/release/11/mms/338719794	XE06W		"- - - - Tip component of medical device"	category	1	False	X	"=hyperlink(""https://icd.who.int/browse11/l-m/en#/http%3A%2F%2Fid.who.int%2Ficd%2Fentity%2F338719794"",""browser"")"	True	False					
http://id.who.int/icd/entity/515756894	http://id.who.int/icd/release/11/mms/515756894	XE6GE		"- - - - Tool component of medical device"	category	1	False	X	"=hyperlink(""https://icd.who.int/browse11/l-m/en#/http%3A%2F%2Fid.who.int%2Ficd%2Fentity%2F515756894"",""browser"")"	True	False					
http://id.who.int/icd/entity/655333480	http://id.who.int/icd/release/11/mms/655333480	XE7G4		"- - - - Bottle component of medical device"	category	1	False	X	"=hyperlink(""https://icd.who.int/browse11/l-m/en#/http%3A%2F%2Fid.who.int%2Ficd%2Fentity%2F655333480"",""browser"")"	True	False					
http://id.who.int/icd/entity/505045808	http://id.who.int/icd/release/11/mms/505045808	XE0UG		"- - - - Translational motion component of medical device"	category	1	False	X	"=hyperlink(""https://icd.who.int/browse11/l-m/en#/http%3A%2F%2Fid.who.int%2Ficd%2Fentity%2F505045808"",""browser"")"	True	False					
http://id.who.int/icd/entity/1414368843	http://id.who.int/icd/release/11/mms/1414368843	XE2FM		"- - - - Trap component of medical device"	category	1	False	X	"=hyperlink(""https://icd.who.int/browse11/l-m/en#/http%3A%2F%2Fid.who.int%2Ficd%2Fentity%2F1414368843"",""browser"")"	True	False					
http://id.who.int/icd/entity/2055523621	http://id.who.int/icd/release/11/mms/2055523621	XE4M3		"- - - - Trocar component of medical device"	category	1	False	X	"=hyperlink(""https://icd.who.int/browse11/l-m/en#/http%3A%2F%2Fid.who.int%2Ficd%2Fentity%2F2055523621"",""browser"")"	True	False					
http://id.who.int/icd/entity/7223638	http://id.who.int/icd/release/11/mms/7223638	XE8TY		"- - - - Tube component of medical device"	category	1	False	X	"=hyperlink(""https://icd.who.int/browse11/l-m/en#/http%3A%2F%2Fid.who.int%2Ficd%2Fentity%2F7223638"",""browser"")"	False	False					
http://id.who.int/icd/entity/337196764	http://id.who.int/icd/release/11/mms/337196764	XE2PZ		"- - - - - Capillary tube component of medical device"	category	2	False	X	"=hyperlink(""https://icd.who.int/browse11/l-m/en#/http%3A%2F%2Fid.who.int%2Ficd%2Fentity%2F337196764"",""browser"")"	True	False					
http://id.who.int/icd/entity/1908579177	http://id.who.int/icd/release/11/mms/1908579177	XE01P		"- - - - Valve component of medical device"	category	1	False	X	"=hyperlink(""https://icd.who.int/browse11/l-m/en#/http%3A%2F%2Fid.who.int%2Ficd%2Fentity%2F1908579177"",""browser"")"	False	False					
http://id.who.int/icd/entity/1244207373	http://id.who.int/icd/release/11/mms/1244207373	XE3YJ		"- - - - - Control valve component of medical device"	category	2	False	X	"=hyperlink(""https://icd.who.int/browse11/l-m/en#/http%3A%2F%2Fid.who.int%2Ficd%2Fentity%2F1244207373"",""browser"")"	True	False					
http://id.who.int/icd/entity/1084538465	http://id.who.int/icd/release/11/mms/1084538465	XE229		"- - - - - Luer valve component of medical device"	category	2	False	X	"=hyperlink(""https://icd.who.int/browse11/l-m/en#/http%3A%2F%2Fid.who.int%2Ficd%2Fentity%2F1084538465"",""browser"")"	True	False					
http://id.who.int/icd/entity/1781896097	http://id.who.int/icd/release/11/mms/1781896097	XE2LS		"- - - - - One-way valve component of medical device"	category	2	False	X	"=hyperlink(""https://icd.who.int/browse11/l-m/en#/http%3A%2F%2Fid.who.int%2Ficd%2Fentity%2F1781896097"",""browser"")"	True	False					
http://id.who.int/icd/entity/1622684877	http://id.who.int/icd/release/11/mms/1622684877	XE6MT		"- - - - Vaporiser component of medical device"	category	1	False	X	"=hyperlink(""https://icd.who.int/browse11/l-m/en#/http%3A%2F%2Fid.who.int%2Ficd%2Fentity%2F1622684877"",""browser"")"	True	False					
http://id.who.int/icd/entity/1612678333	http://id.who.int/icd/release/11/mms/1612678333	XE0FP		"- - - - Vibrator component of medical device"	category	1	False	X	"=hyperlink(""https://icd.who.int/browse11/l-m/en#/http%3A%2F%2Fid.who.int%2Ficd%2Fentity%2F1612678333"",""browser"")"	True	False					
http://id.who.int/icd/entity/709388760	http://id.who.int/icd/release/11/mms/709388760	XE83A		"- - - - Washer component of medical device"	category	1	False	X	"=hyperlink(""https://icd.who.int/browse11/l-m/en#/http%3A%2F%2Fid.who.int%2Ficd%2Fentity%2F709388760"",""browser"")"	True	False					
http://id.who.int/icd/entity/787873768	http://id.who.int/icd/release/11/mms/787873768	XE1PW		"- - - - Weld component of medical device"	category	1	False	X	"=hyperlink(""https://icd.who.int/browse11/l-m/en#/http%3A%2F%2Fid.who.int%2Ficd%2Fentity%2F787873768"",""browser"")"	True	False					
http://id.who.int/icd/entity/611866764	http://id.who.int/icd/release/11/mms/611866764	XE6HA		"- - - - Wheel component of medical device"	category	1	False	X	"=hyperlink(""https://icd.who.int/browse11/l-m/en#/http%3A%2F%2Fid.who.int%2Ficd%2Fentity%2F611866764"",""browser"")"	True	False					
http://id.who.int/icd/entity/1734520611	http://id.who.int/icd/release/11/mms/1734520611	XE0C3		"- - - - Breathing circuit component of medical device"	category	1	False	X	"=hyperlink(""https://icd.who.int/browse11/l-m/en#/http%3A%2F%2Fid.who.int%2Ficd%2Fentity%2F1734520611"",""browser"")"	True	False					
http://id.who.int/icd/entity/1080558623	http://id.who.int/icd/release/11/mms/1080558623	XE99Z		"- - - - Window component of medical device"	category	1	False	X	"=hyperlink(""https://icd.who.int/browse11/l-m/en#/http%3A%2F%2Fid.who.int%2Ficd%2Fentity%2F1080558623"",""browser"")"	True	False					
http://id.who.int/icd/entity/1256563571	http://id.who.int/icd/release/11/mms/1256563571	XE2Q3		"- - - - Shutter component of medical device"	category	1	False	X	"=hyperlink(""https://icd.who.int/browse11/l-m/en#/http%3A%2F%2Fid.who.int%2Ficd%2Fentity%2F1256563571"",""browser"")"	True	False					
http://id.who.int/icd/entity/1844381775	http://id.who.int/icd/release/11/mms/1844381775	XE5YT		"- - - - Brush component of medical device"	category	1	False	X	"=hyperlink(""https://icd.who.int/browse11/l-m/en#/http%3A%2F%2Fid.who.int%2Ficd%2Fentity%2F1844381775"",""browser"")"	True	False					
http://id.who.int/icd/entity/1920590331	http://id.who.int/icd/release/11/mms/1920590331	XE0AX		"- - - - Brushing component of medical device"	category	1	False	X	"=hyperlink(""https://icd.who.int/browse11/l-m/en#/http%3A%2F%2Fid.who.int%2Ficd%2Fentity%2F1920590331"",""browser"")"	True	False					
http://id.who.int/icd/entity/673722200	http://id.who.int/icd/release/11/mms/673722200	XE4NU		"- - - - Cable, mechanical structural component of medical device"	category	1	False	X	"=hyperlink(""https://icd.who.int/browse11/l-m/en#/http%3A%2F%2Fid.who.int%2Ficd%2Fentity%2F673722200"",""browser"")"	True	False					
http://id.who.int/icd/entity/1652539955	http://id.who.int/icd/release/11/mms/1652539955	XE2UB		"- - - - Cannula component of medical device"	category	1	False	X	"=hyperlink(""https://icd.who.int/browse11/l-m/en#/http%3A%2F%2Fid.who.int%2Ficd%2Fentity%2F1652539955"",""browser"")"	False	False					
http://id.who.int/icd/entity/1724011533	http://id.who.int/icd/release/11/mms/1724011533	XE9FK		"- - - - - Cannula hub component of medical device"	category	2	False	X	"=hyperlink(""https://icd.who.int/browse11/l-m/en#/http%3A%2F%2Fid.who.int%2Ficd%2Fentity%2F1724011533"",""browser"")"	True	False					
http://id.who.int/icd/entity/1817178977	http://id.who.int/icd/release/11/mms/1817178977	XE44H		"- - - - Cap component of medical device"	category	1	False	X	"=hyperlink(""https://icd.who.int/browse11/l-m/en#/http%3A%2F%2Fid.who.int%2Ficd%2Fentity%2F1817178977"",""browser"")"	True	False					
http://id.who.int/icd/entity/140488694	http://id.who.int/icd/release/11/mms/140488694	XE00E		"- - - - Carrier component of medical device"	category	1	False	X	"=hyperlink(""https://icd.who.int/browse11/l-m/en#/http%3A%2F%2Fid.who.int%2Ficd%2Fentity%2F140488694"",""browser"")"	True	False					
http://id.who.int/icd/entity/47319194	http://id.who.int/icd/release/11/mms/47319194	XE3K0		"- - - - Caster component of medical device"	category	1	False	X	"=hyperlink(""https://icd.who.int/browse11/l-m/en#/http%3A%2F%2Fid.who.int%2Ficd%2Fentity%2F47319194"",""browser"")"	True	False					
http://id.who.int/icd/entity/41269480	http://id.who.int/icd/release/11/mms/41269480	XE088		"- - - - Catheter component of medical device"	category	1	False	X	"=hyperlink(""https://icd.who.int/browse11/l-m/en#/http%3A%2F%2Fid.who.int%2Ficd%2Fentity%2F41269480"",""browser"")"	False	False					
http://id.who.int/icd/entity/1374436222	http://id.who.int/icd/release/11/mms/1374436222	XE8NS		"- - - - - Catheter hub component of medical device"	category	2	False	X	"=hyperlink(""https://icd.who.int/browse11/l-m/en#/http%3A%2F%2Fid.who.int%2Ficd%2Fentity%2F1374436222"",""browser"")"	True	False					
http://id.who.int/icd/entity/1588611968	http://id.who.int/icd/release/11/mms/1588611968	XE1TF		"- - - - Cell component of medical device"	category	1	False	X	"=hyperlink(""https://icd.who.int/browse11/l-m/en#/http%3A%2F%2Fid.who.int%2Ficd%2Fentity%2F1588611968"",""browser"")"	True	False					
http://id.who.int/icd/entity/1413344276	http://id.who.int/icd/release/11/mms/1413344276	XE65A		"- - - - Chain component of medical device"	category	1	False	X	"=hyperlink(""https://icd.who.int/browse11/l-m/en#/http%3A%2F%2Fid.who.int%2Ficd%2Fentity%2F1413344276"",""browser"")"	True	False					
http://id.who.int/icd/entity/1350597164	http://id.who.int/icd/release/11/mms/1350597164	XE6N0		"- - - - Chamber component of medical device"	category	1	False	X	"=hyperlink(""https://icd.who.int/browse11/l-m/en#/http%3A%2F%2Fid.who.int%2Ficd%2Fentity%2F1350597164"",""browser"")"	True	False					
http://id.who.int/icd/entity/895211417	http://id.who.int/icd/release/11/mms/895211417	XE4BK		"- - - - Chassis or frame component of medical device"	category	1	False	X	"=hyperlink(""https://icd.who.int/browse11/l-m/en#/http%3A%2F%2Fid.who.int%2Ficd%2Fentity%2F895211417"",""browser"")"	True	False					
http://id.who.int/icd/entity/1643549208	http://id.who.int/icd/release/11/mms/1643549208	XE5CL		"- - - - Clutch component of medical device"	category	1	False	X	"=hyperlink(""https://icd.who.int/browse11/l-m/en#/http%3A%2F%2Fid.who.int%2Ficd%2Fentity%2F1643549208"",""browser"")"	True	False					
http://id.who.int/icd/entity/1803236724	http://id.who.int/icd/release/11/mms/1803236724	XE3C8		"- - - - Coating material component of medical device"	category	1	False	X	"=hyperlink(""https://icd.who.int/browse11/l-m/en#/http%3A%2F%2Fid.who.int%2Ficd%2Fentity%2F1803236724"",""browser"")"	True	False					
http://id.who.int/icd/entity/1961745600	http://id.who.int/icd/release/11/mms/1961745600	XE1S0		"- - - - Coil component of medical device"	category	1	False	X	"=hyperlink(""https://icd.who.int/browse11/l-m/en#/http%3A%2F%2Fid.who.int%2Ficd%2Fentity%2F1961745600"",""browser"")"	False	False					
http://id.who.int/icd/entity/2120252332	http://id.who.int/icd/release/11/mms/2120252332	XE8AQ		"- - - - - Helifix coil component of medical device"	category	2	False	X	"=hyperlink(""https://icd.who.int/browse11/l-m/en#/http%3A%2F%2Fid.who.int%2Ficd%2Fentity%2F2120252332"",""browser"")"	True	False					
http://id.who.int/icd/entity/974613159	http://id.who.int/icd/release/11/mms/974613159	XE0YX		"- - - - Collimator component of medical device"	category	1	False	X	"=hyperlink(""https://icd.who.int/browse11/l-m/en#/http%3A%2F%2Fid.who.int%2Ficd%2Fentity%2F974613159"",""browser"")"	True	False					
http://id.who.int/icd/entity/815451595	http://id.who.int/icd/release/11/mms/815451595	XE7YF		"- - - - Concentrator component of medical device"	category	1	False	X	"=hyperlink(""https://icd.who.int/browse11/l-m/en#/http%3A%2F%2Fid.who.int%2Ficd%2Fentity%2F815451595"",""browser"")"	True	False					
http://id.who.int/icd/entity/874994677	http://id.who.int/icd/release/11/mms/874994677	XE5TK		"- - - - Cone component of medical device"	category	1	False	X	"=hyperlink(""https://icd.who.int/browse11/l-m/en#/http%3A%2F%2Fid.who.int%2Ficd%2Fentity%2F874994677"",""browser"")"	True	False					
http://id.who.int/icd/entity/1322102662	http://id.who.int/icd/release/11/mms/1322102662	XE7EE		"- - - - Connector or coupler component of medical device"	category	1	False	X	"=hyperlink(""https://icd.who.int/browse11/l-m/en#/http%3A%2F%2Fid.who.int%2Ficd%2Fentity%2F1322102662"",""browser"")"	False	False					
http://id.who.int/icd/entity/1522180108	http://id.who.int/icd/release/11/mms/1522180108	XE4T6		"- - - - - Connector pin component of medical device"	category	2	False	X	"=hyperlink(""https://icd.who.int/browse11/l-m/en#/http%3A%2F%2Fid.who.int%2Ficd%2Fentity%2F1522180108"",""browser"")"	True	False					
http://id.who.int/icd/entity/1334357050	http://id.who.int/icd/release/11/mms/1334357050	XE83L		"- - - - Controller component of medical device"	category	1	False	X	"=hyperlink(""https://icd.who.int/browse11/l-m/en#/http%3A%2F%2Fid.who.int%2Ficd%2Fentity%2F1334357050"",""browser"")"	True	False					
http://id.who.int/icd/entity/1157958486	http://id.who.int/icd/release/11/mms/1157958486	XE46J		"- - - - Compressor component of medical device"	category	1	False	X	"=hyperlink(""https://icd.who.int/browse11/l-m/en#/http%3A%2F%2Fid.who.int%2Ficd%2Fentity%2F1157958486"",""browser"")"	True	False					
http://id.who.int/icd/entity/1102617962	http://id.who.int/icd/release/11/mms/1102617962	XE1S2		"- - - - Cover component of medical device"	category	1	False	X	"=hyperlink(""https://icd.who.int/browse11/l-m/en#/http%3A%2F%2Fid.who.int%2Ficd%2Fentity%2F1102617962"",""browser"")"	True	False					
http://id.who.int/icd/entity/995256601	http://id.who.int/icd/release/11/mms/995256601	XE8LZ		"- - - - Cuff component of medical device"	category	1	False	X	"=hyperlink(""https://icd.who.int/browse11/l-m/en#/http%3A%2F%2Fid.who.int%2Ficd%2Fentity%2F995256601"",""browser"")"	True	False					
http://id.who.int/icd/entity/790980241	http://id.who.int/icd/release/11/mms/790980241	XE8YR		"- - - - Cup component of medical device"	category	1	False	X	"=hyperlink(""https://icd.who.int/browse11/l-m/en#/http%3A%2F%2Fid.who.int%2Ficd%2Fentity%2F790980241"",""browser"")"	True	False					
http://id.who.int/icd/entity/1258212134	http://id.who.int/icd/release/11/mms/1258212134	XE8T8		"- - - - Cusp and leaflet component of medical device"	category	1	False	X	"=hyperlink(""https://icd.who.int/browse11/l-m/en#/http%3A%2F%2Fid.who.int%2Ficd%2Fentity%2F1258212134"",""browser"")"	True	False					
http://id.who.int/icd/entity/1711762719	http://id.who.int/icd/release/11/mms/1711762719	XE3LB		"- - - - Cutter or blade component of medical device"	category	1	False	X	"=hyperlink(""https://icd.who.int/browse11/l-m/en#/http%3A%2F%2Fid.who.int%2Ficd%2Fentity%2F1711762719"",""browser"")"	True	False					
http://id.who.int/icd/entity/1821035123	http://id.who.int/icd/release/11/mms/1821035123	XE9WL		"- - - - Cylinder component of medical device"	category	1	False	X	"=hyperlink(""https://icd.who.int/browse11/l-m/en#/http%3A%2F%2Fid.who.int%2Ficd%2Fentity%2F1821035123"",""browser"")"	True	False					
http://id.who.int/icd/entity/1176233907	http://id.who.int/icd/release/11/mms/1176233907	XE3CX		"- - - - Device collapser component of medical device"	category	1	False	X	"=hyperlink(""https://icd.who.int/browse11/l-m/en#/http%3A%2F%2Fid.who.int%2Ficd%2Fentity%2F1176233907"",""browser"")"	True	False					
http://id.who.int/icd/entity/1284915423	http://id.who.int/icd/release/11/mms/1284915423	XE8J5		"- - - - Device deployer component of medical device"	category	1	False	X	"=hyperlink(""https://icd.who.int/browse11/l-m/en#/http%3A%2F%2Fid.who.int%2Ficd%2Fentity%2F1284915423"",""browser"")"	True	False					
http://id.who.int/icd/entity/1278341295	http://id.who.int/icd/release/11/mms/1278341295	XE1KD		"- - - - Diaphragm component of medical device"	category	1	False	X	"=hyperlink(""https://icd.who.int/browse11/l-m/en#/http%3A%2F%2Fid.who.int%2Ficd%2Fentity%2F1278341295"",""browser"")"	True	False					
http://id.who.int/icd/entity/107355594	http://id.who.int/icd/release/11/mms/107355594	XE85G		"- - - - Dome component of medical device"	category	1	False	X	"=hyperlink(""https://icd.who.int/browse11/l-m/en#/http%3A%2F%2Fid.who.int%2Ficd%2Fentity%2F107355594"",""browser"")"	True	False					
http://id.who.int/icd/entity/1010674110	http://id.who.int/icd/release/11/mms/1010674110	XE5K4		"- - - - Ejector component of medical device"	category	1	False	X	"=hyperlink(""https://icd.who.int/browse11/l-m/en#/http%3A%2F%2Fid.who.int%2Ficd%2Fentity%2F1010674110"",""browser"")"	True	False					
http://id.who.int/icd/entity/917507794	http://id.who.int/icd/release/11/mms/917507794	XE1VC		"- - - - Equipment pole component of medical device"	category	1	False	X	"=hyperlink(""https://icd.who.int/browse11/l-m/en#/http%3A%2F%2Fid.who.int%2Ficd%2Fentity%2F917507794"",""browser"")"	True	False					
http://id.who.int/icd/entity/839751918	http://id.who.int/icd/release/11/mms/839751918	XE8ZU		"- - - - Extender component of medical device"	category	1	False	X	"=hyperlink(""https://icd.who.int/browse11/l-m/en#/http%3A%2F%2Fid.who.int%2Ficd%2Fentity%2F839751918"",""browser"")"	True	False					
http://id.who.int/icd/entity/596715714	http://id.who.int/icd/release/11/mms/596715714	XE026		"- - - - Fabric component of medical device"	category	1	False	X	"=hyperlink(""https://icd.who.int/browse11/l-m/en#/http%3A%2F%2Fid.who.int%2Ficd%2Fentity%2F596715714"",""browser"")"	True	False					
http://id.who.int/icd/entity/689737646	http://id.who.int/icd/release/11/mms/689737646	XE8VD		"- - - - Fan or blower component of medical device"	category	1	False	X	"=hyperlink(""https://icd.who.int/browse11/l-m/en#/http%3A%2F%2Fid.who.int%2Ficd%2Fentity%2F689737646"",""browser"")"	True	False					
http://id.who.int/icd/entity/765532562	http://id.who.int/icd/release/11/mms/765532562	XE5DL		"- - - - Fastner component of medical device"	category	1	False	X	"=hyperlink(""https://icd.who.int/browse11/l-m/en#/http%3A%2F%2Fid.who.int%2Ficd%2Fentity%2F765532562"",""browser"")"	False	False					
http://id.who.int/icd/entity/2038607501	http://id.who.int/icd/release/11/mms/2038607501	XE1A5		"- - - - - Adhesive fastner component of medical device"	category	2	False	X	"=hyperlink(""https://icd.who.int/browse11/l-m/en#/http%3A%2F%2Fid.who.int%2Ficd%2Fentity%2F2038607501"",""browser"")"	True	False					
http://id.who.int/icd/entity/475595578	http://id.who.int/icd/release/11/mms/475595578	XE4V8		"- - - - - Bolt fastner component of medical device"	category	2	False	X	"=hyperlink(""https://icd.who.int/browse11/l-m/en#/http%3A%2F%2Fid.who.int%2Ficd%2Fentity%2F475595578"",""browser"")"	True	False					
http://id.who.int/icd/entity/417633542	http://id.who.int/icd/release/11/mms/417633542	XE4PG		"- - - - - Clamp fastner component of medical device"	category	2	False	X	"=hyperlink(""https://icd.who.int/browse11/l-m/en#/http%3A%2F%2Fid.who.int%2Ficd%2Fentity%2F417633542"",""browser"")"	True	False					
http://id.who.int/icd/entity/1387493475	http://id.who.int/icd/release/11/mms/1387493475	XE3VN		"- - - - - Clip fastner component of medical device"	category	2	False	X	"=hyperlink(""https://icd.who.int/browse11/l-m/en#/http%3A%2F%2Fid.who.int%2Ficd%2Fentity%2F1387493475"",""browser"")"	True	False					
http://id.who.int/icd/entity/1187280875	http://id.who.int/icd/release/11/mms/1187280875	XE9KR		"- - - - - Fixation wire fastner component of medical device"	category	2	False	X	"=hyperlink(""https://icd.who.int/browse11/l-m/en#/http%3A%2F%2Fid.who.int%2Ficd%2Fentity%2F1187280875"",""browser"")"	True	False					
http://id.who.int/icd/entity/1009681308	http://id.who.int/icd/release/11/mms/1009681308	XE6R2		"- - - - - Latch fastner component of medical device"	category	2	False	X	"=hyperlink(""https://icd.who.int/browse11/l-m/en#/http%3A%2F%2Fid.who.int%2Ficd%2Fentity%2F1009681308"",""browser"")"	True	False					
http://id.who.int/icd/entity/1407138099	http://id.who.int/icd/release/11/mms/1407138099	XE7GP		"- - - - - Nail fastner component of medical device"	category	2	False	X	"=hyperlink(""https://icd.who.int/browse11/l-m/en#/http%3A%2F%2Fid.who.int%2Ficd%2Fentity%2F1407138099"",""browser"")"	True	False					
http://id.who.int/icd/entity/906269830	http://id.who.int/icd/release/11/mms/906269830	XE0F0		"- - - - - Nut fastner component of medical device"	category	2	False	X	"=hyperlink(""https://icd.who.int/browse11/l-m/en#/http%3A%2F%2Fid.who.int%2Ficd%2Fentity%2F906269830"",""browser"")"	True	False					
http://id.who.int/icd/entity/954782358	http://id.who.int/icd/release/11/mms/954782358	XE6A2		"- - - - - Pin fastner component of medical device"	category	2	False	X	"=hyperlink(""https://icd.who.int/browse11/l-m/en#/http%3A%2F%2Fid.who.int%2Ficd%2Fentity%2F954782358"",""browser"")"	True	False					
http://id.who.int/icd/entity/845510138	http://id.who.int/icd/release/11/mms/845510138	XE059		"- - - - - Prong fastner component of medical device"	category	2	False	X	"=hyperlink(""https://icd.who.int/browse11/l-m/en#/http%3A%2F%2Fid.who.int%2Ficd%2Fentity%2F845510138"",""browser"")"	True	False					
http://id.who.int/icd/entity/770939982	http://id.who.int/icd/release/11/mms/770939982	XE33C		"- - - - - Retainer fastner component of medical device"	category	2	False	X	"=hyperlink(""https://icd.who.int/browse11/l-m/en#/http%3A%2F%2Fid.who.int%2Ficd%2Fentity%2F770939982"",""browser"")"	True	False					
http://id.who.int/icd/entity/662584098	http://id.who.int/icd/release/11/mms/662584098	XE9MM		"- - - - - Rivet fastner component of medical device"	category	2	False	X	"=hyperlink(""https://icd.who.int/browse11/l-m/en#/http%3A%2F%2Fid.who.int%2Ficd%2Fentity%2F662584098"",""browser"")"	True	False					
http://id.who.int/icd/entity/1726050965	http://id.who.int/icd/release/11/mms/1726050965	XE3NX		"- - - - - Screw fastner component of medical device"	category	2	False	X	"=hyperlink(""https://icd.who.int/browse11/l-m/en#/http%3A%2F%2Fid.who.int%2Ficd%2Fentity%2F1726050965"",""browser"")"	True	False					
http://id.who.int/icd/entity/750166002	http://id.who.int/icd/release/11/mms/750166002	XE2HY		"- - - - - Staple fastner component of medical device"	category	2	False	X	"=hyperlink(""https://icd.who.int/browse11/l-m/en#/http%3A%2F%2Fid.who.int%2Ficd%2Fentity%2F750166002"",""browser"")"	True	False					
http://id.who.int/icd/entity/952209528	http://id.who.int/icd/release/11/mms/952209528	XE0NL		"- - - - - Suture thread fastner component of medical device"	category	2	False	X	"=hyperlink(""https://icd.who.int/browse11/l-m/en#/http%3A%2F%2Fid.who.int%2Ficd%2Fentity%2F952209528"",""browser"")"	True	False					
http://id.who.int/icd/entity/1110139913	http://id.who.int/icd/release/11/mms/1110139913	XE8MX		"- - - - - Tape for fixation component of medical device"	category	2	False	X	"=hyperlink(""https://icd.who.int/browse11/l-m/en#/http%3A%2F%2Fid.who.int%2Ficd%2Fentity%2F1110139913"",""browser"")"	True	False					
http://id.who.int/icd/entity/518952863	http://id.who.int/icd/release/11/mms/518952863	XE15J		"- - - - Fiber component of medical device"	category	1	False	X	"=hyperlink(""https://icd.who.int/browse11/l-m/en#/http%3A%2F%2Fid.who.int%2Ficd%2Fentity%2F518952863"",""browser"")"	True	False					
http://id.who.int/icd/entity/835020607	http://id.who.int/icd/release/11/mms/835020607	XE65M		"- - - - Filter component of medical device"	category	1	False	X	"=hyperlink(""https://icd.who.int/browse11/l-m/en#/http%3A%2F%2Fid.who.int%2Ficd%2Fentity%2F835020607"",""browser"")"	True	False					
http://id.who.int/icd/entity/994623571	http://id.who.int/icd/release/11/mms/994623571	XE10F		"- - - - Flange component of medical device"	category	1	False	X	"=hyperlink(""https://icd.who.int/browse11/l-m/en#/http%3A%2F%2Fid.who.int%2Ficd%2Fentity%2F994623571"",""browser"")"	True	False					
http://id.who.int/icd/entity/1709625378	http://id.who.int/icd/release/11/mms/1709625378	XE4PC		"- - - - Foil component of medical device"	category	1	False	X	"=hyperlink(""https://icd.who.int/browse11/l-m/en#/http%3A%2F%2Fid.who.int%2Ficd%2Fentity%2F1709625378"",""browser"")"	True	False					
http://id.who.int/icd/entity/1869313870	http://id.who.int/icd/release/11/mms/1869313870	XE3HQ		"- - - - Gas exchanger component of medical device"	category	1	False	X	"=hyperlink(""https://icd.who.int/browse11/l-m/en#/http%3A%2F%2Fid.who.int%2Ficd%2Fentity%2F1869313870"",""browser"")"	True	False					
http://id.who.int/icd/entity/340423197	http://id.who.int/icd/release/11/mms/340423197	XE3QZ		"- - - - Gasket component of medical device"	category	1	False	X	"=hyperlink(""https://icd.who.int/browse11/l-m/en#/http%3A%2F%2Fid.who.int%2Ficd%2Fentity%2F340423197"",""browser"")"	True	False					
http://id.who.int/icd/entity/1256058300	http://id.who.int/icd/release/11/mms/1256058300	XE5M6		"- - - - Gears component of medical device"	category	1	False	X	"=hyperlink(""https://icd.who.int/browse11/l-m/en#/http%3A%2F%2Fid.who.int%2Ficd%2Fentity%2F1256058300"",""browser"")"	True	False					
http://id.who.int/icd/entity/623662869	http://id.who.int/icd/release/11/mms/623662869	XE0RK		"- - - - Generator component of medical device"	category	1	False	X	"=hyperlink(""https://icd.who.int/browse11/l-m/en#/http%3A%2F%2Fid.who.int%2Ficd%2Fentity%2F623662869"",""browser"")"	True	False					
http://id.who.int/icd/entity/1606853476	http://id.who.int/icd/release/11/mms/1606853476	XE1ND		"- - - - Guide component of medical device"	category	1	False	X	"=hyperlink(""https://icd.who.int/browse11/l-m/en#/http%3A%2F%2Fid.who.int%2Ficd%2Fentity%2F1606853476"",""browser"")"	True	False					
http://id.who.int/icd/entity/87088569	http://id.who.int/icd/release/11/mms/87088569	XE64H		"- - - - Guidewire component of medical device"	category	1	False	X	"=hyperlink(""https://icd.who.int/browse11/l-m/en#/http%3A%2F%2Fid.who.int%2Ficd%2Fentity%2F87088569"",""browser"")"	True	False					
http://id.who.int/icd/entity/1626042380	http://id.who.int/icd/release/11/mms/1626042380	XE11W		"- - - - Handpiece component of medical device"	category	1	False	X	"=hyperlink(""https://icd.who.int/browse11/l-m/en#/http%3A%2F%2Fid.who.int%2Ficd%2Fentity%2F1626042380"",""browser"")"	True	False					
http://id.who.int/icd/entity/1338015916	http://id.who.int/icd/release/11/mms/1338015916	XE37B		"- - - - Header component of medical device"	category	1	False	X	"=hyperlink(""https://icd.who.int/browse11/l-m/en#/http%3A%2F%2Fid.who.int%2Ficd%2Fentity%2F1338015916"",""browser"")"	True	False					
http://id.who.int/icd/entity/1162684352	http://id.who.int/icd/release/11/mms/1162684352	XE2AL		"- - - - Sewing ring component of medical device"	category	1	False	X	"=hyperlink(""https://icd.who.int/browse11/l-m/en#/http%3A%2F%2Fid.who.int%2Ficd%2Fentity%2F1162684352"",""browser"")"	True	False					
http://id.who.int/icd/entity/1106293248	http://id.who.int/icd/release/11/mms/1106293248	XE12Q		"- - - - Heat exchanger component of medical device"	category	1	False	X	"=hyperlink(""https://icd.who.int/browse11/l-m/en#/http%3A%2F%2Fid.who.int%2Ficd%2Fentity%2F1106293248"",""browser"")"	True	False					
http://id.who.int/icd/entity/991577487	http://id.who.int/icd/release/11/mms/991577487	XE5ZS		"- - - - Hinge component of medical device"	category	1	False	X	"=hyperlink(""https://icd.who.int/browse11/l-m/en#/http%3A%2F%2Fid.who.int%2Ficd%2Fentity%2F991577487"",""browser"")"	True	False					
http://id.who.int/icd/entity/795691527	http://id.who.int/icd/release/11/mms/795691527	XE4FZ		"- - - - Holder component of medical device"	category	1	False	X	"=hyperlink(""https://icd.who.int/browse11/l-m/en#/http%3A%2F%2Fid.who.int%2Ficd%2Fentity%2F795691527"",""browser"")"	True	False					
http://id.who.int/icd/entity/1253500852	http://id.who.int/icd/release/11/mms/1253500852	XE3A4		"- - - - Hose component of medical device"	category	1	False	X	"=hyperlink(""https://icd.who.int/browse11/l-m/en#/http%3A%2F%2Fid.who.int%2Ficd%2Fentity%2F1253500852"",""browser"")"	True	False					
http://id.who.int/icd/entity/1716470153	http://id.who.int/icd/release/11/mms/1716470153	XE5S9		"- - - - Housing component of medical device"	category	1	False	X	"=hyperlink(""https://icd.who.int/browse11/l-m/en#/http%3A%2F%2Fid.who.int%2Ficd%2Fentity%2F1716470153"",""browser"")"	True	False					
http://id.who.int/icd/entity/1824712421	http://id.who.int/icd/release/11/mms/1824712421	XE0YE		"- - - - Humidifier component of medical device"	category	1	False	X	"=hyperlink(""https://icd.who.int/browse11/l-m/en#/http%3A%2F%2Fid.who.int%2Ficd%2Fentity%2F1824712421"",""browser"")"	True	False					
http://id.who.int/icd/entity/1179896613	http://id.who.int/icd/release/11/mms/1179896613	XE1TK		"- - - - Hydraulic system component of medical device"	category	1	False	X	"=hyperlink(""https://icd.who.int/browse11/l-m/en#/http%3A%2F%2Fid.who.int%2Ficd%2Fentity%2F1179896613"",""browser"")"	True	False					
http://id.who.int/icd/entity/167556034	http://id.who.int/icd/release/11/mms/167556034	XE4NN		"- - - - Impeller component of medical device"	category	1	False	X	"=hyperlink(""https://icd.who.int/browse11/l-m/en#/http%3A%2F%2Fid.who.int%2Ficd%2Fentity%2F167556034"",""browser"")"	True	False					
http://id.who.int/icd/entity/651641698	http://id.who.int/icd/release/11/mms/651641698	XE3WA		"- - - - Inserter component of medical device"	category	1	False	X	"=hyperlink(""https://icd.who.int/browse11/l-m/en#/http%3A%2F%2Fid.who.int%2Ficd%2Fentity%2F651641698"",""browser"")"	True	False					
http://id.who.int/icd/entity/744154126	http://id.who.int/icd/release/11/mms/744154126	XE1Y2		"- - - - Insulation component of medical device"	category	1	False	X	"=hyperlink(""https://icd.who.int/browse11/l-m/en#/http%3A%2F%2Fid.who.int%2Ficd%2Fentity%2F744154126"",""browser"")"	True	False					
http://id.who.int/icd/entity/1928655999	http://id.who.int/icd/release/11/mms/1928655999	XE7JF		"- - - - Isolator component of medical device"	category	1	False	X	"=hyperlink(""https://icd.who.int/browse11/l-m/en#/http%3A%2F%2Fid.who.int%2Ficd%2Fentity%2F1928655999"",""browser"")"	True	False					
http://id.who.int/icd/entity/2021217043	http://id.who.int/icd/release/11/mms/2021217043	XE7N3		"- - - - Jaw component of medical device"	category	1	False	X	"=hyperlink(""https://icd.who.int/browse11/l-m/en#/http%3A%2F%2Fid.who.int%2Ficd%2Fentity%2F2021217043"",""browser"")"	True	False					
http://id.who.int/icd/entity/56120900	http://id.who.int/icd/release/11/mms/56120900	XE7GQ		"- - - - Joint component of medical device"	category	1	False	X	"=hyperlink(""https://icd.who.int/browse11/l-m/en#/http%3A%2F%2Fid.who.int%2Ficd%2Fentity%2F56120900"",""browser"")"	True	False					
http://id.who.int/icd/entity/436509438	http://id.who.int/icd/release/11/mms/436509438	XE3AW		"- - - - Knob component of medical device"	category	1	False	X	"=hyperlink(""https://icd.who.int/browse11/l-m/en#/http%3A%2F%2Fid.who.int%2Ficd%2Fentity%2F436509438"",""browser"")"	True	False					
http://id.who.int/icd/entity/1978998871	http://id.who.int/icd/release/11/mms/1978998871	XE6R7		"- - - - Label component of medical device"	category	1	False	X	"=hyperlink(""https://icd.who.int/browse11/l-m/en#/http%3A%2F%2Fid.who.int%2Ficd%2Fentity%2F1978998871"",""browser"")"	True	False					
http://id.who.int/icd/entity/253744166	http://id.who.int/icd/release/11/mms/253744166	XE1VQ		"- - - - Leaflet component of medical device"	category	1	False	X	"=hyperlink(""https://icd.who.int/browse11/l-m/en#/http%3A%2F%2Fid.who.int%2Ficd%2Fentity%2F253744166"",""browser"")"	True	False					
http://id.who.int/icd/entity/1441377019	http://id.who.int/icd/release/11/mms/1441377019	XE5XR		"- - - - Lever component of medical device"	category	1	False	X	"=hyperlink(""https://icd.who.int/browse11/l-m/en#/http%3A%2F%2Fid.who.int%2Ficd%2Fentity%2F1441377019"",""browser"")"	False	False					
http://id.who.int/icd/entity/521795566	http://id.who.int/icd/release/11/mms/521795566	XE08E		"- - - - - Foot pedal component of medical device"	category	2	False	X	"=hyperlink(""https://icd.who.int/browse11/l-m/en#/http%3A%2F%2Fid.who.int%2Ficd%2Fentity%2F521795566"",""browser"")"	True	False					
http://id.who.int/icd/entity/808585038	http://id.who.int/icd/release/11/mms/808585038	XE80W		"- - - - Liner component of medical device"	category	1	False	X	"=hyperlink(""https://icd.who.int/browse11/l-m/en#/http%3A%2F%2Fid.who.int%2Ficd%2Fentity%2F808585038"",""browser"")"	True	False					
http://id.who.int/icd/entity/439212048	http://id.who.int/icd/release/11/mms/439212048	XE17E		"- - - - Magazine or cassette component of medical device"	category	1	False	X	"=hyperlink(""https://icd.who.int/browse11/l-m/en#/http%3A%2F%2Fid.who.int%2Ficd%2Fentity%2F439212048"",""browser"")"	True	False					
http://id.who.int/icd/entity/96154020	http://id.who.int/icd/release/11/mms/96154020	XE87E		"- - - - Manifold component of medical device"	category	1	False	X	"=hyperlink(""https://icd.who.int/browse11/l-m/en#/http%3A%2F%2Fid.who.int%2Ficd%2Fentity%2F96154020"",""browser"")"	True	False					
http://id.who.int/icd/entity/255235784	http://id.who.int/icd/release/11/mms/255235784	XE26U		"- - - - Mask component of medical device"	category	1	False	X	"=hyperlink(""https://icd.who.int/browse11/l-m/en#/http%3A%2F%2Fid.who.int%2Ficd%2Fentity%2F255235784"",""browser"")"	True	False					
http://id.who.int/icd/entity/1319755647	http://id.who.int/icd/release/11/mms/1319755647	XE74K		"- - - - Mechanical mixer component of medical device"	category	1	False	X	"=hyperlink(""https://icd.who.int/browse11/l-m/en#/http%3A%2F%2Fid.who.int%2Ficd%2Fentity%2F1319755647"",""browser"")"	True	False					
http://id.who.int/icd/entity/272515294	http://id.who.int/icd/release/11/mms/272515294	XE9VQ		"- - - - Membrane component of medical device"	category	1	False	X	"=hyperlink(""https://icd.who.int/browse11/l-m/en#/http%3A%2F%2Fid.who.int%2Ficd%2Fentity%2F272515294"",""browser"")"	True	False					
http://id.who.int/icd/entity/71913304	http://id.who.int/icd/release/11/mms/71913304	XE8R6		"- - - - Mesh component of medical device"	category	1	False	X	"=hyperlink(""https://icd.who.int/browse11/l-m/en#/http%3A%2F%2Fid.who.int%2Ficd%2Fentity%2F71913304"",""browser"")"	True	False					
http://id.who.int/icd/entity/2124659495	http://id.who.int/icd/release/11/mms/2124659495	XE0R5		"- - - - Motor component of medical device"	category	1	False	X	"=hyperlink(""https://icd.who.int/browse11/l-m/en#/http%3A%2F%2Fid.who.int%2Ficd%2Fentity%2F2124659495"",""browser"")"	True	False					
http://id.who.int/icd/entity/1423404663	http://id.who.int/icd/release/11/mms/1423404663	XE8X1		"- - - - Mount component of medical device"	category	1	False	X	"=hyperlink(""https://icd.who.int/browse11/l-m/en#/http%3A%2F%2Fid.who.int%2Ficd%2Fentity%2F1423404663"",""browser"")"	True	False					
http://id.who.int/icd/entity/1416683015	http://id.who.int/icd/release/11/mms/1416683015	XE4BH		"- - - - Needle component of medical device"	category	1	False	X	"=hyperlink(""https://icd.who.int/browse11/l-m/en#/http%3A%2F%2Fid.who.int%2Ficd%2Fentity%2F1416683015"",""browser"")"	True	False					
http://id.who.int/icd/entity/505885540	http://id.who.int/icd/release/11/mms/505885540	XE78G		"- - - - Nozzle component of medical device"	category	1	False	X	"=hyperlink(""https://icd.who.int/browse11/l-m/en#/http%3A%2F%2Fid.who.int%2Ficd%2Fentity%2F505885540"",""browser"")"	True	False					
http://id.who.int/icd/entity/773118184	http://id.who.int/icd/release/11/mms/773118184	XE7C4		"- - - - Packaging component of medical device"	category	1	False	X	"=hyperlink(""https://icd.who.int/browse11/l-m/en#/http%3A%2F%2Fid.who.int%2Ficd%2Fentity%2F773118184"",""browser"")"	True	False					
http://id.who.int/icd/entity/1425943705	http://id.who.int/icd/release/11/mms/1425943705	XE5AR		"- - - - Pad component of medical device"	category	1	False	X	"=hyperlink(""https://icd.who.int/browse11/l-m/en#/http%3A%2F%2Fid.who.int%2Ficd%2Fentity%2F1425943705"",""browser"")"	True	False					
http://id.who.int/icd/entity/990877232	http://id.who.int/icd/release/11/mms/990877232	XE080		"- - - - Panel component of medical device"	category	1	False	X	"=hyperlink(""https://icd.who.int/browse11/l-m/en#/http%3A%2F%2Fid.who.int%2Ficd%2Fentity%2F990877232"",""browser"")"	True	False					
http://id.who.int/icd/entity/1590967173	http://id.who.int/icd/release/11/mms/1590967173	XE965		"- - - - Plate component of medical device"	category	1	False	X	"=hyperlink(""https://icd.who.int/browse11/l-m/en#/http%3A%2F%2Fid.who.int%2Ficd%2Fentity%2F1590967173"",""browser"")"	True	False					
http://id.who.int/icd/entity/688479251	http://id.who.int/icd/release/11/mms/688479251	XE09R		"- - - - Plug component of medical device"	category	1	False	X	"=hyperlink(""https://icd.who.int/browse11/l-m/en#/http%3A%2F%2Fid.who.int%2Ficd%2Fentity%2F688479251"",""browser"")"	True	False					
http://id.who.int/icd/entity/595917695	http://id.who.int/icd/release/11/mms/595917695	XE9R2		"- - - - Plunger component of medical device"	category	1	False	X	"=hyperlink(""https://icd.who.int/browse11/l-m/en#/http%3A%2F%2Fid.who.int%2Ficd%2Fentity%2F595917695"",""browser"")"	True	False					
http://id.who.int/icd/entity/1200924652	http://id.who.int/icd/release/11/mms/1200924652	XE25A		"- - - - Post component of medical device"	category	1	False	X	"=hyperlink(""https://icd.who.int/browse11/l-m/en#/http%3A%2F%2Fid.who.int%2Ficd%2Fentity%2F1200924652"",""browser"")"	True	False					
http://id.who.int/icd/entity/860536151	http://id.who.int/icd/release/11/mms/860536151			"- - - Optical medical device component"	block	3	False	X	"=hyperlink(""https://icd.who.int/browse11/l-m/en#/http%3A%2F%2Fid.who.int%2Ficd%2Fentity%2F860536151"",""browser"")"	False						
http://id.who.int/icd/entity/1986552544	http://id.who.int/icd/release/11/mms/1986552544	XE120		"- - - - Camera component of medical device"	category	1	False	X	"=hyperlink(""https://icd.who.int/browse11/l-m/en#/http%3A%2F%2Fid.who.int%2Ficd%2Fentity%2F1986552544"",""browser"")"	True	False					
http://id.who.int/icd/entity/137350573	http://id.who.int/icd/release/11/mms/137350573	XE5CR		"- - - - Film component of medical device"	category	1	False	X	"=hyperlink(""https://icd.who.int/browse11/l-m/en#/http%3A%2F%2Fid.who.int%2Ficd%2Fentity%2F137350573"",""browser"")"	True	False					
http://id.who.int/icd/entity/1379683296	http://id.who.int/icd/release/11/mms/1379683296	XE7NH		"- - - - Imager component of medical device"	category	1	False	X	"=hyperlink(""https://icd.who.int/browse11/l-m/en#/http%3A%2F%2Fid.who.int%2Ficd%2Fentity%2F1379683296"",""browser"")"	True	False					
http://id.who.int/icd/entity/2018025138	http://id.who.int/icd/release/11/mms/2018025138	XE6GJ		"- - - - Laser component of medical device"	category	1	False	X	"=hyperlink(""https://icd.who.int/browse11/l-m/en#/http%3A%2F%2Fid.who.int%2Ficd%2Fentity%2F2018025138"",""browser"")"	True	False					
http://id.who.int/icd/entity/1030373689	http://id.who.int/icd/release/11/mms/1030373689	XE6QH		"- - - - Light emitting diode component of medical device"	category	1	False	X	"=hyperlink(""https://icd.who.int/browse11/l-m/en#/http%3A%2F%2Fid.who.int%2Ficd%2Fentity%2F1030373689"",""browser"")"	True	False					
http://id.who.int/icd/entity/1472519776	http://id.who.int/icd/release/11/mms/1472519776	XE616		"- - - - Lenses component of medical device"	category	1	False	X	"=hyperlink(""https://icd.who.int/browse11/l-m/en#/http%3A%2F%2Fid.who.int%2Ficd%2Fentity%2F1472519776"",""browser"")"	True	False					
http://id.who.int/icd/entity/2108689202	http://id.who.int/icd/release/11/mms/2108689202	XE5LN		"- - - - Light source component of medical device"	category	1	False	X	"=hyperlink(""https://icd.who.int/browse11/l-m/en#/http%3A%2F%2Fid.who.int%2Ficd%2Fentity%2F2108689202"",""browser"")"	False	False					
http://id.who.int/icd/entity/665030013	http://id.who.int/icd/release/11/mms/665030013	XE5G9		"- - - - - Bulb component of medical device"	category	2	False	X	"=hyperlink(""https://icd.who.int/browse11/l-m/en#/http%3A%2F%2Fid.who.int%2Ficd%2Fentity%2F665030013"",""browser"")"	True	False					
http://id.who.int/icd/entity/232216621	http://id.who.int/icd/release/11/mms/232216621	XE9EM		"- - - - Mirror component of medical device"	category	1	False	X	"=hyperlink(""https://icd.who.int/browse11/l-m/en#/http%3A%2F%2Fid.who.int%2Ficd%2Fentity%2F232216621"",""browser"")"	True	False					
http://id.who.int/icd/entity/1224050598	http://id.who.int/icd/release/11/mms/1224050598	XE7A6		"- - - - Optical fiber component of medical device"	category	1	False	X	"=hyperlink(""https://icd.who.int/browse11/l-m/en#/http%3A%2F%2Fid.who.int%2Ficd%2Fentity%2F1224050598"",""browser"")"	True	False					
http://id.who.int/icd/entity/562646632	http://id.who.int/icd/release/11/mms/562646632			"- - - Safety medical device component"	block	3	False	X	"=hyperlink(""https://icd.who.int/browse11/l-m/en#/http%3A%2F%2Fid.who.int%2Ficd%2Fentity%2F562646632"",""browser"")"	False						
http://id.who.int/icd/entity/201169718	http://id.who.int/icd/release/11/mms/201169718	XE28G		"- - - - Alarm component of medical device"	category	1	False	X	"=hyperlink(""https://icd.who.int/browse11/l-m/en#/http%3A%2F%2Fid.who.int%2Ficd%2Fentity%2F201169718"",""browser"")"	False	False					
http://id.who.int/icd/entity/1374559611	http://id.who.int/icd/release/11/mms/1374559611	XE5DW		"- - - - - Alarm component of medical device, audible"	category	2	False	X	"=hyperlink(""https://icd.who.int/browse11/l-m/en#/http%3A%2F%2Fid.who.int%2Ficd%2Fentity%2F1374559611"",""browser"")"	True	False					
http://id.who.int/icd/entity/2073741355	http://id.who.int/icd/release/11/mms/2073741355	XE3WT		"- - - - - Alarm component of medical device, visual"	category	2	False	X	"=hyperlink(""https://icd.who.int/browse11/l-m/en#/http%3A%2F%2Fid.who.int%2Ficd%2Fentity%2F2073741355"",""browser"")"	True	False					
http://id.who.int/icd/entity/1052252066	http://id.who.int/icd/release/11/mms/1052252066	XE2N6		"- - - - Emergency button or switch component of medical device"	category	1	False	X	"=hyperlink(""https://icd.who.int/browse11/l-m/en#/http%3A%2F%2Fid.who.int%2Ficd%2Fentity%2F1052252066"",""browser"")"	True	False					
http://id.who.int/icd/entity/1410763003	http://id.who.int/icd/release/11/mms/1410763003	XE37H		"- - - - Fail-safe system component of medical device"	category	1	False	X	"=hyperlink(""https://icd.who.int/browse11/l-m/en#/http%3A%2F%2Fid.who.int%2Ficd%2Fentity%2F1410763003"",""browser"")"	True	False					
http://id.who.int/icd/entity/2120375723	http://id.who.int/icd/release/11/mms/2120375723	XE51V		"- - - - Locking mechanism component of medical device"	category	1	False	X	"=hyperlink(""https://icd.who.int/browse11/l-m/en#/http%3A%2F%2Fid.who.int%2Ficd%2Fentity%2F2120375723"",""browser"")"	True	False					
http://id.who.int/icd/entity/611441640	http://id.who.int/icd/release/11/mms/611441640	XE8RN		"- - - - Protector or shield component of medical device"	category	1	False	X	"=hyperlink(""https://icd.who.int/browse11/l-m/en#/http%3A%2F%2Fid.who.int%2Ficd%2Fentity%2F611441640"",""browser"")"	True	False					
http://id.who.int/icd/entity/235212470	http://id.who.int/icd/release/11/mms/235212470	XE0ZU		"- - - - Safety interlock component of medical device"	category	1	False	X	"=hyperlink(""https://icd.who.int/browse11/l-m/en#/http%3A%2F%2Fid.who.int%2Ficd%2Fentity%2F235212470"",""browser"")"	False	False					
http://id.who.int/icd/entity/1260900671	http://id.who.int/icd/release/11/mms/1260900671	XE4HV		"- - - - - Needle stick prevention mechanism"	category	2	False	X	"=hyperlink(""https://icd.who.int/browse11/l-m/en#/http%3A%2F%2Fid.who.int%2Ficd%2Fentity%2F1260900671"",""browser"")"	True	False					
http://id.who.int/icd/entity/1921150911	http://id.who.int/icd/release/11/mms/1921150911	XE58K		"- - - - Safety valve component of medical device"	category	1	False	X	"=hyperlink(""https://icd.who.int/browse11/l-m/en#/http%3A%2F%2Fid.who.int%2Ficd%2Fentity%2F1921150911"",""browser"")"	True	False					
http://id.who.int/icd/entity/1492564719	http://id.who.int/icd/release/11/mms/1492564719			"- - - Other component of medical device"	block	3	False	X	"=hyperlink(""https://icd.who.int/browse11/l-m/en#/http%3A%2F%2Fid.who.int%2Ficd%2Fentity%2F1492564719"",""browser"")"	False						
http://id.who.int/icd/entity/48577698	http://id.who.int/icd/release/11/mms/48577698	XE27U		"- - - - Part, component or sub-assembly term not applicable"	category	1	False	X	"=hyperlink(""https://icd.who.int/browse11/l-m/en#/http%3A%2F%2Fid.who.int%2Ficd%2Fentity%2F48577698"",""browser"")"	True	False					
http://id.who.int/icd/entity/680651252	http://id.who.int/icd/release/11/mms/680651252	XE8NG		"- - - - Appropriate term or code not available for medical device component"	category	1	False	X	"=hyperlink(""https://icd.who.int/browse11/l-m/en#/http%3A%2F%2Fid.who.int%2Ficd%2Fentity%2F680651252"",""browser"")"	True	False					
